eid,src_lat,src_lon,stat_lat,stat_lon,depth,mag,station_code,start_time,end_time,Sampling Frequency,Number of Time Steps,Delta t,Min Frequency,Max Frequency,Number of Frequency Steps,rup
smi:local/event/20230206012651,37.265,36.8442,0,0,8.9,5.6,CEYT,2023-02-06 01:27:09,2023-02-06 01:27:48.300,0,0,0,0,0,0,0
smi:local/event/20230206012651,37.265,36.8442,0,0,8.9,5.6,SARI,2023-02-06 01:27:09,2023-02-06 01:27:48.300,0,0,0,0,0,0,0
smi:local/event/20230206012651,37.265,36.8442,0,0,8.9,5.6,SARI,2023-02-06 01:27:09,2023-02-06 01:27:48.300,0,0,0,0,0,0,0
smi:local/event/20230206012651,37.265,36.8442,0,0,8.9,5.6,DARE,2023-02-06 01:27:09,2023-02-06 01:27:48.300,0,0,0,0,0,0,0
smi:local/event/20230206012651,37.265,36.8442,0,0,8.9,5.6,DARE,2023-02-06 01:27:09,2023-02-06 01:27:48.300,0,0,0,0,0,0,0
smi:local/event/20230206012651,37.265,36.8442,0,0,8.9,5.6,CMRD,2023-02-06 01:27:09,2023-02-06 01:27:48.300,0,0,0,0,0,0,0
smi:local/event/20230206012651,37.265,36.8442,0,0,8.9,5.6,URFA,2023-02-06 01:27:09,2023-02-06 01:27:48.300,0,0,0,0,0,0,0
smi:local/event/20230206012651,37.265,36.8442,0,0,8.9,5.6,BNN,2023-02-06 01:27:09,2023-02-06 01:27:48.300,0,0,0,0,0,0,0
smi:local/event/20230206012651,37.265,36.8442,0,0,8.9,5.6,GULA,2023-02-06 01:27:09,2023-02-06 01:27:48.300,0,0,0,0,0,0,0
smi:local/event/20230206012651,37.265,36.8442,0,0,8.9,5.6,SLFK,2023-02-06 01:27:09,2023-02-06 01:27:48.300,0,0,0,0,0,0,0
smi:local/event/20230206012651,37.265,36.8442,0,0,8.9,5.6,TUNC,2023-02-06 01:27:09,2023-02-06 01:27:48.300,0,0,0,0,0,0,0
smi:local/event/20230206012651,37.265,36.8442,0,0,8.9,5.6,KOZK,2023-02-06 01:27:09,2023-02-06 01:27:48.300,0,0,0,0,0,0,0
smi:local/event/20230206012651,37.265,36.8442,0,0,8.9,5.6,SILI,2023-02-06 01:27:09,2023-02-06 01:27:48.300,0,0,0,0,0,0,0
smi:local/event/20230206012651,37.265,36.8442,0,0,8.9,5.6,SVSK,2023-02-06 01:27:09,2023-02-06 01:27:48.300,0,0,0,0,0,0,0
smi:local/event/20230206012651,37.265,36.8442,0,0,8.9,5.6,DYBB,2023-02-06 01:27:09,2023-02-06 01:27:48.300,0,0,0,0,0,0,0
smi:local/event/20230206012651,37.265,36.8442,0,0,8.9,5.6,KARG,2023-02-06 01:27:09,2023-02-06 01:27:48.300,0,0,0,0,0,0,0
smi:local/event/20230206012651,37.265,36.8442,0,0,8.9,5.6,AKK1,2023-02-06 01:27:09,2023-02-06 01:27:48.300,0,0,0,0,0,0,0
smi:local/event/20230206012651,37.265,36.8442,0,0,8.9,5.6,BECA,2023-02-06 01:27:09,2023-02-06 01:27:48.300,0,0,0,0,0,0,0
smi:local/event/20230206012651,37.265,36.8442,0,0,8.9,5.6,MAZI,2023-02-06 01:27:09,2023-02-06 01:27:48.300,0,0,0,0,0,0,0
smi:local/event/20230206012651,37.265,36.8442,0,0,8.9,5.6,AKK2,2023-02-06 01:27:09,2023-02-06 01:27:48.300,0,0,0,0,0,0,0
smi:local/event/20230206012651,37.265,36.8442,0,0,8.9,5.6,TEKE,2023-02-06 01:27:09,2023-02-06 01:27:48.300,0,0,0,0,0,0,0
smi:local/event/20230206012651,37.265,36.8442,0,0,8.9,5.6,BOZY,2023-02-06 01:27:09,2023-02-06 01:27:48.300,0,0,0,0,0,0,0
smi:local/event/20230206012651,37.265,36.8442,0,0,8.9,5.6,SVAN,2023-02-06 01:27:09,2023-02-06 01:27:48.300,0,0,0,0,0,0,0
smi:local/event/20230206025359,36.636,36.4728,0,0,11.1,4.5,TAHT,2023-02-06 02:54:07,2023-02-06 02:54:41.200,0,0,0,0,0,0,0
smi:local/event/20230206025359,36.636,36.4728,0,0,11.1,4.5,TAHT,2023-02-06 02:54:07,2023-02-06 02:54:41.200,0,0,0,0,0,0,0
smi:local/event/20230206025359,36.636,36.4728,0,0,11.1,4.5,CEYT,2023-02-06 02:54:07,2023-02-06 02:54:41.200,0,0,0,0,0,0,0
smi:local/event/20230206025359,36.636,36.4728,0,0,11.1,4.5,CEYT,2023-02-06 02:54:07,2023-02-06 02:54:41.200,0,0,0,0,0,0,0
smi:local/event/20230206025359,36.636,36.4728,0,0,11.1,4.5,KRTS,2023-02-06 02:54:07,2023-02-06 02:54:41.200,0,0,0,0,0,0,0
smi:local/event/20230206025359,36.636,36.4728,0,0,11.1,4.5,KOZT,2023-02-06 02:54:07,2023-02-06 02:54:41.200,0,0,0,0,0,0,0
smi:local/event/20230206025359,36.636,36.4728,0,0,11.1,4.5,CMRD,2023-02-06 02:54:07,2023-02-06 02:54:41.200,0,0,0,0,0,0,0
smi:local/event/20230206025359,36.636,36.4728,0,0,11.1,4.5,MERS,2023-02-06 02:54:07,2023-02-06 02:54:41.200,0,0,0,0,0,0,0
smi:local/event/20230206025359,36.636,36.4728,0,0,11.1,4.5,SLFK,2023-02-06 02:54:07,2023-02-06 02:54:41.200,0,0,0,0,0,0,0
smi:local/event/20230206025359,36.636,36.4728,0,0,11.1,4.5,SILI,2023-02-06 02:54:07,2023-02-06 02:54:41.200,0,0,0,0,0,0,0
smi:local/event/20230206025359,36.636,36.4728,0,0,11.1,4.5,KEBE,2023-02-06 02:54:07,2023-02-06 02:54:41.200,0,0,0,0,0,0,0
smi:local/event/20230206025359,36.636,36.4728,0,0,11.1,4.5,KARG,2023-02-06 02:54:07,2023-02-06 02:54:41.200,0,0,0,0,0,0,0
smi:local/event/20230206025359,36.636,36.4728,0,0,11.1,4.5,IKL,2023-02-06 02:54:07,2023-02-06 02:54:41.200,0,0,0,0,0,0,0
smi:local/event/20230206025359,36.636,36.4728,0,0,11.1,4.5,YESI,2023-02-06 02:54:07,2023-02-06 02:54:41.200,0,0,0,0,0,0,0
smi:local/event/20230206025359,36.636,36.4728,0,0,11.1,4.5,AKK1,2023-02-06 02:54:07,2023-02-06 02:54:41.200,0,0,0,0,0,0,0
smi:local/event/20230206025359,36.636,36.4728,0,0,11.1,4.5,TEPK,2023-02-06 02:54:07,2023-02-06 02:54:41.200,0,0,0,0,0,0,0
smi:local/event/20230206025359,36.636,36.4728,0,0,11.1,4.5,BECE,2023-02-06 02:54:07,2023-02-06 02:54:41.200,0,0,0,0,0,0,0
smi:local/event/20230206025359,36.636,36.4728,0,0,11.1,4.5,BECA,2023-02-06 02:54:07,2023-02-06 02:54:41.200,0,0,0,0,0,0,0
smi:local/event/20230206025359,36.636,36.4728,0,0,11.1,4.5,AKK2,2023-02-06 02:54:07,2023-02-06 02:54:41.200,0,0,0,0,0,0,0
smi:local/event/20230206025359,36.636,36.4728,0,0,11.1,4.5,TEVE,2023-02-06 02:54:07,2023-02-06 02:54:41.200,0,0,0,0,0,0,0
smi:local/event/20230206025359,36.636,36.4728,0,0,11.1,4.5,OREN,2023-02-06 02:54:07,2023-02-06 02:54:41.200,0,0,0,0,0,0,0
smi:local/event/20230206025359,36.636,36.4728,0,0,11.1,4.5,YORU,2023-02-06 02:54:07,2023-02-06 02:54:41.200,0,0,0,0,0,0,0
smi:local/event/20230206040115,37.2323,36.8512,0,0,18.3,4.0,GAZ,2023-02-06 04:01:22,2023-02-06 04:01:59.800,0,0,0,0,0,0,0
smi:local/event/20230206040115,37.2323,36.8512,0,0,18.3,4.0,GAZ,2023-02-06 04:01:22,2023-02-06 04:01:59.800,0,0,0,0,0,0,0
smi:local/event/20230206040115,37.2323,36.8512,0,0,18.3,4.0,KOZT,2023-02-06 04:01:22,2023-02-06 04:01:59.800,0,0,0,0,0,0,0
smi:local/event/20230206040115,37.2323,36.8512,0,0,18.3,4.0,CEYT,2023-02-06 04:01:22,2023-02-06 04:01:59.800,0,0,0,0,0,0,0
smi:local/event/20230206040115,37.2323,36.8512,0,0,18.3,4.0,CEYT,2023-02-06 04:01:22,2023-02-06 04:01:59.800,0,0,0,0,0,0,0
smi:local/event/20230206040115,37.2323,36.8512,0,0,18.3,4.0,TAHT,2023-02-06 04:01:22,2023-02-06 04:01:59.800,0,0,0,0,0,0,0
smi:local/event/20230206040115,37.2323,36.8512,0,0,18.3,4.0,SARI,2023-02-06 04:01:22,2023-02-06 04:01:59.800,0,0,0,0,0,0,0
smi:local/event/20230206040115,37.2323,36.8512,0,0,18.3,4.0,SARI,2023-02-06 04:01:22,2023-02-06 04:01:59.800,0,0,0,0,0,0,0
smi:local/event/20230206040115,37.2323,36.8512,0,0,18.3,4.0,YAYL,2023-02-06 04:01:22,2023-02-06 04:01:59.800,0,0,0,0,0,0,0
smi:local/event/20230206040115,37.2323,36.8512,0,0,18.3,4.0,DARE,2023-02-06 04:01:22,2023-02-06 04:01:59.800,0,0,0,0,0,0,0
smi:local/event/20230206040115,37.2323,36.8512,0,0,18.3,4.0,DARE,2023-02-06 04:01:22,2023-02-06 04:01:59.800,0,0,0,0,0,0,0
smi:local/event/20230206040115,37.2323,36.8512,0,0,18.3,4.0,CMRD,2023-02-06 04:01:22,2023-02-06 04:01:59.800,0,0,0,0,0,0,0
smi:local/event/20230206040115,37.2323,36.8512,0,0,18.3,4.0,URFA,2023-02-06 04:01:22,2023-02-06 04:01:59.800,0,0,0,0,0,0,0
smi:local/event/20230206040115,37.2323,36.8512,0,0,18.3,4.0,BNN,2023-02-06 04:01:22,2023-02-06 04:01:59.800,0,0,0,0,0,0,0
smi:local/event/20230206040115,37.2323,36.8512,0,0,18.3,4.0,MERS,2023-02-06 04:01:22,2023-02-06 04:01:59.800,0,0,0,0,0,0,0
smi:local/event/20230206041550,37.3172,37.0372,0,0,13.8,3.0,KHMN,2023-02-06 04:15:54,2023-02-06 04:16:12.900,0,0,0,0,0,0,0
smi:local/event/20230206041550,37.3172,37.0372,0,0,13.8,3.0,KHMN,2023-02-06 04:15:54,2023-02-06 04:16:12.900,0,0,0,0,0,0,0
smi:local/event/20230206041550,37.3172,37.0372,0,0,13.8,3.0,GAZ,2023-02-06 04:15:54,2023-02-06 04:16:12.900,0,0,0,0,0,0,0
smi:local/event/20230206041550,37.3172,37.0372,0,0,13.8,3.0,GAZ,2023-02-06 04:15:54,2023-02-06 04:16:12.900,0,0,0,0,0,0,0
smi:local/event/20230206041550,37.3172,37.0372,0,0,13.8,3.0,KMRS,2023-02-06 04:15:54,2023-02-06 04:16:12.900,0,0,0,0,0,0,0
smi:local/event/20230206041550,37.3172,37.0372,0,0,13.8,3.0,KMRS,2023-02-06 04:15:54,2023-02-06 04:16:12.900,0,0,0,0,0,0,0
smi:local/event/20230206041550,37.3172,37.0372,0,0,13.8,3.0,KOZT,2023-02-06 04:15:54,2023-02-06 04:16:12.900,0,0,0,0,0,0,0
smi:local/event/20230206041550,37.3172,37.0372,0,0,13.8,3.0,CEYT,2023-02-06 04:15:54,2023-02-06 04:16:12.900,0,0,0,0,0,0,0
smi:local/event/20230206041550,37.3172,37.0372,0,0,13.8,3.0,SARI,2023-02-06 04:15:54,2023-02-06 04:16:12.900,0,0,0,0,0,0,0
smi:local/event/20230206045809,37.6997,37.3367,0,0,15.2,3.8,GAZ,2023-02-06 04:58:21,2023-02-06 04:59:05.900,0,0,0,0,0,0,0
smi:local/event/20230206045809,37.6997,37.3367,0,0,15.2,3.8,GAZ,2023-02-06 04:58:21,2023-02-06 04:59:05.900,0,0,0,0,0,0,0
smi:local/event/20230206045809,37.6997,37.3367,0,0,15.2,3.8,SARI,2023-02-06 04:58:21,2023-02-06 04:59:05.900,0,0,0,0,0,0,0
smi:local/event/20230206045809,37.6997,37.3367,0,0,15.2,3.8,URFA,2023-02-06 04:58:21,2023-02-06 04:59:05.900,0,0,0,0,0,0,0
smi:local/event/20230206045809,37.6997,37.3367,0,0,15.2,3.8,URFA,2023-02-06 04:58:21,2023-02-06 04:59:05.900,0,0,0,0,0,0,0
smi:local/event/20230206045809,37.6997,37.3367,0,0,15.2,3.8,KOZT,2023-02-06 04:58:21,2023-02-06 04:59:05.900,0,0,0,0,0,0,0
smi:local/event/20230206045809,37.6997,37.3367,0,0,15.2,3.8,KOZT,2023-02-06 04:58:21,2023-02-06 04:59:05.900,0,0,0,0,0,0,0
smi:local/event/20230206045809,37.6997,37.3367,0,0,15.2,3.8,BNN,2023-02-06 04:58:21,2023-02-06 04:59:05.900,0,0,0,0,0,0,0
smi:local/event/20230206045809,37.6997,37.3367,0,0,15.2,3.8,BNN,2023-02-06 04:58:21,2023-02-06 04:59:05.900,0,0,0,0,0,0,0
smi:local/event/20230206045809,37.6997,37.3367,0,0,15.2,3.8,CMRD,2023-02-06 04:58:21,2023-02-06 04:59:05.900,0,0,0,0,0,0,0
smi:local/event/20230206045809,37.6997,37.3367,0,0,15.2,3.8,CMRD,2023-02-06 04:58:21,2023-02-06 04:59:05.900,0,0,0,0,0,0,0
smi:local/event/20230206051655,37.8648,37.746,0,0,7.8,4.3,DARE,2023-02-06 05:17:10,2023-02-06 05:17:50.800,0,0,0,0,0,0,0
smi:local/event/20230206051655,37.8648,37.746,0,0,7.8,4.3,DARE,2023-02-06 05:17:10,2023-02-06 05:17:50.800,0,0,0,0,0,0,0
smi:local/event/20230206051655,37.8648,37.746,0,0,7.8,4.3,GAZ,2023-02-06 05:17:10,2023-02-06 05:17:50.800,0,0,0,0,0,0,0
smi:local/event/20230206051655,37.8648,37.746,0,0,7.8,4.3,GAZ,2023-02-06 05:17:10,2023-02-06 05:17:50.800,0,0,0,0,0,0,0
smi:local/event/20230206051655,37.8648,37.746,0,0,7.8,4.3,URFA,2023-02-06 05:17:10,2023-02-06 05:17:50.800,0,0,0,0,0,0,0
smi:local/event/20230206051655,37.8648,37.746,0,0,7.8,4.3,URFA,2023-02-06 05:17:10,2023-02-06 05:17:50.800,0,0,0,0,0,0,0
smi:local/event/20230206051655,37.8648,37.746,0,0,7.8,4.3,SARI,2023-02-06 05:17:10,2023-02-06 05:17:50.800,0,0,0,0,0,0,0
smi:local/event/20230206051655,37.8648,37.746,0,0,7.8,4.3,SARI,2023-02-06 05:17:10,2023-02-06 05:17:50.800,0,0,0,0,0,0,0
smi:local/event/20230206051655,37.8648,37.746,0,0,7.8,4.3,KOZT,2023-02-06 05:17:10,2023-02-06 05:17:50.800,0,0,0,0,0,0,0
smi:local/event/20230206051655,37.8648,37.746,0,0,7.8,4.3,BNN,2023-02-06 05:17:10,2023-02-06 05:17:50.800,0,0,0,0,0,0,0
smi:local/event/20230206051655,37.8648,37.746,0,0,7.8,4.3,CEYT,2023-02-06 05:17:10,2023-02-06 05:17:50.800,0,0,0,0,0,0,0
smi:local/event/20230206051655,37.8648,37.746,0,0,7.8,4.3,TUNC,2023-02-06 05:17:10,2023-02-06 05:17:50.800,0,0,0,0,0,0,0
smi:local/event/20230206051655,37.8648,37.746,0,0,7.8,4.3,DYBB,2023-02-06 05:17:10,2023-02-06 05:17:50.800,0,0,0,0,0,0,0
smi:local/event/20230206051655,37.8648,37.746,0,0,7.8,4.3,SVSK,2023-02-06 05:17:10,2023-02-06 05:17:50.800,0,0,0,0,0,0,0
smi:local/event/20230206051655,37.8648,37.746,0,0,7.8,4.3,MAZI,2023-02-06 05:17:10,2023-02-06 05:17:50.800,0,0,0,0,0,0,0
smi:local/event/20230206051655,37.8648,37.746,0,0,7.8,4.3,RFHY,2023-02-06 05:17:10,2023-02-06 05:17:50.800,0,0,0,0,0,0,0
smi:local/event/20230206051655,37.8648,37.746,0,0,7.8,4.3,ERZN,2023-02-06 05:17:10,2023-02-06 05:17:50.800,0,0,0,0,0,0,0
smi:local/event/20230206051655,37.8648,37.746,0,0,7.8,4.3,SVAN,2023-02-06 05:17:10,2023-02-06 05:17:50.800,0,0,0,0,0,0,0
smi:local/event/20230206051655,37.8648,37.746,0,0,7.8,4.3,KARO,2023-02-06 05:17:10,2023-02-06 05:17:50.800,0,0,0,0,0,0,0
smi:local/event/20230206051655,37.8648,37.746,0,0,7.8,4.3,VRTB,2023-02-06 05:17:10,2023-02-06 05:17:50.800,0,0,0,0,0,0,0
smi:local/event/20230206051655,37.8648,37.746,0,0,7.8,4.3,GURO,2023-02-06 05:17:10,2023-02-06 05:17:50.800,0,0,0,0,0,0,0
smi:local/event/20230206052537,37.3263,37.0448,0,0,8.4,3.2,KMRS,2023-02-06 05:25:43,2023-02-06 05:26:32.900,0,0,0,0,0,0,0
smi:local/event/20230206052537,37.3263,37.0448,0,0,8.4,3.2,KMRS,2023-02-06 05:25:43,2023-02-06 05:26:32.900,0,0,0,0,0,0,0
smi:local/event/20230206052537,37.3263,37.0448,0,0,8.4,3.2,KOZT,2023-02-06 05:25:43,2023-02-06 05:26:32.900,0,0,0,0,0,0,0
smi:local/event/20230206052537,37.3263,37.0448,0,0,8.4,3.2,KOZT,2023-02-06 05:25:43,2023-02-06 05:26:32.900,0,0,0,0,0,0,0
smi:local/event/20230206052537,37.3263,37.0448,0,0,8.4,3.2,CEYT,2023-02-06 05:25:43,2023-02-06 05:26:32.900,0,0,0,0,0,0,0
smi:local/event/20230206052537,37.3263,37.0448,0,0,8.4,3.2,CEYT,2023-02-06 05:25:43,2023-02-06 05:26:32.900,0,0,0,0,0,0,0
smi:local/event/20230206052537,37.3263,37.0448,0,0,8.4,3.2,SARI,2023-02-06 05:25:43,2023-02-06 05:26:32.900,0,0,0,0,0,0,0
smi:local/event/20230206052537,37.3263,37.0448,0,0,8.4,3.2,SARI,2023-02-06 05:25:43,2023-02-06 05:26:32.900,0,0,0,0,0,0,0
smi:local/event/20230206052537,37.3263,37.0448,0,0,8.4,3.2,DARE,2023-02-06 05:25:43,2023-02-06 05:26:32.900,0,0,0,0,0,0,0
smi:local/event/20230206052537,37.3263,37.0448,0,0,8.4,3.2,DARE,2023-02-06 05:25:43,2023-02-06 05:26:32.900,0,0,0,0,0,0,0
smi:local/event/20230206052537,37.3263,37.0448,0,0,8.4,3.2,URFA,2023-02-06 05:25:43,2023-02-06 05:26:32.900,0,0,0,0,0,0,0
smi:local/event/20230206052537,37.3263,37.0448,0,0,8.4,3.2,YAYL,2023-02-06 05:25:43,2023-02-06 05:26:32.900,0,0,0,0,0,0,0
smi:local/event/20230206052537,37.3263,37.0448,0,0,8.4,3.2,CMRD,2023-02-06 05:25:43,2023-02-06 05:26:32.900,0,0,0,0,0,0,0
smi:local/event/20230206052537,37.3263,37.0448,0,0,8.4,3.2,BNN,2023-02-06 05:25:43,2023-02-06 05:26:32.900,0,0,0,0,0,0,0
smi:local/event/20230206052537,37.3263,37.0448,0,0,8.4,3.2,BNN,2023-02-06 05:25:43,2023-02-06 05:26:32.900,0,0,0,0,0,0,0
smi:local/event/20230206052819,37.4772,36.8313,0,0,5.0,3.0,KMRS,2023-02-06 05:28:21,2023-02-06 05:28:54.700,0,0,0,0,0,0,0
smi:local/event/20230206052819,37.4772,36.8313,0,0,5.0,3.0,KMRS,2023-02-06 05:28:21,2023-02-06 05:28:54.700,0,0,0,0,0,0,0
smi:local/event/20230206052819,37.4772,36.8313,0,0,5.0,3.0,KOZT,2023-02-06 05:28:21,2023-02-06 05:28:54.700,0,0,0,0,0,0,0
smi:local/event/20230206052819,37.4772,36.8313,0,0,5.0,3.0,KOZT,2023-02-06 05:28:21,2023-02-06 05:28:54.700,0,0,0,0,0,0,0
smi:local/event/20230206052819,37.4772,36.8313,0,0,5.0,3.0,CEYT,2023-02-06 05:28:21,2023-02-06 05:28:54.700,0,0,0,0,0,0,0
smi:local/event/20230206052819,37.4772,36.8313,0,0,5.0,3.0,SARI,2023-02-06 05:28:21,2023-02-06 05:28:54.700,0,0,0,0,0,0,0
smi:local/event/20230206052819,37.4772,36.8313,0,0,5.0,3.0,SARI,2023-02-06 05:28:21,2023-02-06 05:28:54.700,0,0,0,0,0,0,0
smi:local/event/20230206052819,37.4772,36.8313,0,0,5.0,3.0,DARE,2023-02-06 05:28:21,2023-02-06 05:28:54.700,0,0,0,0,0,0,0
smi:local/event/20230206052819,37.4772,36.8313,0,0,5.0,3.0,CMRD,2023-02-06 05:28:21,2023-02-06 05:28:54.700,0,0,0,0,0,0,0
smi:local/event/20230206052819,37.4772,36.8313,0,0,5.0,3.0,BNN,2023-02-06 05:28:21,2023-02-06 05:28:54.700,0,0,0,0,0,0,0
smi:local/event/20230206052819,37.4772,36.8313,0,0,5.0,3.0,URFA,2023-02-06 05:28:21,2023-02-06 05:28:54.700,0,0,0,0,0,0,0
smi:local/event/20230206071539,37.0413,36.4802,0,0,28.6,2.9,KMRS,2023-02-06 07:15:52,2023-02-06 07:16:01.700,0,0,0,0,0,0,0
smi:local/event/20230206071539,37.0413,36.4802,0,0,28.6,2.9,CEYT,2023-02-06 07:15:52,2023-02-06 07:16:01.700,0,0,0,0,0,0,0
smi:local/event/20230206071539,37.0413,36.4802,0,0,28.6,2.9,CEYT,2023-02-06 07:15:52,2023-02-06 07:16:01.700,0,0,0,0,0,0,0
smi:local/event/20230206071539,37.0413,36.4802,0,0,28.6,2.9,GAZ,2023-02-06 07:15:52,2023-02-06 07:16:01.700,0,0,0,0,0,0,0
smi:local/event/20230206071539,37.0413,36.4802,0,0,28.6,2.9,GAZ,2023-02-06 07:15:52,2023-02-06 07:16:01.700,0,0,0,0,0,0,0
smi:local/event/20230206071539,37.0413,36.4802,0,0,28.6,2.9,KOZT,2023-02-06 07:15:52,2023-02-06 07:16:01.700,0,0,0,0,0,0,0
smi:local/event/20230206074338,37.463,37.3798,0,0,19.7,3.3,GAZ,2023-02-06 07:43:45,2023-02-06 07:44:21.400,0,0,0,0,0,0,0
smi:local/event/20230206074338,37.463,37.3798,0,0,19.7,3.3,GAZ,2023-02-06 07:43:45,2023-02-06 07:44:21.400,0,0,0,0,0,0,0
smi:local/event/20230206074338,37.463,37.3798,0,0,19.7,3.3,DARE,2023-02-06 07:43:45,2023-02-06 07:44:21.400,0,0,0,0,0,0,0
smi:local/event/20230206074338,37.463,37.3798,0,0,19.7,3.3,DARE,2023-02-06 07:43:45,2023-02-06 07:44:21.400,0,0,0,0,0,0,0
smi:local/event/20230206074338,37.463,37.3798,0,0,19.7,3.3,URFA,2023-02-06 07:43:45,2023-02-06 07:44:21.400,0,0,0,0,0,0,0
smi:local/event/20230206074338,37.463,37.3798,0,0,19.7,3.3,SARI,2023-02-06 07:43:45,2023-02-06 07:44:21.400,0,0,0,0,0,0,0
smi:local/event/20230206074338,37.463,37.3798,0,0,19.7,3.3,SARI,2023-02-06 07:43:45,2023-02-06 07:44:21.400,0,0,0,0,0,0,0
smi:local/event/20230206074338,37.463,37.3798,0,0,19.7,3.3,KOZT,2023-02-06 07:43:45,2023-02-06 07:44:21.400,0,0,0,0,0,0,0
smi:local/event/20230206074338,37.463,37.3798,0,0,19.7,3.3,KOZT,2023-02-06 07:43:45,2023-02-06 07:44:21.400,0,0,0,0,0,0,0
smi:local/event/20230206074338,37.463,37.3798,0,0,19.7,3.3,CEYT,2023-02-06 07:43:45,2023-02-06 07:44:21.400,0,0,0,0,0,0,0
smi:local/event/20230206074338,37.463,37.3798,0,0,19.7,3.3,CEYT,2023-02-06 07:43:45,2023-02-06 07:44:21.400,0,0,0,0,0,0,0
smi:local/event/20230206074338,37.463,37.3798,0,0,19.7,3.3,BNN,2023-02-06 07:43:45,2023-02-06 07:44:21.400,0,0,0,0,0,0,0
smi:local/event/20230206074338,37.463,37.3798,0,0,19.7,3.3,CMRD,2023-02-06 07:43:45,2023-02-06 07:44:21.400,0,0,0,0,0,0,0
smi:local/event/20230206080839,37.2553,36.9637,0,0,5.4,3.5,GAZ,2023-02-06 08:08:44,2023-02-06 08:09:23.600,0,0,0,0,0,0,0
smi:local/event/20230206080839,37.2553,36.9637,0,0,5.4,3.5,GAZ,2023-02-06 08:08:44,2023-02-06 08:09:23.600,0,0,0,0,0,0,0
smi:local/event/20230206080839,37.2553,36.9637,0,0,5.4,3.5,KOZT,2023-02-06 08:08:44,2023-02-06 08:09:23.600,0,0,0,0,0,0,0
smi:local/event/20230206080839,37.2553,36.9637,0,0,5.4,3.5,KOZT,2023-02-06 08:08:44,2023-02-06 08:09:23.600,0,0,0,0,0,0,0
smi:local/event/20230206080839,37.2553,36.9637,0,0,5.4,3.5,CEYT,2023-02-06 08:08:44,2023-02-06 08:09:23.600,0,0,0,0,0,0,0
smi:local/event/20230206080839,37.2553,36.9637,0,0,5.4,3.5,CEYT,2023-02-06 08:08:44,2023-02-06 08:09:23.600,0,0,0,0,0,0,0
smi:local/event/20230206080839,37.2553,36.9637,0,0,5.4,3.5,SARI,2023-02-06 08:08:44,2023-02-06 08:09:23.600,0,0,0,0,0,0,0
smi:local/event/20230206080839,37.2553,36.9637,0,0,5.4,3.5,SARI,2023-02-06 08:08:44,2023-02-06 08:09:23.600,0,0,0,0,0,0,0
smi:local/event/20230206080839,37.2553,36.9637,0,0,5.4,3.5,DARE,2023-02-06 08:08:44,2023-02-06 08:09:23.600,0,0,0,0,0,0,0
smi:local/event/20230206080839,37.2553,36.9637,0,0,5.4,3.5,YAYL,2023-02-06 08:08:44,2023-02-06 08:09:23.600,0,0,0,0,0,0,0
smi:local/event/20230206080839,37.2553,36.9637,0,0,5.4,3.5,URFA,2023-02-06 08:08:44,2023-02-06 08:09:23.600,0,0,0,0,0,0,0
smi:local/event/20230206080839,37.2553,36.9637,0,0,5.4,3.5,CMRD,2023-02-06 08:08:44,2023-02-06 08:09:23.600,0,0,0,0,0,0,0
smi:local/event/20230206080839,37.2553,36.9637,0,0,5.4,3.5,BNN,2023-02-06 08:08:44,2023-02-06 08:09:23.600,0,0,0,0,0,0,0
smi:local/event/20230206080839,37.2553,36.9637,0,0,5.4,3.5,MERS,2023-02-06 08:08:44,2023-02-06 08:09:23.600,0,0,0,0,0,0,0
smi:local/event/20230206080839,37.2553,36.9637,0,0,5.4,3.5,ARPR,2023-02-06 08:08:44,2023-02-06 08:09:23.600,0,0,0,0,0,0,0
smi:local/event/20230206080839,37.2553,36.9637,0,0,5.4,3.5,DYBB,2023-02-06 08:08:44,2023-02-06 08:09:23.600,0,0,0,0,0,0,0
smi:local/event/20230206082549,37.2052,36.9383,0,0,5.4,3.8,GAZ,2023-02-06 08:25:54,2023-02-06 08:26:33.600,0,0,0,0,0,0,0
smi:local/event/20230206082549,37.2052,36.9383,0,0,5.4,3.8,GAZ,2023-02-06 08:25:54,2023-02-06 08:26:33.600,0,0,0,0,0,0,0
smi:local/event/20230206082549,37.2052,36.9383,0,0,5.4,3.8,KOZT,2023-02-06 08:25:54,2023-02-06 08:26:33.600,0,0,0,0,0,0,0
smi:local/event/20230206082549,37.2052,36.9383,0,0,5.4,3.8,KOZT,2023-02-06 08:25:54,2023-02-06 08:26:33.600,0,0,0,0,0,0,0
smi:local/event/20230206082549,37.2052,36.9383,0,0,5.4,3.8,CEYT,2023-02-06 08:25:54,2023-02-06 08:26:33.600,0,0,0,0,0,0,0
smi:local/event/20230206082549,37.2052,36.9383,0,0,5.4,3.8,CEYT,2023-02-06 08:25:54,2023-02-06 08:26:33.600,0,0,0,0,0,0,0
smi:local/event/20230206082549,37.2052,36.9383,0,0,5.4,3.8,SARI,2023-02-06 08:25:54,2023-02-06 08:26:33.600,0,0,0,0,0,0,0
smi:local/event/20230206082549,37.2052,36.9383,0,0,5.4,3.8,SARI,2023-02-06 08:25:54,2023-02-06 08:26:33.600,0,0,0,0,0,0,0
smi:local/event/20230206082549,37.2052,36.9383,0,0,5.4,3.8,YAYL,2023-02-06 08:25:54,2023-02-06 08:26:33.600,0,0,0,0,0,0,0
smi:local/event/20230206082549,37.2052,36.9383,0,0,5.4,3.8,DARE,2023-02-06 08:25:54,2023-02-06 08:26:33.600,0,0,0,0,0,0,0
smi:local/event/20230206082549,37.2052,36.9383,0,0,5.4,3.8,URFA,2023-02-06 08:25:54,2023-02-06 08:26:33.600,0,0,0,0,0,0,0
smi:local/event/20230206082549,37.2052,36.9383,0,0,5.4,3.8,CMRD,2023-02-06 08:25:54,2023-02-06 08:26:33.600,0,0,0,0,0,0,0
smi:local/event/20230206082549,37.2052,36.9383,0,0,5.4,3.8,BNN,2023-02-06 08:25:54,2023-02-06 08:26:33.600,0,0,0,0,0,0,0
smi:local/event/20230206082549,37.2052,36.9383,0,0,5.4,3.8,MERS,2023-02-06 08:25:54,2023-02-06 08:26:33.600,0,0,0,0,0,0,0
smi:local/event/20230206082549,37.2052,36.9383,0,0,5.4,3.8,ARPR,2023-02-06 08:25:54,2023-02-06 08:26:33.600,0,0,0,0,0,0,0
smi:local/event/20230206082549,37.2052,36.9383,0,0,5.4,3.8,DYBB,2023-02-06 08:25:54,2023-02-06 08:26:33.600,0,0,0,0,0,0,0
smi:local/event/20230206084820,37.2823,36.3738,0,0,12.6,3.0,KOZT,2023-02-06 08:48:30,2023-02-06 08:48:43.500,0,0,0,0,0,0,0
smi:local/event/20230206084820,37.2823,36.3738,0,0,12.6,3.0,CEYT,2023-02-06 08:48:30,2023-02-06 08:48:43.500,0,0,0,0,0,0,0
smi:local/event/20230206084820,37.2823,36.3738,0,0,12.6,3.0,GAZ,2023-02-06 08:48:30,2023-02-06 08:48:43.500,0,0,0,0,0,0,0
smi:local/event/20230206084820,37.2823,36.3738,0,0,12.6,3.0,GAZ,2023-02-06 08:48:30,2023-02-06 08:48:43.500,0,0,0,0,0,0,0
smi:local/event/20230206084820,37.2823,36.3738,0,0,12.6,3.0,CMRD,2023-02-06 08:48:30,2023-02-06 08:48:43.500,0,0,0,0,0,0,0
smi:local/event/20230206090328,37.1337,36.7178,0,0,9.2,3.2,GAZ,2023-02-06 09:03:37,2023-02-06 09:04:15.900,0,0,0,0,0,0,0
smi:local/event/20230206090328,37.1337,36.7178,0,0,9.2,3.2,GAZ,2023-02-06 09:03:37,2023-02-06 09:04:15.900,0,0,0,0,0,0,0
smi:local/event/20230206090328,37.1337,36.7178,0,0,9.2,3.2,CEYT,2023-02-06 09:03:37,2023-02-06 09:04:15.900,0,0,0,0,0,0,0
smi:local/event/20230206090328,37.1337,36.7178,0,0,9.2,3.2,CEYT,2023-02-06 09:03:37,2023-02-06 09:04:15.900,0,0,0,0,0,0,0
smi:local/event/20230206090328,37.1337,36.7178,0,0,9.2,3.2,KOZT,2023-02-06 09:03:37,2023-02-06 09:04:15.900,0,0,0,0,0,0,0
smi:local/event/20230206090328,37.1337,36.7178,0,0,9.2,3.2,KOZT,2023-02-06 09:03:37,2023-02-06 09:04:15.900,0,0,0,0,0,0,0
smi:local/event/20230206090328,37.1337,36.7178,0,0,9.2,3.2,YAYL,2023-02-06 09:03:37,2023-02-06 09:04:15.900,0,0,0,0,0,0,0
smi:local/event/20230206090328,37.1337,36.7178,0,0,9.2,3.2,YAYL,2023-02-06 09:03:37,2023-02-06 09:04:15.900,0,0,0,0,0,0,0
smi:local/event/20230206090328,37.1337,36.7178,0,0,9.2,3.2,SARI,2023-02-06 09:03:37,2023-02-06 09:04:15.900,0,0,0,0,0,0,0
smi:local/event/20230206090328,37.1337,36.7178,0,0,9.2,3.2,SARI,2023-02-06 09:03:37,2023-02-06 09:04:15.900,0,0,0,0,0,0,0
smi:local/event/20230206090328,37.1337,36.7178,0,0,9.2,3.2,CMRD,2023-02-06 09:03:37,2023-02-06 09:04:15.900,0,0,0,0,0,0,0
smi:local/event/20230206090328,37.1337,36.7178,0,0,9.2,3.2,CMRD,2023-02-06 09:03:37,2023-02-06 09:04:15.900,0,0,0,0,0,0,0
smi:local/event/20230206090328,37.1337,36.7178,0,0,9.2,3.2,DARE,2023-02-06 09:03:37,2023-02-06 09:04:15.900,0,0,0,0,0,0,0
smi:local/event/20230206090328,37.1337,36.7178,0,0,9.2,3.2,URFA,2023-02-06 09:03:37,2023-02-06 09:04:15.900,0,0,0,0,0,0,0
smi:local/event/20230206090328,37.1337,36.7178,0,0,9.2,3.2,MERS,2023-02-06 09:03:37,2023-02-06 09:04:15.900,0,0,0,0,0,0,0
smi:local/event/20230206090328,37.1337,36.7178,0,0,9.2,3.2,BNN,2023-02-06 09:03:37,2023-02-06 09:04:15.900,0,0,0,0,0,0,0
smi:local/event/20230206090328,37.1337,36.7178,0,0,9.2,3.2,GULA,2023-02-06 09:03:37,2023-02-06 09:04:15.900,0,0,0,0,0,0,0
smi:local/event/20230206090328,37.1337,36.7178,0,0,9.2,3.2,ARPR,2023-02-06 09:03:37,2023-02-06 09:04:15.900,0,0,0,0,0,0,0
smi:local/event/20230206111639,38.0583,36.5323,0,0,14.0,4.3,KOZT,2023-02-06 11:16:56,2023-02-06 11:17:19.900,0,0,0,0,0,0,0
smi:local/event/20230206111639,38.0583,36.5323,0,0,14.0,4.3,KOZT,2023-02-06 11:16:56,2023-02-06 11:17:19.900,0,0,0,0,0,0,0
smi:local/event/20230206111639,38.0583,36.5323,0,0,14.0,4.3,BNN,2023-02-06 11:16:56,2023-02-06 11:17:19.900,0,0,0,0,0,0,0
smi:local/event/20230206111639,38.0583,36.5323,0,0,14.0,4.3,GAZ,2023-02-06 11:16:56,2023-02-06 11:17:19.900,0,0,0,0,0,0,0
smi:local/event/20230206111639,38.0583,36.5323,0,0,14.0,4.3,GAZ,2023-02-06 11:16:56,2023-02-06 11:17:19.900,0,0,0,0,0,0,0
smi:local/event/20230206111639,38.0583,36.5323,0,0,14.0,4.3,CEYT,2023-02-06 11:16:56,2023-02-06 11:17:19.900,0,0,0,0,0,0,0
smi:local/event/20230206111639,38.0583,36.5323,0,0,14.0,4.3,CEYT,2023-02-06 11:16:56,2023-02-06 11:17:19.900,0,0,0,0,0,0,0
smi:local/event/20230206111639,38.0583,36.5323,0,0,14.0,4.3,CMRD,2023-02-06 11:16:56,2023-02-06 11:17:19.900,0,0,0,0,0,0,0
smi:local/event/20230206111639,38.0583,36.5323,0,0,14.0,4.3,KOZK,2023-02-06 11:16:56,2023-02-06 11:17:19.900,0,0,0,0,0,0,0
smi:local/event/20230206111639,38.0583,36.5323,0,0,14.0,4.3,TUNC,2023-02-06 11:16:56,2023-02-06 11:17:19.900,0,0,0,0,0,0,0
smi:local/event/20230206111639,38.0583,36.5323,0,0,14.0,4.3,YOZ,2023-02-06 11:16:56,2023-02-06 11:17:19.900,0,0,0,0,0,0,0
smi:local/event/20230206111639,38.0583,36.5323,0,0,14.0,4.3,URFA,2023-02-06 11:16:56,2023-02-06 11:17:19.900,0,0,0,0,0,0,0
smi:local/event/20230206112023,38.1523,37.8617,0,0,10.6,3.8,DARE,2023-02-06 11:20:34,2023-02-06 11:21:08.100,0,0,0,0,0,0,0
smi:local/event/20230206112023,38.1523,37.8617,0,0,10.6,3.8,URFA,2023-02-06 11:20:34,2023-02-06 11:21:08.100,0,0,0,0,0,0,0
smi:local/event/20230206112023,38.1523,37.8617,0,0,10.6,3.8,URFA,2023-02-06 11:20:34,2023-02-06 11:21:08.100,0,0,0,0,0,0,0
smi:local/event/20230206112023,38.1523,37.8617,0,0,10.6,3.8,GAZ,2023-02-06 11:20:34,2023-02-06 11:21:08.100,0,0,0,0,0,0,0
smi:local/event/20230206112023,38.1523,37.8617,0,0,10.6,3.8,SARI,2023-02-06 11:20:34,2023-02-06 11:21:08.100,0,0,0,0,0,0,0
smi:local/event/20230206112023,38.1523,37.8617,0,0,10.6,3.8,TUNC,2023-02-06 11:20:34,2023-02-06 11:21:08.100,0,0,0,0,0,0,0
smi:local/event/20230206112023,38.1523,37.8617,0,0,10.6,3.8,BNN,2023-02-06 11:20:34,2023-02-06 11:21:08.100,0,0,0,0,0,0,0
smi:local/event/20230206112023,38.1523,37.8617,0,0,10.6,3.8,KOZT,2023-02-06 11:20:34,2023-02-06 11:21:08.100,0,0,0,0,0,0,0
smi:local/event/20230206112023,38.1523,37.8617,0,0,10.6,3.8,DYBB,2023-02-06 11:20:34,2023-02-06 11:21:08.100,0,0,0,0,0,0,0
smi:local/event/20230206112023,38.1523,37.8617,0,0,10.6,3.8,SVSK,2023-02-06 11:20:34,2023-02-06 11:21:08.100,0,0,0,0,0,0,0
smi:local/event/20230206112023,38.1523,37.8617,0,0,10.6,3.8,RFHY,2023-02-06 11:20:34,2023-02-06 11:21:08.100,0,0,0,0,0,0,0
smi:local/event/20230206112023,38.1523,37.8617,0,0,10.6,3.8,CEYT,2023-02-06 11:20:34,2023-02-06 11:21:08.100,0,0,0,0,0,0,0
smi:local/event/20230206112023,38.1523,37.8617,0,0,10.6,3.8,ERZN,2023-02-06 11:20:34,2023-02-06 11:21:08.100,0,0,0,0,0,0,0
smi:local/event/20230206112023,38.1523,37.8617,0,0,10.6,3.8,KYHL,2023-02-06 11:20:34,2023-02-06 11:21:08.100,0,0,0,0,0,0,0
smi:local/event/20230206112023,38.1523,37.8617,0,0,10.6,3.8,CMRD,2023-02-06 11:20:34,2023-02-06 11:21:08.100,0,0,0,0,0,0,0
smi:local/event/20230206112023,38.1523,37.8617,0,0,10.6,3.8,TOKT,2023-02-06 11:20:34,2023-02-06 11:21:08.100,0,0,0,0,0,0,0
smi:local/event/20230206112023,38.1523,37.8617,0,0,10.6,3.8,YOZ,2023-02-06 11:20:34,2023-02-06 11:21:08.100,0,0,0,0,0,0,0
smi:local/event/20230206112023,38.1523,37.8617,0,0,10.6,3.8,KOZK,2023-02-06 11:20:34,2023-02-06 11:21:08.100,0,0,0,0,0,0,0
smi:local/event/20230206112023,38.1523,37.8617,0,0,10.6,3.8,ERBG,2023-02-06 11:20:34,2023-02-06 11:21:08.100,0,0,0,0,0,0,0
smi:local/event/20230206124520,38.0772,36.4573,0,0,5.4,4.3,SARI,2023-02-06 12:45:27,2023-02-06 12:45:56.300,0,0,0,0,0,0,0
smi:local/event/20230206124520,38.0772,36.4573,0,0,5.4,4.3,SARI,2023-02-06 12:45:27,2023-02-06 12:45:56.300,0,0,0,0,0,0,0
smi:local/event/20230206124520,38.0772,36.4573,0,0,5.4,4.3,KOZT,2023-02-06 12:45:27,2023-02-06 12:45:56.300,0,0,0,0,0,0,0
smi:local/event/20230206124520,38.0772,36.4573,0,0,5.4,4.3,KOZT,2023-02-06 12:45:27,2023-02-06 12:45:56.300,0,0,0,0,0,0,0
smi:local/event/20230206124520,38.0772,36.4573,0,0,5.4,4.3,BNN,2023-02-06 12:45:27,2023-02-06 12:45:56.300,0,0,0,0,0,0,0
smi:local/event/20230206124520,38.0772,36.4573,0,0,5.4,4.3,DARE,2023-02-06 12:45:27,2023-02-06 12:45:56.300,0,0,0,0,0,0,0
smi:local/event/20230206124520,38.0772,36.4573,0,0,5.4,4.3,GAZ,2023-02-06 12:45:27,2023-02-06 12:45:56.300,0,0,0,0,0,0,0
smi:local/event/20230206124520,38.0772,36.4573,0,0,5.4,4.3,CEYT,2023-02-06 12:45:27,2023-02-06 12:45:56.300,0,0,0,0,0,0,0
smi:local/event/20230206124520,38.0772,36.4573,0,0,5.4,4.3,CMRD,2023-02-06 12:45:27,2023-02-06 12:45:56.300,0,0,0,0,0,0,0
smi:local/event/20230206124520,38.0772,36.4573,0,0,5.4,4.3,ARPR,2023-02-06 12:45:27,2023-02-06 12:45:56.300,0,0,0,0,0,0,0
smi:local/event/20230206124520,38.0772,36.4573,0,0,5.4,4.3,TUNC,2023-02-06 12:45:27,2023-02-06 12:45:56.300,0,0,0,0,0,0,0
smi:local/event/20230206124520,38.0772,36.4573,0,0,5.4,4.3,MERS,2023-02-06 12:45:27,2023-02-06 12:45:56.300,0,0,0,0,0,0,0
smi:local/event/20230206124520,38.0772,36.4573,0,0,5.4,4.3,URFA,2023-02-06 12:45:27,2023-02-06 12:45:56.300,0,0,0,0,0,0,0
smi:local/event/20230206124520,38.0772,36.4573,0,0,5.4,4.3,YAYL,2023-02-06 12:45:27,2023-02-06 12:45:56.300,0,0,0,0,0,0,0
smi:local/event/20230206131157,38.0007,36.6105,0,0,5.7,4.5,KOZT,2023-02-06 13:12:13,2023-02-06 13:12:37.200,0,0,0,0,0,0,0
smi:local/event/20230206131157,38.0007,36.6105,0,0,5.7,4.5,DARE,2023-02-06 13:12:13,2023-02-06 13:12:37.200,0,0,0,0,0,0,0
smi:local/event/20230206131157,38.0007,36.6105,0,0,5.7,4.5,DARE,2023-02-06 13:12:13,2023-02-06 13:12:37.200,0,0,0,0,0,0,0
smi:local/event/20230206131157,38.0007,36.6105,0,0,5.7,4.5,GAZ,2023-02-06 13:12:13,2023-02-06 13:12:37.200,0,0,0,0,0,0,0
smi:local/event/20230206131157,38.0007,36.6105,0,0,5.7,4.5,GAZ,2023-02-06 13:12:13,2023-02-06 13:12:37.200,0,0,0,0,0,0,0
smi:local/event/20230206131157,38.0007,36.6105,0,0,5.7,4.5,BNN,2023-02-06 13:12:13,2023-02-06 13:12:37.200,0,0,0,0,0,0,0
smi:local/event/20230206131157,38.0007,36.6105,0,0,5.7,4.5,CEYT,2023-02-06 13:12:13,2023-02-06 13:12:37.200,0,0,0,0,0,0,0
smi:local/event/20230206131157,38.0007,36.6105,0,0,5.7,4.5,CMRD,2023-02-06 13:12:13,2023-02-06 13:12:37.200,0,0,0,0,0,0,0
smi:local/event/20230206131157,38.0007,36.6105,0,0,5.7,4.5,KOZK,2023-02-06 13:12:13,2023-02-06 13:12:37.200,0,0,0,0,0,0,0
smi:local/event/20230206131157,38.0007,36.6105,0,0,5.7,4.5,TUNC,2023-02-06 13:12:13,2023-02-06 13:12:37.200,0,0,0,0,0,0,0
smi:local/event/20230206131157,38.0007,36.6105,0,0,5.7,4.5,YOZ,2023-02-06 13:12:13,2023-02-06 13:12:37.200,0,0,0,0,0,0,0
smi:local/event/20230206131157,38.0007,36.6105,0,0,5.7,4.5,SVSK,2023-02-06 13:12:13,2023-02-06 13:12:37.200,0,0,0,0,0,0,0
smi:local/event/20230206131157,38.0007,36.6105,0,0,5.7,4.5,TOKT,2023-02-06 13:12:13,2023-02-06 13:12:37.200,0,0,0,0,0,0,0
smi:local/event/20230206131345,38.2297,38.9673,0,0,5.0,4.2,ARPR,2023-02-06 13:14:05,2023-02-06 13:14:29.900,0,0,0,0,0,0,0
smi:local/event/20230206131345,38.2297,38.9673,0,0,5.0,4.2,ARPR,2023-02-06 13:14:05,2023-02-06 13:14:29.900,0,0,0,0,0,0,0
smi:local/event/20230206131345,38.2297,38.9673,0,0,5.0,4.2,DARE,2023-02-06 13:14:05,2023-02-06 13:14:29.900,0,0,0,0,0,0,0
smi:local/event/20230206131345,38.2297,38.9673,0,0,5.0,4.2,DARE,2023-02-06 13:14:05,2023-02-06 13:14:29.900,0,0,0,0,0,0,0
smi:local/event/20230206131345,38.2297,38.9673,0,0,5.0,4.2,GAZ,2023-02-06 13:14:05,2023-02-06 13:14:29.900,0,0,0,0,0,0,0
smi:local/event/20230206131345,38.2297,38.9673,0,0,5.0,4.2,SARI,2023-02-06 13:14:05,2023-02-06 13:14:29.900,0,0,0,0,0,0,0
smi:local/event/20230206131345,38.2297,38.9673,0,0,5.0,4.2,KOZT,2023-02-06 13:14:05,2023-02-06 13:14:29.900,0,0,0,0,0,0,0
smi:local/event/20230206152013,38.1857,37.8055,0,0,6.1,3.3,DARE,2023-02-06 15:20:23,2023-02-06 15:21:10.900,0,0,0,0,0,0,0
smi:local/event/20230206152013,38.1857,37.8055,0,0,6.1,3.3,DARE,2023-02-06 15:20:23,2023-02-06 15:21:10.900,0,0,0,0,0,0,0
smi:local/event/20230206152013,38.1857,37.8055,0,0,6.1,3.3,ARPR,2023-02-06 15:20:23,2023-02-06 15:21:10.900,0,0,0,0,0,0,0
smi:local/event/20230206152013,38.1857,37.8055,0,0,6.1,3.3,ARPR,2023-02-06 15:20:23,2023-02-06 15:21:10.900,0,0,0,0,0,0,0
smi:local/event/20230206152013,38.1857,37.8055,0,0,6.1,3.3,URFA,2023-02-06 15:20:23,2023-02-06 15:21:10.900,0,0,0,0,0,0,0
smi:local/event/20230206152013,38.1857,37.8055,0,0,6.1,3.3,SARI,2023-02-06 15:20:23,2023-02-06 15:21:10.900,0,0,0,0,0,0,0
smi:local/event/20230206152013,38.1857,37.8055,0,0,6.1,3.3,GAZ,2023-02-06 15:20:23,2023-02-06 15:21:10.900,0,0,0,0,0,0,0
smi:local/event/20230206152013,38.1857,37.8055,0,0,6.1,3.3,GAZ,2023-02-06 15:20:23,2023-02-06 15:21:10.900,0,0,0,0,0,0,0
smi:local/event/20230206152013,38.1857,37.8055,0,0,6.1,3.3,TUNC,2023-02-06 15:20:23,2023-02-06 15:21:10.900,0,0,0,0,0,0,0
smi:local/event/20230206152013,38.1857,37.8055,0,0,6.1,3.3,KOZT,2023-02-06 15:20:23,2023-02-06 15:21:10.900,0,0,0,0,0,0,0
smi:local/event/20230206152013,38.1857,37.8055,0,0,6.1,3.3,SVSK,2023-02-06 15:20:23,2023-02-06 15:21:10.900,0,0,0,0,0,0,0
smi:local/event/20230206152013,38.1857,37.8055,0,0,6.1,3.3,DYBB,2023-02-06 15:20:23,2023-02-06 15:21:10.900,0,0,0,0,0,0,0
smi:local/event/20230206152013,38.1857,37.8055,0,0,6.1,3.3,DYBB,2023-02-06 15:20:23,2023-02-06 15:21:10.900,0,0,0,0,0,0,0
smi:local/event/20230206152013,38.1857,37.8055,0,0,6.1,3.3,RFHY,2023-02-06 15:20:23,2023-02-06 15:21:10.900,0,0,0,0,0,0,0
smi:local/event/20230206152013,38.1857,37.8055,0,0,6.1,3.3,ERZN,2023-02-06 15:20:23,2023-02-06 15:21:10.900,0,0,0,0,0,0,0
smi:local/event/20230206152013,38.1857,37.8055,0,0,6.1,3.3,KYHL,2023-02-06 15:20:23,2023-02-06 15:21:10.900,0,0,0,0,0,0,0
smi:local/event/20230206152013,38.1857,37.8055,0,0,6.1,3.3,CMRD,2023-02-06 15:20:23,2023-02-06 15:21:10.900,0,0,0,0,0,0,0
smi:local/event/20230206152013,38.1857,37.8055,0,0,6.1,3.3,TOKT,2023-02-06 15:20:23,2023-02-06 15:21:10.900,0,0,0,0,0,0,0
smi:local/event/20230206152013,38.1857,37.8055,0,0,6.1,3.3,YOZ,2023-02-06 15:20:23,2023-02-06 15:21:10.900,0,0,0,0,0,0,0
smi:local/event/20230206152013,38.1857,37.8055,0,0,6.1,3.3,KOZK,2023-02-06 15:20:23,2023-02-06 15:21:10.900,0,0,0,0,0,0,0
smi:local/event/20230206161257,37.3875,36.9275,0,0,12.4,3.8,GAZ,2023-02-06 16:13:04,2023-02-06 16:13:27.600,0,0,0,0,0,0,0
smi:local/event/20230206161257,37.3875,36.9275,0,0,12.4,3.8,GAZ,2023-02-06 16:13:04,2023-02-06 16:13:27.600,0,0,0,0,0,0,0
smi:local/event/20230206161257,37.3875,36.9275,0,0,12.4,3.8,KOZT,2023-02-06 16:13:04,2023-02-06 16:13:27.600,0,0,0,0,0,0,0
smi:local/event/20230206161257,37.3875,36.9275,0,0,12.4,3.8,KOZT,2023-02-06 16:13:04,2023-02-06 16:13:27.600,0,0,0,0,0,0,0
smi:local/event/20230206161257,37.3875,36.9275,0,0,12.4,3.8,CEYT,2023-02-06 16:13:04,2023-02-06 16:13:27.600,0,0,0,0,0,0,0
smi:local/event/20230206161257,37.3875,36.9275,0,0,12.4,3.8,SARI,2023-02-06 16:13:04,2023-02-06 16:13:27.600,0,0,0,0,0,0,0
smi:local/event/20230206161257,37.3875,36.9275,0,0,12.4,3.8,DARE,2023-02-06 16:13:04,2023-02-06 16:13:27.600,0,0,0,0,0,0,0
smi:local/event/20230206161257,37.3875,36.9275,0,0,12.4,3.8,CMRD,2023-02-06 16:13:04,2023-02-06 16:13:27.600,0,0,0,0,0,0,0
smi:local/event/20230206161257,37.3875,36.9275,0,0,12.4,3.8,BNN,2023-02-06 16:13:04,2023-02-06 16:13:27.600,0,0,0,0,0,0,0
smi:local/event/20230206162146,38.1455,36.3053,0,0,3.5,3.9,KOZT,2023-02-06 16:22:02,2023-02-06 16:22:23.900,0,0,0,0,0,0,0
smi:local/event/20230206162146,38.1455,36.3053,0,0,3.5,3.9,KOZT,2023-02-06 16:22:02,2023-02-06 16:22:23.900,0,0,0,0,0,0,0
smi:local/event/20230206162146,38.1455,36.3053,0,0,3.5,3.9,BNN,2023-02-06 16:22:02,2023-02-06 16:22:23.900,0,0,0,0,0,0,0
smi:local/event/20230206162146,38.1455,36.3053,0,0,3.5,3.9,DARE,2023-02-06 16:22:02,2023-02-06 16:22:23.900,0,0,0,0,0,0,0
smi:local/event/20230206162146,38.1455,36.3053,0,0,3.5,3.9,CMRD,2023-02-06 16:22:02,2023-02-06 16:22:23.900,0,0,0,0,0,0,0
smi:local/event/20230206162146,38.1455,36.3053,0,0,3.5,3.9,CEYT,2023-02-06 16:22:02,2023-02-06 16:22:23.900,0,0,0,0,0,0,0
smi:local/event/20230206162146,38.1455,36.3053,0,0,3.5,3.9,URFA,2023-02-06 16:22:02,2023-02-06 16:22:23.900,0,0,0,0,0,0,0
smi:local/event/20230206171541,37.9867,36.81,0,0,6.6,3.8,SARI,2023-02-06 17:15:52,2023-02-06 17:16:20.400,0,0,0,0,0,0,0
smi:local/event/20230206171541,37.9867,36.81,0,0,6.6,3.8,DARE,2023-02-06 17:15:52,2023-02-06 17:16:20.400,0,0,0,0,0,0,0
smi:local/event/20230206171541,37.9867,36.81,0,0,6.6,3.8,GAZ,2023-02-06 17:15:52,2023-02-06 17:16:20.400,0,0,0,0,0,0,0
smi:local/event/20230206171541,37.9867,36.81,0,0,6.6,3.8,GAZ,2023-02-06 17:15:52,2023-02-06 17:16:20.400,0,0,0,0,0,0,0
smi:local/event/20230206171541,37.9867,36.81,0,0,6.6,3.8,KOZT,2023-02-06 17:15:52,2023-02-06 17:16:20.400,0,0,0,0,0,0,0
smi:local/event/20230206171541,37.9867,36.81,0,0,6.6,3.8,BNN,2023-02-06 17:15:52,2023-02-06 17:16:20.400,0,0,0,0,0,0,0
smi:local/event/20230206171541,37.9867,36.81,0,0,6.6,3.8,BNN,2023-02-06 17:15:52,2023-02-06 17:16:20.400,0,0,0,0,0,0,0
smi:local/event/20230206171541,37.9867,36.81,0,0,6.6,3.8,CMRD,2023-02-06 17:15:52,2023-02-06 17:16:20.400,0,0,0,0,0,0,0
smi:local/event/20230206173724,38.1675,36.9203,0,0,13.6,3.9,SARI,2023-02-06 17:37:34,2023-02-06 17:38:02.300,0,0,0,0,0,0,0
smi:local/event/20230206173724,38.1675,36.9203,0,0,13.6,3.9,SARI,2023-02-06 17:37:34,2023-02-06 17:38:02.300,0,0,0,0,0,0,0
smi:local/event/20230206173724,38.1675,36.9203,0,0,13.6,3.9,GAZ,2023-02-06 17:37:34,2023-02-06 17:38:02.300,0,0,0,0,0,0,0
smi:local/event/20230206173724,38.1675,36.9203,0,0,13.6,3.9,BNN,2023-02-06 17:37:34,2023-02-06 17:38:02.300,0,0,0,0,0,0,0
smi:local/event/20230206173724,38.1675,36.9203,0,0,13.6,3.9,BNN,2023-02-06 17:37:34,2023-02-06 17:38:02.300,0,0,0,0,0,0,0
smi:local/event/20230206173724,38.1675,36.9203,0,0,13.6,3.9,KOZT,2023-02-06 17:37:34,2023-02-06 17:38:02.300,0,0,0,0,0,0,0
smi:local/event/20230206173724,38.1675,36.9203,0,0,13.6,3.9,ARPR,2023-02-06 17:37:34,2023-02-06 17:38:02.300,0,0,0,0,0,0,0
smi:local/event/20230206173724,38.1675,36.9203,0,0,13.6,3.9,CEYT,2023-02-06 17:37:34,2023-02-06 17:38:02.300,0,0,0,0,0,0,0
smi:local/event/20230206173724,38.1675,36.9203,0,0,13.6,3.9,CMRD,2023-02-06 17:37:34,2023-02-06 17:38:02.300,0,0,0,0,0,0,0
smi:local/event/20230206173724,38.1675,36.9203,0,0,13.6,3.9,URFA,2023-02-06 17:37:34,2023-02-06 17:38:02.300,0,0,0,0,0,0,0
smi:local/event/20230206173724,38.1675,36.9203,0,0,13.6,3.9,KOZK,2023-02-06 17:37:34,2023-02-06 17:38:02.300,0,0,0,0,0,0,0
smi:local/event/20230206173724,38.1675,36.9203,0,0,13.6,3.9,YOZ,2023-02-06 17:37:34,2023-02-06 17:38:02.300,0,0,0,0,0,0,0
smi:local/event/20230206173724,38.1675,36.9203,0,0,13.6,3.9,GULA,2023-02-06 17:37:34,2023-02-06 17:38:02.300,0,0,0,0,0,0,0
smi:local/event/20230206173724,38.1675,36.9203,0,0,13.6,3.9,MERS,2023-02-06 17:37:34,2023-02-06 17:38:02.300,0,0,0,0,0,0,0
smi:local/event/20230206181245,38.643,37.2682,0,0,15.1,2.7,DARE,2023-02-06 18:12:50,2023-02-06 18:13:23.300,0,0,0,0,0,0,0
smi:local/event/20230206181245,38.643,37.2682,0,0,15.1,2.7,DARE,2023-02-06 18:12:50,2023-02-06 18:13:23.300,0,0,0,0,0,0,0
smi:local/event/20230206181245,38.643,37.2682,0,0,15.1,2.7,SARI,2023-02-06 18:12:50,2023-02-06 18:13:23.300,0,0,0,0,0,0,0
smi:local/event/20230206181245,38.643,37.2682,0,0,15.1,2.7,BNN,2023-02-06 18:12:50,2023-02-06 18:13:23.300,0,0,0,0,0,0,0
smi:local/event/20230206181245,38.643,37.2682,0,0,15.1,2.7,BNN,2023-02-06 18:12:50,2023-02-06 18:13:23.300,0,0,0,0,0,0,0
smi:local/event/20230206181245,38.643,37.2682,0,0,15.1,2.7,KHMN,2023-02-06 18:12:50,2023-02-06 18:13:23.300,0,0,0,0,0,0,0
smi:local/event/20230206181245,38.643,37.2682,0,0,15.1,2.7,GAZ,2023-02-06 18:12:50,2023-02-06 18:13:23.300,0,0,0,0,0,0,0
smi:local/event/20230206181245,38.643,37.2682,0,0,15.1,2.7,URFA,2023-02-06 18:12:50,2023-02-06 18:13:23.300,0,0,0,0,0,0,0
smi:local/event/20230206181245,38.643,37.2682,0,0,15.1,2.7,ERZN,2023-02-06 18:12:50,2023-02-06 18:13:23.300,0,0,0,0,0,0,0
smi:local/event/20230206192114,38.0678,37.3045,0,0,6.9,2.7,DARE,2023-02-06 19:21:25,2023-02-06 19:21:45.400,0,0,0,0,0,0,0
smi:local/event/20230206192114,38.0678,37.3045,0,0,6.9,2.7,DARE,2023-02-06 19:21:25,2023-02-06 19:21:45.400,0,0,0,0,0,0,0
smi:local/event/20230206192114,38.0678,37.3045,0,0,6.9,2.7,SARI,2023-02-06 19:21:25,2023-02-06 19:21:45.400,0,0,0,0,0,0,0
smi:local/event/20230206192114,38.0678,37.3045,0,0,6.9,2.7,GAZ,2023-02-06 19:21:25,2023-02-06 19:21:45.400,0,0,0,0,0,0,0
smi:local/event/20230206192114,38.0678,37.3045,0,0,6.9,2.7,GAZ,2023-02-06 19:21:25,2023-02-06 19:21:45.400,0,0,0,0,0,0,0
smi:local/event/20230206192114,38.0678,37.3045,0,0,6.9,2.7,ARPR,2023-02-06 19:21:25,2023-02-06 19:21:45.400,0,0,0,0,0,0,0
smi:local/event/20230206192114,38.0678,37.3045,0,0,6.9,2.7,KOZT,2023-02-06 19:21:25,2023-02-06 19:21:45.400,0,0,0,0,0,0,0
smi:local/event/20230206192114,38.0678,37.3045,0,0,6.9,2.7,URFA,2023-02-06 19:21:25,2023-02-06 19:21:45.400,0,0,0,0,0,0,0
smi:local/event/20230206192114,38.0678,37.3045,0,0,6.9,2.7,BNN,2023-02-06 19:21:25,2023-02-06 19:21:45.400,0,0,0,0,0,0,0
smi:local/event/20230206220247,37.8938,37.8737,0,0,2.8,3.4,URFA,2023-02-06 22:03:05,2023-02-06 22:03:51.200,0,0,0,0,0,0,0
smi:local/event/20230206220247,37.8938,37.8737,0,0,2.8,3.4,URFA,2023-02-06 22:03:05,2023-02-06 22:03:51.200,0,0,0,0,0,0,0
smi:local/event/20230206220247,37.8938,37.8737,0,0,2.8,3.4,GAZ,2023-02-06 22:03:05,2023-02-06 22:03:51.200,0,0,0,0,0,0,0
smi:local/event/20230206220247,37.8938,37.8737,0,0,2.8,3.4,GAZ,2023-02-06 22:03:05,2023-02-06 22:03:51.200,0,0,0,0,0,0,0
smi:local/event/20230206220247,37.8938,37.8737,0,0,2.8,3.4,DYBB,2023-02-06 22:03:05,2023-02-06 22:03:51.200,0,0,0,0,0,0,0
smi:local/event/20230206220247,37.8938,37.8737,0,0,2.8,3.4,DYBB,2023-02-06 22:03:05,2023-02-06 22:03:51.200,0,0,0,0,0,0,0
smi:local/event/20230206220247,37.8938,37.8737,0,0,2.8,3.4,MAZI,2023-02-06 22:03:05,2023-02-06 22:03:51.200,0,0,0,0,0,0,0
smi:local/event/20230206220247,37.8938,37.8737,0,0,2.8,3.4,MAZI,2023-02-06 22:03:05,2023-02-06 22:03:51.200,0,0,0,0,0,0,0
smi:local/event/20230206220615,37.8965,37.7422,0,0,3.0,3.3,DARE,2023-02-06 22:06:30,2023-02-06 22:06:57.500,0,0,0,0,0,0,0
smi:local/event/20230206220615,37.8965,37.7422,0,0,3.0,3.3,DARE,2023-02-06 22:06:30,2023-02-06 22:06:57.500,0,0,0,0,0,0,0
smi:local/event/20230206220615,37.8965,37.7422,0,0,3.0,3.3,GAZ,2023-02-06 22:06:30,2023-02-06 22:06:57.500,0,0,0,0,0,0,0
smi:local/event/20230206220615,37.8965,37.7422,0,0,3.0,3.3,URFA,2023-02-06 22:06:30,2023-02-06 22:06:57.500,0,0,0,0,0,0,0
smi:local/event/20230206220615,37.8965,37.7422,0,0,3.0,3.3,URFA,2023-02-06 22:06:30,2023-02-06 22:06:57.500,0,0,0,0,0,0,0
smi:local/event/20230206220615,37.8965,37.7422,0,0,3.0,3.3,SARI,2023-02-06 22:06:30,2023-02-06 22:06:57.500,0,0,0,0,0,0,0
smi:local/event/20230206220615,37.8965,37.7422,0,0,3.0,3.3,ARPR,2023-02-06 22:06:30,2023-02-06 22:06:57.500,0,0,0,0,0,0,0
smi:local/event/20230206220615,37.8965,37.7422,0,0,3.0,3.3,KOZT,2023-02-06 22:06:30,2023-02-06 22:06:57.500,0,0,0,0,0,0,0
smi:local/event/20230206220615,37.8965,37.7422,0,0,3.0,3.3,BNN,2023-02-06 22:06:30,2023-02-06 22:06:57.500,0,0,0,0,0,0,0
smi:local/event/20230206220615,37.8965,37.7422,0,0,3.0,3.3,TUNC,2023-02-06 22:06:30,2023-02-06 22:06:57.500,0,0,0,0,0,0,0
smi:local/event/20230206220615,37.8965,37.7422,0,0,3.0,3.3,CEYT,2023-02-06 22:06:30,2023-02-06 22:06:57.500,0,0,0,0,0,0,0
smi:local/event/20230206220615,37.8965,37.7422,0,0,3.0,3.3,DYBB,2023-02-06 22:06:30,2023-02-06 22:06:57.500,0,0,0,0,0,0,0
smi:local/event/20230206220615,37.8965,37.7422,0,0,3.0,3.3,SVSK,2023-02-06 22:06:30,2023-02-06 22:06:57.500,0,0,0,0,0,0,0
smi:local/event/20230206220615,37.8965,37.7422,0,0,3.0,3.3,CMRD,2023-02-06 22:06:30,2023-02-06 22:06:57.500,0,0,0,0,0,0,0
smi:local/event/20230206220615,37.8965,37.7422,0,0,3.0,3.3,RFHY,2023-02-06 22:06:30,2023-02-06 22:06:57.500,0,0,0,0,0,0,0
smi:local/event/20230206220615,37.8965,37.7422,0,0,3.0,3.3,ERZN,2023-02-06 22:06:30,2023-02-06 22:06:57.500,0,0,0,0,0,0,0
smi:local/event/20230206220615,37.8965,37.7422,0,0,3.0,3.3,KYHL,2023-02-06 22:06:30,2023-02-06 22:06:57.500,0,0,0,0,0,0,0
smi:local/event/20230206231256,37.486,37.0078,0,0,16.9,2.5,KMRS,2023-02-06 23:13:00,2023-02-06 23:13:09.800,0,0,0,0,0,0,0
smi:local/event/20230206231256,37.486,37.0078,0,0,16.9,2.5,KMRS,2023-02-06 23:13:00,2023-02-06 23:13:09.800,0,0,0,0,0,0,0
smi:local/event/20230206231256,37.486,37.0078,0,0,16.9,2.5,KHMN,2023-02-06 23:13:00,2023-02-06 23:13:09.800,0,0,0,0,0,0,0
smi:local/event/20230206231256,37.486,37.0078,0,0,16.9,2.5,KHMN,2023-02-06 23:13:00,2023-02-06 23:13:09.800,0,0,0,0,0,0,0
smi:local/event/20230206231256,37.486,37.0078,0,0,16.9,2.5,GAZ,2023-02-06 23:13:00,2023-02-06 23:13:09.800,0,0,0,0,0,0,0
smi:local/event/20230206231256,37.486,37.0078,0,0,16.9,2.5,GAZ,2023-02-06 23:13:00,2023-02-06 23:13:09.800,0,0,0,0,0,0,0
smi:local/event/20230206231328,38.0238,37.3937,0,0,2.9,4.2,DARE,2023-02-06 23:13:39,2023-02-06 23:14:12.200,0,0,0,0,0,0,0
smi:local/event/20230206231328,38.0238,37.3937,0,0,2.9,4.2,DARE,2023-02-06 23:13:39,2023-02-06 23:14:12.200,0,0,0,0,0,0,0
smi:local/event/20230206231328,38.0238,37.3937,0,0,2.9,4.2,KMRS,2023-02-06 23:13:39,2023-02-06 23:14:12.200,0,0,0,0,0,0,0
smi:local/event/20230206231328,38.0238,37.3937,0,0,2.9,4.2,KMRS,2023-02-06 23:13:39,2023-02-06 23:14:12.200,0,0,0,0,0,0,0
smi:local/event/20230206231328,38.0238,37.3937,0,0,2.9,4.2,KHMN,2023-02-06 23:13:39,2023-02-06 23:14:12.200,0,0,0,0,0,0,0
smi:local/event/20230206231328,38.0238,37.3937,0,0,2.9,4.2,KHMN,2023-02-06 23:13:39,2023-02-06 23:14:12.200,0,0,0,0,0,0,0
smi:local/event/20230206231328,38.0238,37.3937,0,0,2.9,4.2,SARI,2023-02-06 23:13:39,2023-02-06 23:14:12.200,0,0,0,0,0,0,0
smi:local/event/20230206231328,38.0238,37.3937,0,0,2.9,4.2,SARI,2023-02-06 23:13:39,2023-02-06 23:14:12.200,0,0,0,0,0,0,0
smi:local/event/20230206231328,38.0238,37.3937,0,0,2.9,4.2,GAZ,2023-02-06 23:13:39,2023-02-06 23:14:12.200,0,0,0,0,0,0,0
smi:local/event/20230206231328,38.0238,37.3937,0,0,2.9,4.2,GAZ,2023-02-06 23:13:39,2023-02-06 23:14:12.200,0,0,0,0,0,0,0
smi:local/event/20230206231328,38.0238,37.3937,0,0,2.9,4.2,URFA,2023-02-06 23:13:39,2023-02-06 23:14:12.200,0,0,0,0,0,0,0
smi:local/event/20230206231328,38.0238,37.3937,0,0,2.9,4.2,ARPR,2023-02-06 23:13:39,2023-02-06 23:14:12.200,0,0,0,0,0,0,0
smi:local/event/20230206231328,38.0238,37.3937,0,0,2.9,4.2,KOZT,2023-02-06 23:13:39,2023-02-06 23:14:12.200,0,0,0,0,0,0,0
smi:local/event/20230206231328,38.0238,37.3937,0,0,2.9,4.2,BNN,2023-02-06 23:13:39,2023-02-06 23:14:12.200,0,0,0,0,0,0,0
smi:local/event/20230206231328,38.0238,37.3937,0,0,2.9,4.2,CEYT,2023-02-06 23:13:39,2023-02-06 23:14:12.200,0,0,0,0,0,0,0
smi:local/event/20230206231328,38.0238,37.3937,0,0,2.9,4.2,TUNC,2023-02-06 23:13:39,2023-02-06 23:14:12.200,0,0,0,0,0,0,0
smi:local/event/20230206231328,38.0238,37.3937,0,0,2.9,4.2,CMRD,2023-02-06 23:13:39,2023-02-06 23:14:12.200,0,0,0,0,0,0,0
smi:local/event/20230206231328,38.0238,37.3937,0,0,2.9,4.2,DYBB,2023-02-06 23:13:39,2023-02-06 23:14:12.200,0,0,0,0,0,0,0
smi:local/event/20230206231328,38.0238,37.3937,0,0,2.9,4.2,MAZI,2023-02-06 23:13:39,2023-02-06 23:14:12.200,0,0,0,0,0,0,0
smi:local/event/20230206231328,38.0238,37.3937,0,0,2.9,4.2,GULA,2023-02-06 23:13:39,2023-02-06 23:14:12.200,0,0,0,0,0,0,0
smi:local/event/20230206231328,38.0238,37.3937,0,0,2.9,4.2,MERS,2023-02-06 23:13:39,2023-02-06 23:14:12.200,0,0,0,0,0,0,0
smi:local/event/20230206234834,38.078,37.3925,0,0,24.1,3.0,DARE,2023-02-06 23:48:45,2023-02-06 23:49:13.400,0,0,0,0,0,0,0
smi:local/event/20230206234834,38.078,37.3925,0,0,24.1,3.0,DARE,2023-02-06 23:48:45,2023-02-06 23:49:13.400,0,0,0,0,0,0,0
smi:local/event/20230206234834,38.078,37.3925,0,0,24.1,3.0,KHMN,2023-02-06 23:48:45,2023-02-06 23:49:13.400,0,0,0,0,0,0,0
smi:local/event/20230206234834,38.078,37.3925,0,0,24.1,3.0,ARPR,2023-02-06 23:48:45,2023-02-06 23:49:13.400,0,0,0,0,0,0,0
smi:local/event/20230206234834,38.078,37.3925,0,0,24.1,3.0,ARPR,2023-02-06 23:48:45,2023-02-06 23:49:13.400,0,0,0,0,0,0,0
smi:local/event/20230206234834,38.078,37.3925,0,0,24.1,3.0,URFA,2023-02-06 23:48:45,2023-02-06 23:49:13.400,0,0,0,0,0,0,0
smi:local/event/20230207004412,38.0765,37.9653,0,0,27.9,2.6,DARE,2023-02-07 00:44:26,2023-02-07 00:44:50.700,0,0,0,0,0,0,0
smi:local/event/20230207004412,38.0765,37.9653,0,0,27.9,2.6,DARE,2023-02-07 00:44:26,2023-02-07 00:44:50.700,0,0,0,0,0,0,0
smi:local/event/20230207004412,38.0765,37.9653,0,0,27.9,2.6,URFA,2023-02-07 00:44:26,2023-02-07 00:44:50.700,0,0,0,0,0,0,0
smi:local/event/20230207004412,38.0765,37.9653,0,0,27.9,2.6,URFA,2023-02-07 00:44:26,2023-02-07 00:44:50.700,0,0,0,0,0,0,0
smi:local/event/20230207004412,38.0765,37.9653,0,0,27.9,2.6,ARPR,2023-02-07 00:44:26,2023-02-07 00:44:50.700,0,0,0,0,0,0,0
smi:local/event/20230207004412,38.0765,37.9653,0,0,27.9,2.6,GAZ,2023-02-07 00:44:26,2023-02-07 00:44:50.700,0,0,0,0,0,0,0
smi:local/event/20230207004412,38.0765,37.9653,0,0,27.9,2.6,TUNC,2023-02-07 00:44:26,2023-02-07 00:44:50.700,0,0,0,0,0,0,0
smi:local/event/20230207004412,38.0765,37.9653,0,0,27.9,2.6,DYBB,2023-02-07 00:44:26,2023-02-07 00:44:50.700,0,0,0,0,0,0,0
smi:local/event/20230207004412,38.0765,37.9653,0,0,27.9,2.6,KOZT,2023-02-07 00:44:26,2023-02-07 00:44:50.700,0,0,0,0,0,0,0
smi:local/event/20230207004412,38.0765,37.9653,0,0,27.9,2.6,SVSK,2023-02-07 00:44:26,2023-02-07 00:44:50.700,0,0,0,0,0,0,0
smi:local/event/20230207004412,38.0765,37.9653,0,0,27.9,2.6,ERZN,2023-02-07 00:44:26,2023-02-07 00:44:50.700,0,0,0,0,0,0,0
smi:local/event/20230207004412,38.0765,37.9653,0,0,27.9,2.6,RSDY,2023-02-07 00:44:26,2023-02-07 00:44:50.700,0,0,0,0,0,0,0
smi:local/event/20230207004522,37.738,37.76,0,0,21.0,2.9,KHMN,2023-02-07 00:45:35,2023-02-07 00:45:52.300,0,0,0,0,0,0,0
smi:local/event/20230207004522,37.738,37.76,0,0,21.0,2.9,GAZ,2023-02-07 00:45:35,2023-02-07 00:45:52.300,0,0,0,0,0,0,0
smi:local/event/20230207004522,37.738,37.76,0,0,21.0,2.9,KMRS,2023-02-07 00:45:35,2023-02-07 00:45:52.300,0,0,0,0,0,0,0
smi:local/event/20230207004522,37.738,37.76,0,0,21.0,2.9,DARE,2023-02-07 00:45:35,2023-02-07 00:45:52.300,0,0,0,0,0,0,0
smi:local/event/20230207004522,37.738,37.76,0,0,21.0,2.9,DARE,2023-02-07 00:45:35,2023-02-07 00:45:52.300,0,0,0,0,0,0,0
smi:local/event/20230207004522,37.738,37.76,0,0,21.0,2.9,URFA,2023-02-07 00:45:35,2023-02-07 00:45:52.300,0,0,0,0,0,0,0
smi:local/event/20230207010826,38.0643,37.4573,0,0,22.1,3.0,DARE,2023-02-07 01:08:37,2023-02-07 01:09:10.100,0,0,0,0,0,0,0
smi:local/event/20230207010826,38.0643,37.4573,0,0,22.1,3.0,DARE,2023-02-07 01:08:37,2023-02-07 01:09:10.100,0,0,0,0,0,0,0
smi:local/event/20230207010826,38.0643,37.4573,0,0,22.1,3.0,KMRS,2023-02-07 01:08:37,2023-02-07 01:09:10.100,0,0,0,0,0,0,0
smi:local/event/20230207010826,38.0643,37.4573,0,0,22.1,3.0,KHMN,2023-02-07 01:08:37,2023-02-07 01:09:10.100,0,0,0,0,0,0,0
smi:local/event/20230207010826,38.0643,37.4573,0,0,22.1,3.0,GAZ,2023-02-07 01:08:37,2023-02-07 01:09:10.100,0,0,0,0,0,0,0
smi:local/event/20230207010826,38.0643,37.4573,0,0,22.1,3.0,GAZ,2023-02-07 01:08:37,2023-02-07 01:09:10.100,0,0,0,0,0,0,0
smi:local/event/20230207010826,38.0643,37.4573,0,0,22.1,3.0,KOZT,2023-02-07 01:08:37,2023-02-07 01:09:10.100,0,0,0,0,0,0,0
smi:local/event/20230207010826,38.0643,37.4573,0,0,22.1,3.0,KOZT,2023-02-07 01:08:37,2023-02-07 01:09:10.100,0,0,0,0,0,0,0
smi:local/event/20230207010826,38.0643,37.4573,0,0,22.1,3.0,CEYT,2023-02-07 01:08:37,2023-02-07 01:09:10.100,0,0,0,0,0,0,0
smi:local/event/20230207010826,38.0643,37.4573,0,0,22.1,3.0,CMRD,2023-02-07 01:08:37,2023-02-07 01:09:10.100,0,0,0,0,0,0,0
smi:local/event/20230207011932,38.0537,36.6035,0,0,4.2,3.1,SARI,2023-02-07 01:19:40,2023-02-07 01:20:08.200,0,0,0,0,0,0,0
smi:local/event/20230207011932,38.0537,36.6035,0,0,4.2,3.1,SARI,2023-02-07 01:19:40,2023-02-07 01:20:08.200,0,0,0,0,0,0,0
smi:local/event/20230207011932,38.0537,36.6035,0,0,4.2,3.1,KMRS,2023-02-07 01:19:40,2023-02-07 01:20:08.200,0,0,0,0,0,0,0
smi:local/event/20230207011932,38.0537,36.6035,0,0,4.2,3.1,KHMN,2023-02-07 01:19:40,2023-02-07 01:20:08.200,0,0,0,0,0,0,0
smi:local/event/20230207011932,38.0537,36.6035,0,0,4.2,3.1,KHMN,2023-02-07 01:19:40,2023-02-07 01:20:08.200,0,0,0,0,0,0,0
smi:local/event/20230207011932,38.0537,36.6035,0,0,4.2,3.1,KOZT,2023-02-07 01:19:40,2023-02-07 01:20:08.200,0,0,0,0,0,0,0
smi:local/event/20230207011932,38.0537,36.6035,0,0,4.2,3.1,KOZT,2023-02-07 01:19:40,2023-02-07 01:20:08.200,0,0,0,0,0,0,0
smi:local/event/20230207011932,38.0537,36.6035,0,0,4.2,3.1,BNN,2023-02-07 01:19:40,2023-02-07 01:20:08.200,0,0,0,0,0,0,0
smi:local/event/20230207011932,38.0537,36.6035,0,0,4.2,3.1,GAZ,2023-02-07 01:19:40,2023-02-07 01:20:08.200,0,0,0,0,0,0,0
smi:local/event/20230207011932,38.0537,36.6035,0,0,4.2,3.1,GAZ,2023-02-07 01:19:40,2023-02-07 01:20:08.200,0,0,0,0,0,0,0
smi:local/event/20230207011932,38.0537,36.6035,0,0,4.2,3.1,CEYT,2023-02-07 01:19:40,2023-02-07 01:20:08.200,0,0,0,0,0,0,0
smi:local/event/20230207011932,38.0537,36.6035,0,0,4.2,3.1,KOZK,2023-02-07 01:19:40,2023-02-07 01:20:08.200,0,0,0,0,0,0,0
smi:local/event/20230207011932,38.0537,36.6035,0,0,4.2,3.1,TUNC,2023-02-07 01:19:40,2023-02-07 01:20:08.200,0,0,0,0,0,0,0
smi:local/event/20230207011932,38.0537,36.6035,0,0,4.2,3.1,SVSK,2023-02-07 01:19:40,2023-02-07 01:20:08.200,0,0,0,0,0,0,0
smi:local/event/20230207011932,38.0537,36.6035,0,0,4.2,3.1,MERS,2023-02-07 01:19:40,2023-02-07 01:20:08.200,0,0,0,0,0,0,0
smi:local/event/20230207035146,35.8277,35.9708,0,0,20.6,3.5,CEYT,2023-02-07 03:52:08,2023-02-07 03:52:41.900,0,0,0,0,0,0,0
smi:local/event/20230207035146,35.8277,35.9708,0,0,20.6,3.5,CEYT,2023-02-07 03:52:08,2023-02-07 03:52:41.900,0,0,0,0,0,0,0
smi:local/event/20230207035146,35.8277,35.9708,0,0,20.6,3.5,MERS,2023-02-07 03:52:08,2023-02-07 03:52:41.900,0,0,0,0,0,0,0
smi:local/event/20230207035146,35.8277,35.9708,0,0,20.6,3.5,MERS,2023-02-07 03:52:08,2023-02-07 03:52:41.900,0,0,0,0,0,0,0
smi:local/event/20230207035146,35.8277,35.9708,0,0,20.6,3.5,KOZT,2023-02-07 03:52:08,2023-02-07 03:52:41.900,0,0,0,0,0,0,0
smi:local/event/20230207035146,35.8277,35.9708,0,0,20.6,3.5,KOZT,2023-02-07 03:52:08,2023-02-07 03:52:41.900,0,0,0,0,0,0,0
smi:local/event/20230207035146,35.8277,35.9708,0,0,20.6,3.5,SLFK,2023-02-07 03:52:08,2023-02-07 03:52:41.900,0,0,0,0,0,0,0
smi:local/event/20230207035146,35.8277,35.9708,0,0,20.6,3.5,SILI,2023-02-07 03:52:08,2023-02-07 03:52:41.900,0,0,0,0,0,0,0
smi:local/event/20230207035146,35.8277,35.9708,0,0,20.6,3.5,SILI,2023-02-07 03:52:08,2023-02-07 03:52:41.900,0,0,0,0,0,0,0
smi:local/event/20230207035146,35.8277,35.9708,0,0,20.6,3.5,KARG,2023-02-07 03:52:08,2023-02-07 03:52:41.900,0,0,0,0,0,0,0
smi:local/event/20230207035146,35.8277,35.9708,0,0,20.6,3.5,IKL,2023-02-07 03:52:08,2023-02-07 03:52:41.900,0,0,0,0,0,0,0
smi:local/event/20230207035146,35.8277,35.9708,0,0,20.6,3.5,YESI,2023-02-07 03:52:08,2023-02-07 03:52:41.900,0,0,0,0,0,0,0
smi:local/event/20230207035146,35.8277,35.9708,0,0,20.6,3.5,KEBE,2023-02-07 03:52:08,2023-02-07 03:52:41.900,0,0,0,0,0,0,0
smi:local/event/20230207035146,35.8277,35.9708,0,0,20.6,3.5,AKK1,2023-02-07 03:52:08,2023-02-07 03:52:41.900,0,0,0,0,0,0,0
smi:local/event/20230207035146,35.8277,35.9708,0,0,20.6,3.5,AKK2,2023-02-07 03:52:08,2023-02-07 03:52:41.900,0,0,0,0,0,0,0
smi:local/event/20230207035146,35.8277,35.9708,0,0,20.6,3.5,CMRD,2023-02-07 03:52:08,2023-02-07 03:52:41.900,0,0,0,0,0,0,0
smi:local/event/20230207035146,35.8277,35.9708,0,0,20.6,3.5,TEPK,2023-02-07 03:52:08,2023-02-07 03:52:41.900,0,0,0,0,0,0,0
smi:local/event/20230207035146,35.8277,35.9708,0,0,20.6,3.5,OREN,2023-02-07 03:52:08,2023-02-07 03:52:41.900,0,0,0,0,0,0,0
smi:local/event/20230207035146,35.8277,35.9708,0,0,20.6,3.5,TEVE,2023-02-07 03:52:08,2023-02-07 03:52:41.900,0,0,0,0,0,0,0
smi:local/event/20230207035146,35.8277,35.9708,0,0,20.6,3.5,BERE,2023-02-07 03:52:08,2023-02-07 03:52:41.900,0,0,0,0,0,0,0
smi:local/event/20230207035146,35.8277,35.9708,0,0,20.6,3.5,TEKE,2023-02-07 03:52:08,2023-02-07 03:52:41.900,0,0,0,0,0,0,0
smi:local/event/20230207035146,35.8277,35.9708,0,0,20.6,3.5,KRMN,2023-02-07 03:52:08,2023-02-07 03:52:41.900,0,0,0,0,0,0,0
smi:local/event/20230207035146,35.8277,35.9708,0,0,20.6,3.5,YESY,2023-02-07 03:52:08,2023-02-07 03:52:41.900,0,0,0,0,0,0,0
smi:local/event/20230207035146,35.8277,35.9708,0,0,20.6,3.5,LMOS,2023-02-07 03:52:08,2023-02-07 03:52:41.900,0,0,0,0,0,0,0
smi:local/event/20230207035146,35.8277,35.9708,0,0,20.6,3.5,GULA,2023-02-07 03:52:08,2023-02-07 03:52:41.900,0,0,0,0,0,0,0
smi:local/event/20230207035146,35.8277,35.9708,0,0,20.6,3.5,HDMB,2023-02-07 03:52:08,2023-02-07 03:52:41.900,0,0,0,0,0,0,0
smi:local/event/20230207035146,35.8277,35.9708,0,0,20.6,3.5,SULT,2023-02-07 03:52:08,2023-02-07 03:52:41.900,0,0,0,0,0,0,0
smi:local/event/20230207035146,35.8277,35.9708,0,0,20.6,3.5,YAYX,2023-02-07 03:52:08,2023-02-07 03:52:41.900,0,0,0,0,0,0,0
smi:local/event/20230207043517,37.9522,37.4432,0,0,17.9,3.4,KHMN,2023-02-07 04:35:30,2023-02-07 04:35:56.500,0,0,0,0,0,0,0
smi:local/event/20230207043517,37.9522,37.4432,0,0,17.9,3.4,KMRS,2023-02-07 04:35:30,2023-02-07 04:35:56.500,0,0,0,0,0,0,0
smi:local/event/20230207043517,37.9522,37.4432,0,0,17.9,3.4,KMRS,2023-02-07 04:35:30,2023-02-07 04:35:56.500,0,0,0,0,0,0,0
smi:local/event/20230207043517,37.9522,37.4432,0,0,17.9,3.4,GAZ,2023-02-07 04:35:30,2023-02-07 04:35:56.500,0,0,0,0,0,0,0
smi:local/event/20230207043517,37.9522,37.4432,0,0,17.9,3.4,GAZ,2023-02-07 04:35:30,2023-02-07 04:35:56.500,0,0,0,0,0,0,0
smi:local/event/20230207043517,37.9522,37.4432,0,0,17.9,3.4,URFA,2023-02-07 04:35:30,2023-02-07 04:35:56.500,0,0,0,0,0,0,0
smi:local/event/20230207043517,37.9522,37.4432,0,0,17.9,3.4,URFA,2023-02-07 04:35:30,2023-02-07 04:35:56.500,0,0,0,0,0,0,0
smi:local/event/20230207043517,37.9522,37.4432,0,0,17.9,3.4,ARPR,2023-02-07 04:35:30,2023-02-07 04:35:56.500,0,0,0,0,0,0,0
smi:local/event/20230207043517,37.9522,37.4432,0,0,17.9,3.4,KOZT,2023-02-07 04:35:30,2023-02-07 04:35:56.500,0,0,0,0,0,0,0
smi:local/event/20230207043517,37.9522,37.4432,0,0,17.9,3.4,BNN,2023-02-07 04:35:30,2023-02-07 04:35:56.500,0,0,0,0,0,0,0
smi:local/event/20230207043517,37.9522,37.4432,0,0,17.9,3.4,CEYT,2023-02-07 04:35:30,2023-02-07 04:35:56.500,0,0,0,0,0,0,0
smi:local/event/20230207043517,37.9522,37.4432,0,0,17.9,3.4,TUNC,2023-02-07 04:35:30,2023-02-07 04:35:56.500,0,0,0,0,0,0,0
smi:local/event/20230207043517,37.9522,37.4432,0,0,17.9,3.4,CMRD,2023-02-07 04:35:30,2023-02-07 04:35:56.500,0,0,0,0,0,0,0
smi:local/event/20230207043517,37.9522,37.4432,0,0,17.9,3.4,SVSK,2023-02-07 04:35:30,2023-02-07 04:35:56.500,0,0,0,0,0,0,0
smi:local/event/20230207043517,37.9522,37.4432,0,0,17.9,3.4,DYBB,2023-02-07 04:35:30,2023-02-07 04:35:56.500,0,0,0,0,0,0,0
smi:local/event/20230207043924,38.0283,37.4582,0,0,7.6,2.8,DARE,2023-02-07 04:39:35,2023-02-07 04:39:52.100,0,0,0,0,0,0,0
smi:local/event/20230207043924,38.0283,37.4582,0,0,7.6,2.8,DARE,2023-02-07 04:39:35,2023-02-07 04:39:52.100,0,0,0,0,0,0,0
smi:local/event/20230207043924,38.0283,37.4582,0,0,7.6,2.8,KMRS,2023-02-07 04:39:35,2023-02-07 04:39:52.100,0,0,0,0,0,0,0
smi:local/event/20230207043924,38.0283,37.4582,0,0,7.6,2.8,KMRS,2023-02-07 04:39:35,2023-02-07 04:39:52.100,0,0,0,0,0,0,0
smi:local/event/20230207043924,38.0283,37.4582,0,0,7.6,2.8,KOZT,2023-02-07 04:39:35,2023-02-07 04:39:52.100,0,0,0,0,0,0,0
smi:local/event/20230207043924,38.0283,37.4582,0,0,7.6,2.8,BNN,2023-02-07 04:39:35,2023-02-07 04:39:52.100,0,0,0,0,0,0,0
smi:local/event/20230207045810,37.1367,37.0555,0,0,11.5,2.7,GAZ,2023-02-07 04:58:14,2023-02-07 04:58:45.800,0,0,0,0,0,0,0
smi:local/event/20230207045810,37.1367,37.0555,0,0,11.5,2.7,GAZ,2023-02-07 04:58:14,2023-02-07 04:58:45.800,0,0,0,0,0,0,0
smi:local/event/20230207045810,37.1367,37.0555,0,0,11.5,2.7,KMRS,2023-02-07 04:58:14,2023-02-07 04:58:45.800,0,0,0,0,0,0,0
smi:local/event/20230207045810,37.1367,37.0555,0,0,11.5,2.7,CEYT,2023-02-07 04:58:14,2023-02-07 04:58:45.800,0,0,0,0,0,0,0
smi:local/event/20230207045810,37.1367,37.0555,0,0,11.5,2.7,SARI,2023-02-07 04:58:14,2023-02-07 04:58:45.800,0,0,0,0,0,0,0
smi:local/event/20230207045810,37.1367,37.0555,0,0,11.5,2.7,CMRD,2023-02-07 04:58:14,2023-02-07 04:58:45.800,0,0,0,0,0,0,0
smi:local/event/20230207045810,37.1367,37.0555,0,0,11.5,2.7,MERS,2023-02-07 04:58:14,2023-02-07 04:58:45.800,0,0,0,0,0,0,0
smi:local/event/20230207045845,37.923,36.5637,0,0,7.7,2.9,KMRS,2023-02-07 04:58:56,2023-02-07 04:59:21.100,0,0,0,0,0,0,0
smi:local/event/20230207045845,37.923,36.5637,0,0,7.7,2.9,KMRS,2023-02-07 04:58:56,2023-02-07 04:59:21.100,0,0,0,0,0,0,0
smi:local/event/20230207045845,37.923,36.5637,0,0,7.7,2.9,SARI,2023-02-07 04:58:56,2023-02-07 04:59:21.100,0,0,0,0,0,0,0
smi:local/event/20230207045845,37.923,36.5637,0,0,7.7,2.9,SARI,2023-02-07 04:58:56,2023-02-07 04:59:21.100,0,0,0,0,0,0,0
smi:local/event/20230207045845,37.923,36.5637,0,0,7.7,2.9,KHMN,2023-02-07 04:58:56,2023-02-07 04:59:21.100,0,0,0,0,0,0,0
smi:local/event/20230207045845,37.923,36.5637,0,0,7.7,2.9,BNN,2023-02-07 04:58:56,2023-02-07 04:59:21.100,0,0,0,0,0,0,0
smi:local/event/20230207045845,37.923,36.5637,0,0,7.7,2.9,TUNC,2023-02-07 04:58:56,2023-02-07 04:59:21.100,0,0,0,0,0,0,0
smi:local/event/20230207045845,37.923,36.5637,0,0,7.7,2.9,SVSK,2023-02-07 04:58:56,2023-02-07 04:59:21.100,0,0,0,0,0,0,0
smi:local/event/20230207053030,37.1842,36.7733,0,0,18.3,2.6,KMRS,2023-02-07 05:30:38,2023-02-07 05:30:59.100,0,0,0,0,0,0,0
smi:local/event/20230207053030,37.1842,36.7733,0,0,18.3,2.6,KMRS,2023-02-07 05:30:38,2023-02-07 05:30:59.100,0,0,0,0,0,0,0
smi:local/event/20230207053030,37.1842,36.7733,0,0,18.3,2.6,GAZ,2023-02-07 05:30:38,2023-02-07 05:30:59.100,0,0,0,0,0,0,0
smi:local/event/20230207053030,37.1842,36.7733,0,0,18.3,2.6,CEYT,2023-02-07 05:30:38,2023-02-07 05:30:59.100,0,0,0,0,0,0,0
smi:local/event/20230207053030,37.1842,36.7733,0,0,18.3,2.6,CEYT,2023-02-07 05:30:38,2023-02-07 05:30:59.100,0,0,0,0,0,0,0
smi:local/event/20230207053030,37.1842,36.7733,0,0,18.3,2.6,URFA,2023-02-07 05:30:38,2023-02-07 05:30:59.100,0,0,0,0,0,0,0
smi:local/event/20230207065510,38.3808,37.673,0,0,7.0,2.5,DARE,2023-02-07 06:55:15,2023-02-07 06:55:46.500,0,0,0,0,0,0,0
smi:local/event/20230207065510,38.3808,37.673,0,0,7.0,2.5,DARE,2023-02-07 06:55:15,2023-02-07 06:55:46.500,0,0,0,0,0,0,0
smi:local/event/20230207065510,38.3808,37.673,0,0,7.0,2.5,ARPR,2023-02-07 06:55:15,2023-02-07 06:55:46.500,0,0,0,0,0,0,0
smi:local/event/20230207065510,38.3808,37.673,0,0,7.0,2.5,ARPR,2023-02-07 06:55:15,2023-02-07 06:55:46.500,0,0,0,0,0,0,0
smi:local/event/20230207065510,38.3808,37.673,0,0,7.0,2.5,SARI,2023-02-07 06:55:15,2023-02-07 06:55:46.500,0,0,0,0,0,0,0
smi:local/event/20230207065510,38.3808,37.673,0,0,7.0,2.5,SARI,2023-02-07 06:55:15,2023-02-07 06:55:46.500,0,0,0,0,0,0,0
smi:local/event/20230207065510,38.3808,37.673,0,0,7.0,2.5,KMRS,2023-02-07 06:55:15,2023-02-07 06:55:46.500,0,0,0,0,0,0,0
smi:local/event/20230207065510,38.3808,37.673,0,0,7.0,2.5,KMRS,2023-02-07 06:55:15,2023-02-07 06:55:46.500,0,0,0,0,0,0,0
smi:local/event/20230207065510,38.3808,37.673,0,0,7.0,2.5,GAZ,2023-02-07 06:55:15,2023-02-07 06:55:46.500,0,0,0,0,0,0,0
smi:local/event/20230207065510,38.3808,37.673,0,0,7.0,2.5,TUNC,2023-02-07 06:55:15,2023-02-07 06:55:46.500,0,0,0,0,0,0,0
smi:local/event/20230207065510,38.3808,37.673,0,0,7.0,2.5,BNN,2023-02-07 06:55:15,2023-02-07 06:55:46.500,0,0,0,0,0,0,0
smi:local/event/20230207065510,38.3808,37.673,0,0,7.0,2.5,SVSK,2023-02-07 06:55:15,2023-02-07 06:55:46.500,0,0,0,0,0,0,0
smi:local/event/20230207070335,38.1555,37.0933,0,0,26.4,3.0,SARI,2023-02-07 07:03:48,2023-02-07 07:04:04.900,0,0,0,0,0,0,0
smi:local/event/20230207070335,38.1555,37.0933,0,0,26.4,3.0,SARI,2023-02-07 07:03:48,2023-02-07 07:04:04.900,0,0,0,0,0,0,0
smi:local/event/20230207070335,38.1555,37.0933,0,0,26.4,3.0,KMRS,2023-02-07 07:03:48,2023-02-07 07:04:04.900,0,0,0,0,0,0,0
smi:local/event/20230207070335,38.1555,37.0933,0,0,26.4,3.0,KMRS,2023-02-07 07:03:48,2023-02-07 07:04:04.900,0,0,0,0,0,0,0
smi:local/event/20230207070335,38.1555,37.0933,0,0,26.4,3.0,KHMN,2023-02-07 07:03:48,2023-02-07 07:04:04.900,0,0,0,0,0,0,0
smi:local/event/20230207070335,38.1555,37.0933,0,0,26.4,3.0,KOZT,2023-02-07 07:03:48,2023-02-07 07:04:04.900,0,0,0,0,0,0,0
smi:local/event/20230207070335,38.1555,37.0933,0,0,26.4,3.0,SVSK,2023-02-07 07:03:48,2023-02-07 07:04:04.900,0,0,0,0,0,0,0
smi:local/event/20230207074009,38.23,38.6908,0,0,8.5,3.1,URFA,2023-02-07 07:40:25,2023-02-07 07:40:58.200,0,0,0,0,0,0,0
smi:local/event/20230207074009,38.23,38.6908,0,0,8.5,3.1,ARPR,2023-02-07 07:40:25,2023-02-07 07:40:58.200,0,0,0,0,0,0,0
smi:local/event/20230207074009,38.23,38.6908,0,0,8.5,3.1,ARPR,2023-02-07 07:40:25,2023-02-07 07:40:58.200,0,0,0,0,0,0,0
smi:local/event/20230207074009,38.23,38.6908,0,0,8.5,3.1,DARE,2023-02-07 07:40:25,2023-02-07 07:40:58.200,0,0,0,0,0,0,0
smi:local/event/20230207074009,38.23,38.6908,0,0,8.5,3.1,DYBB,2023-02-07 07:40:25,2023-02-07 07:40:58.200,0,0,0,0,0,0,0
smi:local/event/20230207074009,38.23,38.6908,0,0,8.5,3.1,DYBB,2023-02-07 07:40:25,2023-02-07 07:40:58.200,0,0,0,0,0,0,0
smi:local/event/20230207074009,38.23,38.6908,0,0,8.5,3.1,ERZN,2023-02-07 07:40:25,2023-02-07 07:40:58.200,0,0,0,0,0,0,0
smi:local/event/20230207074009,38.23,38.6908,0,0,8.5,3.1,MAZI,2023-02-07 07:40:25,2023-02-07 07:40:58.200,0,0,0,0,0,0,0
smi:local/event/20230207074009,38.23,38.6908,0,0,8.5,3.1,TUNC,2023-02-07 07:40:25,2023-02-07 07:40:58.200,0,0,0,0,0,0,0
smi:local/event/20230207074009,38.23,38.6908,0,0,8.5,3.1,BNGB,2023-02-07 07:40:25,2023-02-07 07:40:58.200,0,0,0,0,0,0,0
smi:local/event/20230207074009,38.23,38.6908,0,0,8.5,3.1,SARI,2023-02-07 07:40:25,2023-02-07 07:40:58.200,0,0,0,0,0,0,0
smi:local/event/20230207074009,38.23,38.6908,0,0,8.5,3.1,SVAN,2023-02-07 07:40:25,2023-02-07 07:40:58.200,0,0,0,0,0,0,0
smi:local/event/20230207074009,38.23,38.6908,0,0,8.5,3.1,SVSK,2023-02-07 07:40:25,2023-02-07 07:40:58.200,0,0,0,0,0,0,0
smi:local/event/20230207074009,38.23,38.6908,0,0,8.5,3.1,KOZT,2023-02-07 07:40:25,2023-02-07 07:40:58.200,0,0,0,0,0,0,0
smi:local/event/20230207074009,38.23,38.6908,0,0,8.5,3.1,YOZ,2023-02-07 07:40:25,2023-02-07 07:40:58.200,0,0,0,0,0,0,0
smi:local/event/20230207093015,37.5135,37.1225,0,0,5.0,2.6,KMRS,2023-02-07 09:30:20,2023-02-07 09:30:52.600,0,0,0,0,0,0,0
smi:local/event/20230207093015,37.5135,37.1225,0,0,5.0,2.6,KOZT,2023-02-07 09:30:20,2023-02-07 09:30:52.600,0,0,0,0,0,0,0
smi:local/event/20230207093015,37.5135,37.1225,0,0,5.0,2.6,KOZT,2023-02-07 09:30:20,2023-02-07 09:30:52.600,0,0,0,0,0,0,0
smi:local/event/20230207093015,37.5135,37.1225,0,0,5.0,2.6,SARI,2023-02-07 09:30:20,2023-02-07 09:30:52.600,0,0,0,0,0,0,0
smi:local/event/20230207093015,37.5135,37.1225,0,0,5.0,2.6,SARI,2023-02-07 09:30:20,2023-02-07 09:30:52.600,0,0,0,0,0,0,0
smi:local/event/20230207093015,37.5135,37.1225,0,0,5.0,2.6,DARE,2023-02-07 09:30:20,2023-02-07 09:30:52.600,0,0,0,0,0,0,0
smi:local/event/20230207093015,37.5135,37.1225,0,0,5.0,2.6,URFA,2023-02-07 09:30:20,2023-02-07 09:30:52.600,0,0,0,0,0,0,0
smi:local/event/20230207093015,37.5135,37.1225,0,0,5.0,2.6,BNN,2023-02-07 09:30:20,2023-02-07 09:30:52.600,0,0,0,0,0,0,0
smi:local/event/20230207105629,37.8532,36.6253,0,0,2.4,4.3,KMRS,2023-02-07 10:56:38,2023-02-07 10:57:38.700,0,0,0,0,0,0,0
smi:local/event/20230207105629,37.8532,36.6253,0,0,2.4,4.3,KMRS,2023-02-07 10:56:38,2023-02-07 10:57:38.700,0,0,0,0,0,0,0
smi:local/event/20230207105629,37.8532,36.6253,0,0,2.4,4.3,SARI,2023-02-07 10:56:38,2023-02-07 10:57:38.700,0,0,0,0,0,0,0
smi:local/event/20230207105629,37.8532,36.6253,0,0,2.4,4.3,SARI,2023-02-07 10:56:38,2023-02-07 10:57:38.700,0,0,0,0,0,0,0
smi:local/event/20230207105629,37.8532,36.6253,0,0,2.4,4.3,KOZT,2023-02-07 10:56:38,2023-02-07 10:57:38.700,0,0,0,0,0,0,0
smi:local/event/20230207105629,37.8532,36.6253,0,0,2.4,4.3,KOZT,2023-02-07 10:56:38,2023-02-07 10:57:38.700,0,0,0,0,0,0,0
smi:local/event/20230207105629,37.8532,36.6253,0,0,2.4,4.3,GAZ,2023-02-07 10:56:38,2023-02-07 10:57:38.700,0,0,0,0,0,0,0
smi:local/event/20230207105629,37.8532,36.6253,0,0,2.4,4.3,GAZ,2023-02-07 10:56:38,2023-02-07 10:57:38.700,0,0,0,0,0,0,0
smi:local/event/20230207105629,37.8532,36.6253,0,0,2.4,4.3,DARE,2023-02-07 10:56:38,2023-02-07 10:57:38.700,0,0,0,0,0,0,0
smi:local/event/20230207105629,37.8532,36.6253,0,0,2.4,4.3,CEYT,2023-02-07 10:56:38,2023-02-07 10:57:38.700,0,0,0,0,0,0,0
smi:local/event/20230207105629,37.8532,36.6253,0,0,2.4,4.3,BNN,2023-02-07 10:56:38,2023-02-07 10:57:38.700,0,0,0,0,0,0,0
smi:local/event/20230207105629,37.8532,36.6253,0,0,2.4,4.3,ARPR,2023-02-07 10:56:38,2023-02-07 10:57:38.700,0,0,0,0,0,0,0
smi:local/event/20230207105629,37.8532,36.6253,0,0,2.4,4.3,DYBB,2023-02-07 10:56:38,2023-02-07 10:57:38.700,0,0,0,0,0,0,0
smi:local/event/20230207105629,37.8532,36.6253,0,0,2.4,4.3,BNGB,2023-02-07 10:56:38,2023-02-07 10:57:38.700,0,0,0,0,0,0,0
smi:local/event/20230207105629,37.8532,36.6253,0,0,2.4,4.3,GURO,2023-02-07 10:56:38,2023-02-07 10:57:38.700,0,0,0,0,0,0,0
smi:local/event/20230207112435,38.1495,37.7473,0,0,5.0,3.7,DARE,2023-02-07 11:24:46,2023-02-07 11:25:22.600,0,0,0,0,0,0,0
smi:local/event/20230207112435,38.1495,37.7473,0,0,5.0,3.7,DARE,2023-02-07 11:24:46,2023-02-07 11:25:22.600,0,0,0,0,0,0,0
smi:local/event/20230207112435,38.1495,37.7473,0,0,5.0,3.7,KMRS,2023-02-07 11:24:46,2023-02-07 11:25:22.600,0,0,0,0,0,0,0
smi:local/event/20230207112435,38.1495,37.7473,0,0,5.0,3.7,ARPR,2023-02-07 11:24:46,2023-02-07 11:25:22.600,0,0,0,0,0,0,0
smi:local/event/20230207112435,38.1495,37.7473,0,0,5.0,3.7,GAZ,2023-02-07 11:24:46,2023-02-07 11:25:22.600,0,0,0,0,0,0,0
smi:local/event/20230207112435,38.1495,37.7473,0,0,5.0,3.7,SARI,2023-02-07 11:24:46,2023-02-07 11:25:22.600,0,0,0,0,0,0,0
smi:local/event/20230207112435,38.1495,37.7473,0,0,5.0,3.7,URFA,2023-02-07 11:24:46,2023-02-07 11:25:22.600,0,0,0,0,0,0,0
smi:local/event/20230207112435,38.1495,37.7473,0,0,5.0,3.7,BNN,2023-02-07 11:24:46,2023-02-07 11:25:22.600,0,0,0,0,0,0,0
smi:local/event/20230207112435,38.1495,37.7473,0,0,5.0,3.7,KOZT,2023-02-07 11:24:46,2023-02-07 11:25:22.600,0,0,0,0,0,0,0
smi:local/event/20230207112435,38.1495,37.7473,0,0,5.0,3.7,DYBB,2023-02-07 11:24:46,2023-02-07 11:25:22.600,0,0,0,0,0,0,0
smi:local/event/20230207112435,38.1495,37.7473,0,0,5.0,3.7,CEYT,2023-02-07 11:24:46,2023-02-07 11:25:22.600,0,0,0,0,0,0,0
smi:local/event/20230207112435,38.1495,37.7473,0,0,5.0,3.7,MAZI,2023-02-07 11:24:46,2023-02-07 11:25:22.600,0,0,0,0,0,0,0
smi:local/event/20230207112435,38.1495,37.7473,0,0,5.0,3.7,BNGB,2023-02-07 11:24:46,2023-02-07 11:25:22.600,0,0,0,0,0,0,0
smi:local/event/20230207112435,38.1495,37.7473,0,0,5.0,3.7,SVAN,2023-02-07 11:24:46,2023-02-07 11:25:22.600,0,0,0,0,0,0,0
smi:local/event/20230207130224,37.9018,36.6858,0,0,5.0,2.9,KMRS,2023-02-07 13:02:33,2023-02-07 13:03:00.400,0,0,0,0,0,0,0
smi:local/event/20230207130224,37.9018,36.6858,0,0,5.0,2.9,KMRS,2023-02-07 13:02:33,2023-02-07 13:03:00.400,0,0,0,0,0,0,0
smi:local/event/20230207130224,37.9018,36.6858,0,0,5.0,2.9,SARI,2023-02-07 13:02:33,2023-02-07 13:03:00.400,0,0,0,0,0,0,0
smi:local/event/20230207130224,37.9018,36.6858,0,0,5.0,2.9,SARI,2023-02-07 13:02:33,2023-02-07 13:03:00.400,0,0,0,0,0,0,0
smi:local/event/20230207130224,37.9018,36.6858,0,0,5.0,2.9,KHMN,2023-02-07 13:02:33,2023-02-07 13:03:00.400,0,0,0,0,0,0,0
smi:local/event/20230207130224,37.9018,36.6858,0,0,5.0,2.9,KHMN,2023-02-07 13:02:33,2023-02-07 13:03:00.400,0,0,0,0,0,0,0
smi:local/event/20230207130224,37.9018,36.6858,0,0,5.0,2.9,KOZT,2023-02-07 13:02:33,2023-02-07 13:03:00.400,0,0,0,0,0,0,0
smi:local/event/20230207130224,37.9018,36.6858,0,0,5.0,2.9,GAZ,2023-02-07 13:02:33,2023-02-07 13:03:00.400,0,0,0,0,0,0,0
smi:local/event/20230207130224,37.9018,36.6858,0,0,5.0,2.9,BNN,2023-02-07 13:02:33,2023-02-07 13:03:00.400,0,0,0,0,0,0,0
smi:local/event/20230207130224,37.9018,36.6858,0,0,5.0,2.9,CEYT,2023-02-07 13:02:33,2023-02-07 13:03:00.400,0,0,0,0,0,0,0
smi:local/event/20230207130224,37.9018,36.6858,0,0,5.0,2.9,CMRD,2023-02-07 13:02:33,2023-02-07 13:03:00.400,0,0,0,0,0,0,0
smi:local/event/20230207130224,37.9018,36.6858,0,0,5.0,2.9,TUNC,2023-02-07 13:02:33,2023-02-07 13:03:00.400,0,0,0,0,0,0,0
smi:local/event/20230207130224,37.9018,36.6858,0,0,5.0,2.9,KOZK,2023-02-07 13:02:33,2023-02-07 13:03:00.400,0,0,0,0,0,0,0
smi:local/event/20230207130224,37.9018,36.6858,0,0,5.0,2.9,YOZ,2023-02-07 13:02:33,2023-02-07 13:03:00.400,0,0,0,0,0,0,0
smi:local/event/20230207134232,38.2517,38.7013,0,0,5.0,3.4,URFA,2023-02-07 13:42:49,2023-02-07 13:43:13.200,0,0,0,0,0,0,0
smi:local/event/20230207134232,38.2517,38.7013,0,0,5.0,3.4,URFA,2023-02-07 13:42:49,2023-02-07 13:43:13.200,0,0,0,0,0,0,0
smi:local/event/20230207134232,38.2517,38.7013,0,0,5.0,3.4,ARPR,2023-02-07 13:42:49,2023-02-07 13:43:13.200,0,0,0,0,0,0,0
smi:local/event/20230207134232,38.2517,38.7013,0,0,5.0,3.4,ARPR,2023-02-07 13:42:49,2023-02-07 13:43:13.200,0,0,0,0,0,0,0
smi:local/event/20230207134232,38.2517,38.7013,0,0,5.0,3.4,DARE,2023-02-07 13:42:49,2023-02-07 13:43:13.200,0,0,0,0,0,0,0
smi:local/event/20230207134232,38.2517,38.7013,0,0,5.0,3.4,DYBB,2023-02-07 13:42:49,2023-02-07 13:43:13.200,0,0,0,0,0,0,0
smi:local/event/20230207134232,38.2517,38.7013,0,0,5.0,3.4,DYBB,2023-02-07 13:42:49,2023-02-07 13:43:13.200,0,0,0,0,0,0,0
smi:local/event/20230207134232,38.2517,38.7013,0,0,5.0,3.4,ERZN,2023-02-07 13:42:49,2023-02-07 13:43:13.200,0,0,0,0,0,0,0
smi:local/event/20230207134232,38.2517,38.7013,0,0,5.0,3.4,MAZI,2023-02-07 13:42:49,2023-02-07 13:43:13.200,0,0,0,0,0,0,0
smi:local/event/20230207134232,38.2517,38.7013,0,0,5.0,3.4,GAZ,2023-02-07 13:42:49,2023-02-07 13:43:13.200,0,0,0,0,0,0,0
smi:local/event/20230207134232,38.2517,38.7013,0,0,5.0,3.4,KMRS,2023-02-07 13:42:49,2023-02-07 13:43:13.200,0,0,0,0,0,0,0
smi:local/event/20230207134232,38.2517,38.7013,0,0,5.0,3.4,RFHY,2023-02-07 13:42:49,2023-02-07 13:43:13.200,0,0,0,0,0,0,0
smi:local/event/20230207134232,38.2517,38.7013,0,0,5.0,3.4,TUNC,2023-02-07 13:42:49,2023-02-07 13:43:13.200,0,0,0,0,0,0,0
smi:local/event/20230207134232,38.2517,38.7013,0,0,5.0,3.4,BNGB,2023-02-07 13:42:49,2023-02-07 13:43:13.200,0,0,0,0,0,0,0
smi:local/event/20230207134232,38.2517,38.7013,0,0,5.0,3.4,SVAN,2023-02-07 13:42:49,2023-02-07 13:43:13.200,0,0,0,0,0,0,0
smi:local/event/20230207143446,37.8663,36.5133,0,0,5.1,3.8,KMRS,2023-02-07 14:34:55,2023-02-07 14:35:42.500,0,0,0,0,0,0,0
smi:local/event/20230207143446,37.8663,36.5133,0,0,5.1,3.8,SARI,2023-02-07 14:34:55,2023-02-07 14:35:42.500,0,0,0,0,0,0,0
smi:local/event/20230207143446,37.8663,36.5133,0,0,5.1,3.8,SARI,2023-02-07 14:34:55,2023-02-07 14:35:42.500,0,0,0,0,0,0,0
smi:local/event/20230207143446,37.8663,36.5133,0,0,5.1,3.8,KOZT,2023-02-07 14:34:55,2023-02-07 14:35:42.500,0,0,0,0,0,0,0
smi:local/event/20230207143446,37.8663,36.5133,0,0,5.1,3.8,KOZT,2023-02-07 14:34:55,2023-02-07 14:35:42.500,0,0,0,0,0,0,0
smi:local/event/20230207143446,37.8663,36.5133,0,0,5.1,3.8,GAZ,2023-02-07 14:34:55,2023-02-07 14:35:42.500,0,0,0,0,0,0,0
smi:local/event/20230207143446,37.8663,36.5133,0,0,5.1,3.8,GAZ,2023-02-07 14:34:55,2023-02-07 14:35:42.500,0,0,0,0,0,0,0
smi:local/event/20230207143446,37.8663,36.5133,0,0,5.1,3.8,DARE,2023-02-07 14:34:55,2023-02-07 14:35:42.500,0,0,0,0,0,0,0
smi:local/event/20230207143446,37.8663,36.5133,0,0,5.1,3.8,CEYT,2023-02-07 14:34:55,2023-02-07 14:35:42.500,0,0,0,0,0,0,0
smi:local/event/20230207143446,37.8663,36.5133,0,0,5.1,3.8,CEYT,2023-02-07 14:34:55,2023-02-07 14:35:42.500,0,0,0,0,0,0,0
smi:local/event/20230207143446,37.8663,36.5133,0,0,5.1,3.8,BNN,2023-02-07 14:34:55,2023-02-07 14:35:42.500,0,0,0,0,0,0,0
smi:local/event/20230207143446,37.8663,36.5133,0,0,5.1,3.8,BNN,2023-02-07 14:34:55,2023-02-07 14:35:42.500,0,0,0,0,0,0,0
smi:local/event/20230207143446,37.8663,36.5133,0,0,5.1,3.8,CMRD,2023-02-07 14:34:55,2023-02-07 14:35:42.500,0,0,0,0,0,0,0
smi:local/event/20230207143446,37.8663,36.5133,0,0,5.1,3.8,CMRD,2023-02-07 14:34:55,2023-02-07 14:35:42.500,0,0,0,0,0,0,0
smi:local/event/20230207143446,37.8663,36.5133,0,0,5.1,3.8,GULA,2023-02-07 14:34:55,2023-02-07 14:35:42.500,0,0,0,0,0,0,0
smi:local/event/20230207143446,37.8663,36.5133,0,0,5.1,3.8,KOZK,2023-02-07 14:34:55,2023-02-07 14:35:42.500,0,0,0,0,0,0,0
smi:local/event/20230207143446,37.8663,36.5133,0,0,5.1,3.8,YOZ,2023-02-07 14:34:55,2023-02-07 14:35:42.500,0,0,0,0,0,0,0
smi:local/event/20230207143446,37.8663,36.5133,0,0,5.1,3.8,DYBB,2023-02-07 14:34:55,2023-02-07 14:35:42.500,0,0,0,0,0,0,0
smi:local/event/20230207143446,37.8663,36.5133,0,0,5.1,3.8,ERZN,2023-02-07 14:34:55,2023-02-07 14:35:42.500,0,0,0,0,0,0,0
smi:local/event/20230207143446,37.8663,36.5133,0,0,5.1,3.8,MAZI,2023-02-07 14:34:55,2023-02-07 14:35:42.500,0,0,0,0,0,0,0
smi:local/event/20230207143446,37.8663,36.5133,0,0,5.1,3.8,BNGB,2023-02-07 14:34:55,2023-02-07 14:35:42.500,0,0,0,0,0,0,0
smi:local/event/20230207161145,37.8865,37.9248,0,0,5.0,3.1,DARE,2023-02-07 16:12:01,2023-02-07 16:12:30.500,0,0,0,0,0,0,0
smi:local/event/20230207161145,37.8865,37.9248,0,0,5.0,3.1,DARE,2023-02-07 16:12:01,2023-02-07 16:12:30.500,0,0,0,0,0,0,0
smi:local/event/20230207161145,37.8865,37.9248,0,0,5.0,3.1,KMRS,2023-02-07 16:12:01,2023-02-07 16:12:30.500,0,0,0,0,0,0,0
smi:local/event/20230207161145,37.8865,37.9248,0,0,5.0,3.1,GAZ,2023-02-07 16:12:01,2023-02-07 16:12:30.500,0,0,0,0,0,0,0
smi:local/event/20230207161145,37.8865,37.9248,0,0,5.0,3.1,GAZ,2023-02-07 16:12:01,2023-02-07 16:12:30.500,0,0,0,0,0,0,0
smi:local/event/20230207161145,37.8865,37.9248,0,0,5.0,3.1,ARPR,2023-02-07 16:12:01,2023-02-07 16:12:30.500,0,0,0,0,0,0,0
smi:local/event/20230207161145,37.8865,37.9248,0,0,5.0,3.1,KOZT,2023-02-07 16:12:01,2023-02-07 16:12:30.500,0,0,0,0,0,0,0
smi:local/event/20230207161145,37.8865,37.9248,0,0,5.0,3.1,DYBB,2023-02-07 16:12:01,2023-02-07 16:12:30.500,0,0,0,0,0,0,0
smi:local/event/20230207161145,37.8865,37.9248,0,0,5.0,3.1,TUNC,2023-02-07 16:12:01,2023-02-07 16:12:30.500,0,0,0,0,0,0,0
smi:local/event/20230207161145,37.8865,37.9248,0,0,5.0,3.1,CEYT,2023-02-07 16:12:01,2023-02-07 16:12:30.500,0,0,0,0,0,0,0
smi:local/event/20230207161145,37.8865,37.9248,0,0,5.0,3.1,MAZI,2023-02-07 16:12:01,2023-02-07 16:12:30.500,0,0,0,0,0,0,0
smi:local/event/20230207161145,37.8865,37.9248,0,0,5.0,3.1,ERZN,2023-02-07 16:12:01,2023-02-07 16:12:30.500,0,0,0,0,0,0,0
smi:local/event/20230207161145,37.8865,37.9248,0,0,5.0,3.1,BNGB,2023-02-07 16:12:01,2023-02-07 16:12:30.500,0,0,0,0,0,0,0
smi:local/event/20230207161145,37.8865,37.9248,0,0,5.0,3.1,SVAN,2023-02-07 16:12:01,2023-02-07 16:12:30.500,0,0,0,0,0,0,0
smi:local/event/20230207174656,38.1093,36.8757,0,0,5.1,3.8,SARI,2023-02-07 17:47:06,2023-02-07 17:47:47.900,0,0,0,0,0,0,0
smi:local/event/20230207174656,38.1093,36.8757,0,0,5.1,3.8,SARI,2023-02-07 17:47:06,2023-02-07 17:47:47.900,0,0,0,0,0,0,0
smi:local/event/20230207174656,38.1093,36.8757,0,0,5.1,3.8,KMRS,2023-02-07 17:47:06,2023-02-07 17:47:47.900,0,0,0,0,0,0,0
smi:local/event/20230207174656,38.1093,36.8757,0,0,5.1,3.8,DARE,2023-02-07 17:47:06,2023-02-07 17:47:47.900,0,0,0,0,0,0,0
smi:local/event/20230207174656,38.1093,36.8757,0,0,5.1,3.8,DARE,2023-02-07 17:47:06,2023-02-07 17:47:47.900,0,0,0,0,0,0,0
smi:local/event/20230207174656,38.1093,36.8757,0,0,5.1,3.8,GAZ,2023-02-07 17:47:06,2023-02-07 17:47:47.900,0,0,0,0,0,0,0
smi:local/event/20230207174656,38.1093,36.8757,0,0,5.1,3.8,GAZ,2023-02-07 17:47:06,2023-02-07 17:47:47.900,0,0,0,0,0,0,0
smi:local/event/20230207174656,38.1093,36.8757,0,0,5.1,3.8,KOZT,2023-02-07 17:47:06,2023-02-07 17:47:47.900,0,0,0,0,0,0,0
smi:local/event/20230207174656,38.1093,36.8757,0,0,5.1,3.8,KOZT,2023-02-07 17:47:06,2023-02-07 17:47:47.900,0,0,0,0,0,0,0
smi:local/event/20230207174656,38.1093,36.8757,0,0,5.1,3.8,BNN,2023-02-07 17:47:06,2023-02-07 17:47:47.900,0,0,0,0,0,0,0
smi:local/event/20230207174656,38.1093,36.8757,0,0,5.1,3.8,BNN,2023-02-07 17:47:06,2023-02-07 17:47:47.900,0,0,0,0,0,0,0
smi:local/event/20230207174656,38.1093,36.8757,0,0,5.1,3.8,CEYT,2023-02-07 17:47:06,2023-02-07 17:47:47.900,0,0,0,0,0,0,0
smi:local/event/20230207174656,38.1093,36.8757,0,0,5.1,3.8,ARPR,2023-02-07 17:47:06,2023-02-07 17:47:47.900,0,0,0,0,0,0,0
smi:local/event/20230207174656,38.1093,36.8757,0,0,5.1,3.8,CMRD,2023-02-07 17:47:06,2023-02-07 17:47:47.900,0,0,0,0,0,0,0
smi:local/event/20230207174656,38.1093,36.8757,0,0,5.1,3.8,TUNC,2023-02-07 17:47:06,2023-02-07 17:47:47.900,0,0,0,0,0,0,0
smi:local/event/20230207174656,38.1093,36.8757,0,0,5.1,3.8,URFA,2023-02-07 17:47:06,2023-02-07 17:47:47.900,0,0,0,0,0,0,0
smi:local/event/20230207174656,38.1093,36.8757,0,0,5.1,3.8,SVSK,2023-02-07 17:47:06,2023-02-07 17:47:47.900,0,0,0,0,0,0,0
smi:local/event/20230207174656,38.1093,36.8757,0,0,5.1,3.8,KOZK,2023-02-07 17:47:06,2023-02-07 17:47:47.900,0,0,0,0,0,0,0
smi:local/event/20230207174656,38.1093,36.8757,0,0,5.1,3.8,YOZ,2023-02-07 17:47:06,2023-02-07 17:47:47.900,0,0,0,0,0,0,0
smi:local/event/20230207174656,38.1093,36.8757,0,0,5.1,3.8,GULA,2023-02-07 17:47:06,2023-02-07 17:47:47.900,0,0,0,0,0,0,0
smi:local/event/20230207174656,38.1093,36.8757,0,0,5.1,3.8,TOKT,2023-02-07 17:47:06,2023-02-07 17:47:47.900,0,0,0,0,0,0,0
smi:local/event/20230207174656,38.1093,36.8757,0,0,5.1,3.8,RSDY,2023-02-07 17:47:06,2023-02-07 17:47:47.900,0,0,0,0,0,0,0
smi:local/event/20230207174656,38.1093,36.8757,0,0,5.1,3.8,KYHL,2023-02-07 17:47:06,2023-02-07 17:47:47.900,0,0,0,0,0,0,0
smi:local/event/20230207174656,38.1093,36.8757,0,0,5.1,3.8,RFHY,2023-02-07 17:47:06,2023-02-07 17:47:47.900,0,0,0,0,0,0,0
smi:local/event/20230207174656,38.1093,36.8757,0,0,5.1,3.8,DYBB,2023-02-07 17:47:06,2023-02-07 17:47:47.900,0,0,0,0,0,0,0
smi:local/event/20230207174656,38.1093,36.8757,0,0,5.1,3.8,ERZN,2023-02-07 17:47:06,2023-02-07 17:47:47.900,0,0,0,0,0,0,0
smi:local/event/20230207174656,38.1093,36.8757,0,0,5.1,3.8,MAZI,2023-02-07 17:47:06,2023-02-07 17:47:47.900,0,0,0,0,0,0,0
smi:local/event/20230207174656,38.1093,36.8757,0,0,5.1,3.8,BNGB,2023-02-07 17:47:06,2023-02-07 17:47:47.900,0,0,0,0,0,0,0
smi:local/event/20230207181810,37.4837,37.4695,0,0,22.3,3.2,KHMN,2023-02-07 18:18:17,2023-02-07 18:19:05.200,0,0,0,0,0,0,0
smi:local/event/20230207181810,37.4837,37.4695,0,0,22.3,3.2,GAZ,2023-02-07 18:18:17,2023-02-07 18:19:05.200,0,0,0,0,0,0,0
smi:local/event/20230207181810,37.4837,37.4695,0,0,22.3,3.2,KMRS,2023-02-07 18:18:17,2023-02-07 18:19:05.200,0,0,0,0,0,0,0
smi:local/event/20230207181810,37.4837,37.4695,0,0,22.3,3.2,URFA,2023-02-07 18:18:17,2023-02-07 18:19:05.200,0,0,0,0,0,0,0
smi:local/event/20230207181810,37.4837,37.4695,0,0,22.3,3.2,URFA,2023-02-07 18:18:17,2023-02-07 18:19:05.200,0,0,0,0,0,0,0
smi:local/event/20230207181810,37.4837,37.4695,0,0,22.3,3.2,SARI,2023-02-07 18:18:17,2023-02-07 18:19:05.200,0,0,0,0,0,0,0
smi:local/event/20230207181810,37.4837,37.4695,0,0,22.3,3.2,SARI,2023-02-07 18:18:17,2023-02-07 18:19:05.200,0,0,0,0,0,0,0
smi:local/event/20230207181810,37.4837,37.4695,0,0,22.3,3.2,KOZT,2023-02-07 18:18:17,2023-02-07 18:19:05.200,0,0,0,0,0,0,0
smi:local/event/20230207181810,37.4837,37.4695,0,0,22.3,3.2,KOZT,2023-02-07 18:18:17,2023-02-07 18:19:05.200,0,0,0,0,0,0,0
smi:local/event/20230207181810,37.4837,37.4695,0,0,22.3,3.2,CEYT,2023-02-07 18:18:17,2023-02-07 18:19:05.200,0,0,0,0,0,0,0
smi:local/event/20230207181810,37.4837,37.4695,0,0,22.3,3.2,BNN,2023-02-07 18:18:17,2023-02-07 18:19:05.200,0,0,0,0,0,0,0
smi:local/event/20230207181810,37.4837,37.4695,0,0,22.3,3.2,BNN,2023-02-07 18:18:17,2023-02-07 18:19:05.200,0,0,0,0,0,0,0
smi:local/event/20230207181810,37.4837,37.4695,0,0,22.3,3.2,CMRD,2023-02-07 18:18:17,2023-02-07 18:19:05.200,0,0,0,0,0,0,0
smi:local/event/20230207183018,38.1113,37.8022,0,0,5.2,2.9,DARE,2023-02-07 18:30:29,2023-02-07 18:30:54.300,0,0,0,0,0,0,0
smi:local/event/20230207183018,38.1113,37.8022,0,0,5.2,2.9,DARE,2023-02-07 18:30:29,2023-02-07 18:30:54.300,0,0,0,0,0,0,0
smi:local/event/20230207183018,38.1113,37.8022,0,0,5.2,2.9,KMRS,2023-02-07 18:30:29,2023-02-07 18:30:54.300,0,0,0,0,0,0,0
smi:local/event/20230207183018,38.1113,37.8022,0,0,5.2,2.9,URFA,2023-02-07 18:30:29,2023-02-07 18:30:54.300,0,0,0,0,0,0,0
smi:local/event/20230207183018,38.1113,37.8022,0,0,5.2,2.9,URFA,2023-02-07 18:30:29,2023-02-07 18:30:54.300,0,0,0,0,0,0,0
smi:local/event/20230207183018,38.1113,37.8022,0,0,5.2,2.9,GAZ,2023-02-07 18:30:29,2023-02-07 18:30:54.300,0,0,0,0,0,0,0
smi:local/event/20230207183018,38.1113,37.8022,0,0,5.2,2.9,ARPR,2023-02-07 18:30:29,2023-02-07 18:30:54.300,0,0,0,0,0,0,0
smi:local/event/20230207183018,38.1113,37.8022,0,0,5.2,2.9,SARI,2023-02-07 18:30:29,2023-02-07 18:30:54.300,0,0,0,0,0,0,0
smi:local/event/20230207183018,38.1113,37.8022,0,0,5.2,2.9,KOZT,2023-02-07 18:30:29,2023-02-07 18:30:54.300,0,0,0,0,0,0,0
smi:local/event/20230207183018,38.1113,37.8022,0,0,5.2,2.9,BNN,2023-02-07 18:30:29,2023-02-07 18:30:54.300,0,0,0,0,0,0,0
smi:local/event/20230207183018,38.1113,37.8022,0,0,5.2,2.9,SVSK,2023-02-07 18:30:29,2023-02-07 18:30:54.300,0,0,0,0,0,0,0
smi:local/event/20230207185608,38.2252,38.0355,0,0,5.1,3.1,DARE,2023-02-07 18:56:20,,0,0,0,0,0,0,0
smi:local/event/20230207185608,38.2252,38.0355,0,0,5.1,3.1,KHMN,2023-02-07 18:56:20,,0,0,0,0,0,0,0
smi:local/event/20230207185608,38.2252,38.0355,0,0,5.1,3.1,KMRS,2023-02-07 18:56:20,,0,0,0,0,0,0,0
smi:local/event/20230207185608,38.2252,38.0355,0,0,5.1,3.1,GAZ,2023-02-07 18:56:20,,0,0,0,0,0,0,0
smi:local/event/20230207185608,38.2252,38.0355,0,0,5.1,3.1,GAZ,2023-02-07 18:56:20,,0,0,0,0,0,0,0
smi:local/event/20230207185608,38.2252,38.0355,0,0,5.1,3.1,SARI,2023-02-07 18:56:20,,0,0,0,0,0,0,0
smi:local/event/20230207185608,38.2252,38.0355,0,0,5.1,3.1,SARI,2023-02-07 18:56:20,,0,0,0,0,0,0,0
smi:local/event/20230207192111,38.1078,37.8415,0,0,12.3,2.8,DARE,2023-02-07 19:21:22,2023-02-07 19:21:50.400,0,0,0,0,0,0,0
smi:local/event/20230207192111,38.1078,37.8415,0,0,12.3,2.8,DARE,2023-02-07 19:21:22,2023-02-07 19:21:50.400,0,0,0,0,0,0,0
smi:local/event/20230207192111,38.1078,37.8415,0,0,12.3,2.8,URFA,2023-02-07 19:21:22,2023-02-07 19:21:50.400,0,0,0,0,0,0,0
smi:local/event/20230207192111,38.1078,37.8415,0,0,12.3,2.8,GAZ,2023-02-07 19:21:22,2023-02-07 19:21:50.400,0,0,0,0,0,0,0
smi:local/event/20230207192111,38.1078,37.8415,0,0,12.3,2.8,SARI,2023-02-07 19:21:22,2023-02-07 19:21:50.400,0,0,0,0,0,0,0
smi:local/event/20230207192111,38.1078,37.8415,0,0,12.3,2.8,KOZT,2023-02-07 19:21:22,2023-02-07 19:21:50.400,0,0,0,0,0,0,0
smi:local/event/20230207192111,38.1078,37.8415,0,0,12.3,2.8,BNN,2023-02-07 19:21:22,2023-02-07 19:21:50.400,0,0,0,0,0,0,0
smi:local/event/20230207192111,38.1078,37.8415,0,0,12.3,2.8,CMRD,2023-02-07 19:21:22,2023-02-07 19:21:50.400,0,0,0,0,0,0,0
smi:local/event/20230207203222,37.8158,36.5937,0,0,8.2,3.5,KMRS,2023-02-07 20:32:30,2023-02-07 20:32:55.100,0,0,0,0,0,0,0
smi:local/event/20230207203222,37.8158,36.5937,0,0,8.2,3.5,KMRS,2023-02-07 20:32:30,2023-02-07 20:32:55.100,0,0,0,0,0,0,0
smi:local/event/20230207203222,37.8158,36.5937,0,0,8.2,3.5,SARI,2023-02-07 20:32:30,2023-02-07 20:32:55.100,0,0,0,0,0,0,0
smi:local/event/20230207203222,37.8158,36.5937,0,0,8.2,3.5,SARI,2023-02-07 20:32:30,2023-02-07 20:32:55.100,0,0,0,0,0,0,0
smi:local/event/20230207203222,37.8158,36.5937,0,0,8.2,3.5,KHMN,2023-02-07 20:32:30,2023-02-07 20:32:55.100,0,0,0,0,0,0,0
smi:local/event/20230207203222,37.8158,36.5937,0,0,8.2,3.5,KHMN,2023-02-07 20:32:30,2023-02-07 20:32:55.100,0,0,0,0,0,0,0
smi:local/event/20230207203222,37.8158,36.5937,0,0,8.2,3.5,KOZT,2023-02-07 20:32:30,2023-02-07 20:32:55.100,0,0,0,0,0,0,0
smi:local/event/20230207203222,37.8158,36.5937,0,0,8.2,3.5,GAZ,2023-02-07 20:32:30,2023-02-07 20:32:55.100,0,0,0,0,0,0,0
smi:local/event/20230207203222,37.8158,36.5937,0,0,8.2,3.5,GAZ,2023-02-07 20:32:30,2023-02-07 20:32:55.100,0,0,0,0,0,0,0
smi:local/event/20230207203222,37.8158,36.5937,0,0,8.2,3.5,DARE,2023-02-07 20:32:30,2023-02-07 20:32:55.100,0,0,0,0,0,0,0
smi:local/event/20230207203222,37.8158,36.5937,0,0,8.2,3.5,CEYT,2023-02-07 20:32:30,2023-02-07 20:32:55.100,0,0,0,0,0,0,0
smi:local/event/20230207203222,37.8158,36.5937,0,0,8.2,3.5,CMRD,2023-02-07 20:32:30,2023-02-07 20:32:55.100,0,0,0,0,0,0,0
smi:local/event/20230207203222,37.8158,36.5937,0,0,8.2,3.5,URFA,2023-02-07 20:32:30,2023-02-07 20:32:55.100,0,0,0,0,0,0,0
smi:local/event/20230207212433,37.9427,37.6317,0,0,5.0,3.6,DARE,2023-02-07 21:24:45,2023-02-07 21:25:16.200,0,0,0,0,0,0,0
smi:local/event/20230207212433,37.9427,37.6317,0,0,5.0,3.6,KHMN,2023-02-07 21:24:45,2023-02-07 21:25:16.200,0,0,0,0,0,0,0
smi:local/event/20230207212433,37.9427,37.6317,0,0,5.0,3.6,KHMN,2023-02-07 21:24:45,2023-02-07 21:25:16.200,0,0,0,0,0,0,0
smi:local/event/20230207212433,37.9427,37.6317,0,0,5.0,3.6,KMRS,2023-02-07 21:24:45,2023-02-07 21:25:16.200,0,0,0,0,0,0,0
smi:local/event/20230207212433,37.9427,37.6317,0,0,5.0,3.6,KMRS,2023-02-07 21:24:45,2023-02-07 21:25:16.200,0,0,0,0,0,0,0
smi:local/event/20230207212433,37.9427,37.6317,0,0,5.0,3.6,GAZ,2023-02-07 21:24:45,2023-02-07 21:25:16.200,0,0,0,0,0,0,0
smi:local/event/20230207212433,37.9427,37.6317,0,0,5.0,3.6,GAZ,2023-02-07 21:24:45,2023-02-07 21:25:16.200,0,0,0,0,0,0,0
smi:local/event/20230207212433,37.9427,37.6317,0,0,5.0,3.6,SARI,2023-02-07 21:24:45,2023-02-07 21:25:16.200,0,0,0,0,0,0,0
smi:local/event/20230207212433,37.9427,37.6317,0,0,5.0,3.6,URFA,2023-02-07 21:24:45,2023-02-07 21:25:16.200,0,0,0,0,0,0,0
smi:local/event/20230207212433,37.9427,37.6317,0,0,5.0,3.6,URFA,2023-02-07 21:24:45,2023-02-07 21:25:16.200,0,0,0,0,0,0,0
smi:local/event/20230207212433,37.9427,37.6317,0,0,5.0,3.6,ARPR,2023-02-07 21:24:45,2023-02-07 21:25:16.200,0,0,0,0,0,0,0
smi:local/event/20230207212433,37.9427,37.6317,0,0,5.0,3.6,KOZT,2023-02-07 21:24:45,2023-02-07 21:25:16.200,0,0,0,0,0,0,0
smi:local/event/20230207212433,37.9427,37.6317,0,0,5.0,3.6,BNN,2023-02-07 21:24:45,2023-02-07 21:25:16.200,0,0,0,0,0,0,0
smi:local/event/20230207212433,37.9427,37.6317,0,0,5.0,3.6,TUNC,2023-02-07 21:24:45,2023-02-07 21:25:16.200,0,0,0,0,0,0,0
smi:local/event/20230207212433,37.9427,37.6317,0,0,5.0,3.6,SVSK,2023-02-07 21:24:45,2023-02-07 21:25:16.200,0,0,0,0,0,0,0
smi:local/event/20230207212433,37.9427,37.6317,0,0,5.0,3.6,RFHY,2023-02-07 21:24:45,2023-02-07 21:25:16.200,0,0,0,0,0,0,0
smi:local/event/20230207212433,37.9427,37.6317,0,0,5.0,3.6,KYHL,2023-02-07 21:24:45,2023-02-07 21:25:16.200,0,0,0,0,0,0,0
smi:local/event/20230207212433,37.9427,37.6317,0,0,5.0,3.6,RSDY,2023-02-07 21:24:45,2023-02-07 21:25:16.200,0,0,0,0,0,0,0
smi:local/event/20230207214606,37.4978,37.148,0,0,5.0,2.3,KHMN,2023-02-07 21:46:09,2023-02-07 21:46:32.300,0,0,0,0,0,0,0
smi:local/event/20230207214606,37.4978,37.148,0,0,5.0,2.3,KHMN,2023-02-07 21:46:09,2023-02-07 21:46:32.300,0,0,0,0,0,0,0
smi:local/event/20230207214606,37.4978,37.148,0,0,5.0,2.3,KMRS,2023-02-07 21:46:09,2023-02-07 21:46:32.300,0,0,0,0,0,0,0
smi:local/event/20230207214606,37.4978,37.148,0,0,5.0,2.3,KMRS,2023-02-07 21:46:09,2023-02-07 21:46:32.300,0,0,0,0,0,0,0
smi:local/event/20230207214606,37.4978,37.148,0,0,5.0,2.3,GAZ,2023-02-07 21:46:09,2023-02-07 21:46:32.300,0,0,0,0,0,0,0
smi:local/event/20230207214606,37.4978,37.148,0,0,5.0,2.3,KOZT,2023-02-07 21:46:09,2023-02-07 21:46:32.300,0,0,0,0,0,0,0
smi:local/event/20230207214606,37.4978,37.148,0,0,5.0,2.3,SARI,2023-02-07 21:46:09,2023-02-07 21:46:32.300,0,0,0,0,0,0,0
smi:local/event/20230207214606,37.4978,37.148,0,0,5.0,2.3,CEYT,2023-02-07 21:46:09,2023-02-07 21:46:32.300,0,0,0,0,0,0,0
smi:local/event/20230207214606,37.4978,37.148,0,0,5.0,2.3,URFA,2023-02-07 21:46:09,2023-02-07 21:46:32.300,0,0,0,0,0,0,0
