station,Phasenet_pick_time,Kandilli_pick_time,Phasenet_pick_score
AGRB,05:13:05.620,05:13:05.500,0.57946026
AGRB,15:26:21.270,15:26:21.200,0.81520915
AKDM,05:13:13.450,05:13:13.100,0.7942582
BAKL,17:58:07.920,17:58:08.100,0.7700807
BAYT,02:57:44.020,02:57:43.700,0.6307812
BAYT,03:34:06.900,03:34:06.400,0.5740342
BLVD,05:29:05.940,05:29:06.100,0.741193
BNGB,03:22:21.460,03:22:21.200,0.66550654
BNGB,03:33:55.030,03:33:55.300,0.5066506
BNGB,07:51:01.630,07:51:01.400,0.8527457
BNGB,14:11:47.780,14:11:47.600,0.62636113
BNGB,14:45:30.830,14:45:30.300,0.5785658
BNGB,17:18:10.900,17:18:10.500,0.35164642
BNGB,21:50:40.120,21:50:39.800,0.75108
CEYT,01:58:49.840,01:58:49.100,0.4652104
CEYT,02:02:20.110,02:02:19.800,0.4653371
CEYT,02:23:48.540,02:23:47.700,0.5318893
CEYT,02:37:30.460,02:37:30.500,0.59491944
CEYT,02:44:09.530,02:44:09.200,0.47013798
CEYT,02:51:14.860,02:51:14.300,0.5780941
CEYT,03:03:42.760,03:03:42.900,0.62034714
CEYT,03:42:06.280,03:42:07.000,0.59120226
CEYT,03:50:02.470,03:50:02.000,0.36899593
CEYT,03:53:14.610,03:53:15.400,0.30838698
CEYT,04:01:47.630,04:01:46.700,0.6639987
CEYT,04:11:29.340,04:11:28.400,0.5324099
CEYT,04:28:26.940,04:28:27.500,0.51531744
CEYT,04:45:24.090,04:45:23.900,0.39289033
CEYT,04:50:42.490,04:50:41.500,0.72145957
CEYT,05:25:54.330,05:25:54.600,0.33856323
CEYT,05:40:36.900,05:40:36.800,0.2869631
CEYT,05:47:49.150,05:47:48.600,0.592338
CEYT,05:57:09.740,05:57:10.500,0.46104643
CEYT,06:04:37.390,06:04:36.900,0.4859071
CEYT,06:08:17.030,06:08:17.500,0.4429597
CEYT,06:11:27.260,06:11:27.900,0.6174425
CEYT,06:15:15.060,06:15:14.500,0.73513246
CEYT,06:31:46.600,06:31:46.900,0.6983392
CEYT,06:35:30.550,06:35:30.800,0.45463258
CEYT,06:38:32.570,06:38:31.700,0.68623245
CEYT,06:41:58.220,06:41:58.500,0.45642155
CEYT,06:44:24.780,06:44:23.800,0.48694968
CEYT,07:00:33.890,07:00:33.500,0.42451102
CEYT,07:08:54.430,07:08:54.200,0.5971985
CEYT,07:10:32.510,07:10:32.900,0.57515585
CEYT,07:12:47.460,07:12:46.700,0.68432736
CEYT,07:23:54.180,07:23:53.900,0.35471624
CEYT,07:24:59.340,07:24:58.500,0.8148672
CEYT,07:26:33.040,07:26:32.800,0.6598129
CEYT,07:43:52.680,07:43:52.300,0.27739212
CEYT,07:44:22.060,07:44:21.400,0.5471732
CEYT,07:51:06.210,07:51:06.400,0.2986093
CEYT,08:02:12.700,08:02:12.700,0.48927042
CEYT,08:11:43.560,08:11:43.900,0.40735567
CEYT,08:23:33.550,08:23:33.900,0.6050737
CEYT,08:36:20.960,08:36:20.900,0.6939169
CEYT,09:03:55.550,09:03:55.700,0.62324995
CEYT,09:34:54.550,09:34:55.200,0.31697127
CEYT,09:34:55.680,09:34:55.200,0.27586323
CEYT,09:58:53.520,09:58:53.800,0.72010076
CEYT,10:09:47.420,10:09:48.300,0.27547655
CEYT,10:09:48.590,10:09:48.300,0.29714274
CEYT,12:02:53.790,12:02:53.500,0.4707265
CEYT,14:15:24.540,14:15:25.000,0.6598185
CEYT,14:28:06.680,14:28:06.600,0.63255024
CEYT,15:27:56.680,15:27:56.600,0.5219381
CEYT,15:54:41.790,15:54:41.300,0.44165555
CEYT,17:07:13.990,17:07:13.800,0.7191493
CEYT,18:04:36.400,18:04:37.100,0.6552583
CEYT,18:32:03.970,18:32:03.000,0.6125401
CEYT,19:11:10.650,19:11:11.400,0.63442993
CEYT,19:50:22.610,19:50:22.300,0.68365
CEYT,21:03:49.600,21:03:50.100,0.61479175
CEYT,21:35:14.940,21:35:14.500,0.6551179
CEYT,22:30:23.380,22:30:23.200,0.4198549
CEYT,23:15:30.510,23:15:29.800,0.49650925
CEYT,23:17:54.120,23:17:53.800,0.6405559
CEYT,23:37:18.860,23:37:18.800,0.415901
CLDR,00:16:18.540,00:16:18.600,0.8613101
CLDR,15:26:12.730,15:26:12.500,0.5680569
DARE,01:27:36.340,01:27:36.600,0.37151587
DARE,01:34:23.000,01:34:22.900,0.8607662
DARE,02:04:01.250,02:04:01.900,0.788845
DARE,02:26:58.480,02:26:59.000,0.75408906
DARE,02:32:09.990,02:32:09.700,0.40267617
DARE,02:34:51.920,02:34:52.700,0.30976284
DARE,02:34:53.180,02:34:52.700,0.3295936
DARE,02:39:11.900,02:39:12.800,0.63127786
DARE,03:08:09.320,03:08:09.000,0.6563041
DARE,03:10:44.380,03:10:43.800,0.5190589
DARE,03:12:15.970,03:12:15.500,0.6257423
DARE,03:17:20.690,03:17:20.900,0.49191946
DARE,03:23:16.090,03:23:15.300,0.6998727
DARE,03:43:35.300,03:43:35.300,0.64092225
DARE,03:54:32.500,03:54:32.500,0.44156444
DARE,03:56:07.520,03:56:07.300,0.80865
DARE,04:04:46.640,04:04:45.700,0.6474142
DARE,04:14:47.480,04:14:48.200,0.6490875
DARE,04:31:48.700,04:31:48.300,0.5333699
DARE,04:56:43.240,04:56:43.100,0.43529618
DARE,05:02:14.570,05:02:14.300,0.7063365
DARE,05:17:19.720,05:17:19.900,0.6446522
DARE,05:20:15.180,05:20:15.800,0.8078862
DARE,05:23:19.350,05:23:18.800,0.4689388
DARE,05:26:56.030,05:26:55.400,0.7583213
DARE,05:31:48.630,05:31:48.600,0.42724615
DARE,05:33:36.010,05:33:36.000,0.71185684
DARE,05:39:48.570,05:39:48.100,0.695402
DARE,05:41:01.800,05:41:02.100,0.57374823
DARE,05:42:05.960,05:42:05.800,0.27902025
DARE,05:47:49.410,05:47:48.800,0.40342972
DARE,05:49:51.960,05:49:52.400,0.57100356
DARE,06:02:11.090,06:02:11.700,0.62015057
DARE,06:11:33.750,06:11:33.900,0.28446966
DARE,06:22:09.050,06:22:08.500,0.5910164
DARE,06:24:21.220,06:24:20.400,0.8153006
DARE,06:28:17.790,06:28:17.800,0.67629457
DARE,06:30:29.360,06:30:28.600,0.8201977
DARE,06:32:05.250,06:32:05.800,0.7643311
DARE,06:40:19.770,06:40:19.600,0.47026187
DARE,06:44:29.590,06:44:29.000,0.62246895
DARE,06:48:50.680,06:48:50.900,0.83974063
DARE,06:49:46.190,06:49:47.000,0.6068303
DARE,06:52:25.600,06:52:26.300,0.62946296
DARE,07:03:22.850,07:03:21.900,0.73092926
DARE,07:04:43.120,07:04:43.400,0.6927452
DARE,07:12:54.930,07:12:55.900,0.36219496
DARE,07:19:54.080,07:19:53.800,0.67618054
DARE,07:21:43.480,07:21:44.100,0.59116054
DARE,07:24:04.810,07:24:04.600,0.74937356
DARE,07:26:29.750,07:26:30.100,0.6584904
DARE,07:27:23.930,07:27:23.900,0.7870501
DARE,07:31:44.770,07:31:44.000,0.6460581
DARE,07:41:38.220,07:41:38.300,0.7535348
DARE,07:44:15.530,07:44:14.700,0.72129333
DARE,07:48:01.930,07:48:01.800,0.6148447
DARE,08:05:07.980,08:05:08.500,0.76768047
DARE,08:07:11.280,08:07:10.500,0.4656915
DARE,08:29:53.520,08:29:53.300,0.7892762
DARE,08:38:53.810,08:38:54.300,0.55608207
DARE,08:45:10.490,08:45:09.900,0.7211232
DARE,08:53:15.070,08:53:15.000,0.57018363
DARE,08:59:01.590,08:59:01.700,0.6959987
DARE,09:06:29.480,09:06:28.700,0.59518397
DARE,09:21:25.870,09:21:26.200,0.4428562
DARE,10:08:02.080,10:08:01.700,0.65673894
DARE,10:12:43.590,10:12:43.500,0.6850658
DARE,10:36:15.300,10:36:16.000,0.75006455
DARE,10:39:16.380,10:39:16.700,0.59207505
DARE,10:51:50.770,10:51:50.500,0.6183518
DARE,10:56:45.160,10:56:44.900,0.41573548
DARE,11:11:59.070,11:11:59.300,0.58287233
DARE,11:31:02.330,11:31:02.500,0.69161785
DARE,11:35:46.280,11:35:46.100,0.7577204
DARE,11:43:44.630,11:43:43.900,0.850543
DARE,11:49:07.690,11:49:07.300,0.6719221
DARE,11:51:37.830,11:51:37.100,0.83870906
DARE,11:58:55.480,11:58:55.400,0.8112122
DARE,12:31:59.480,12:31:58.700,0.7023472
DARE,12:55:06.670,12:55:06.700,0.39005092
DARE,13:03:36.380,13:03:35.500,0.55673885
DARE,13:14:26.550,13:14:27.100,0.72940564
DARE,13:16:56.360,13:16:56.600,0.7802224
DARE,13:33:33.050,13:33:32.800,0.6271873
DARE,13:45:08.490,13:45:07.900,0.6892972
DARE,13:46:37.900,13:46:38.300,0.64801025
DARE,13:52:26.220,13:52:26.400,0.5800688
DARE,14:10:30.990,14:10:30.800,0.71973264
DARE,14:21:12.350,14:21:12.700,0.47888893
DARE,14:23:04.450,14:23:04.500,0.5898938
DARE,14:27:29.050,14:27:29.200,0.78510445
DARE,14:55:51.400,14:55:50.500,0.77074647
DARE,15:06:41.620,15:06:41.800,0.6930096
DARE,15:08:29.180,15:08:28.500,0.35017064
DARE,15:20:30.030,15:20:29.900,0.8117503
DARE,15:22:31.910,15:22:31.700,0.75420505
DARE,15:33:53.070,15:33:53.500,0.6710198
DARE,15:50:09.320,15:50:09.200,0.540124
DARE,15:51:39.000,15:51:38.800,0.5620619
DARE,15:53:08.160,15:53:08.600,0.4511932
DARE,15:59:44.670,15:59:44.700,0.72607374
DARE,16:07:03.100,16:07:03.200,0.728592
DARE,16:10:56.280,16:10:56.400,0.7307058
DARE,16:27:11.920,16:27:11.900,0.73600775
DARE,16:41:33.130,16:41:32.900,0.7982922
DARE,16:49:40.780,16:49:40.400,0.6656623
DARE,16:52:15.820,16:52:15.200,0.8280566
DARE,17:05:01.930,17:05:01.400,0.71012896
DARE,17:10:35.640,17:10:35.900,0.6350988
DARE,17:12:05.090,17:12:04.800,0.756734
DARE,17:19:25.670,17:19:25.800,0.8984523
DARE,17:21:46.700,17:21:46.300,0.852668
DARE,17:22:33.150,17:22:33.100,0.6463922
DARE,17:26:52.020,17:26:51.900,0.6099574
DARE,17:35:28.290,17:35:27.400,0.7574415
DARE,17:39:44.750,17:39:45.100,0.764284
DARE,17:40:52.200,17:40:52.300,0.73677105
DARE,17:43:24.860,17:43:25.100,0.6821581
DARE,17:44:50.430,17:44:50.400,0.69649446
DARE,17:47:06.490,17:47:06.300,0.7778399
DARE,17:49:17.940,17:49:18.300,0.87411016
DARE,17:51:41.890,17:51:40.900,0.93959475
DARE,18:03:11.520,18:03:12.200,0.46492285
DARE,18:12:54.890,18:12:54.300,0.86052775
DARE,18:14:21.440,18:14:20.900,0.4983539
DARE,18:15:46.080,18:15:45.300,0.66365147
DARE,18:23:00.610,18:23:01.600,0.6777361
DARE,18:25:50.840,18:25:50.600,0.75686353
DARE,18:27:05.940,18:27:06.000,0.6858702
DARE,18:30:06.100,18:30:05.300,0.835575
DARE,18:44:21.050,18:44:21.000,0.5308589
DARE,18:49:09.650,18:49:09.600,0.82846045
DARE,18:54:02.760,18:54:03.700,0.6627542
DARE,19:12:49.830,19:12:49.500,0.74299055
DARE,19:16:18.750,19:16:18.600,0.599941
DARE,19:19:17.830,19:19:17.300,0.713258
DARE,19:21:33.650,19:21:33.300,0.7156735
DARE,19:31:17.860,19:31:17.900,0.6448881
DARE,19:37:53.080,19:37:53.200,0.86000454
DARE,19:40:40.260,19:40:40.100,0.76285136
DARE,19:43:59.780,19:43:59.900,0.899689
DARE,19:48:27.490,19:48:27.500,0.6065506
DARE,20:05:40.110,20:05:39.300,0.844682
DARE,20:08:48.710,20:08:48.200,0.5675494
DARE,20:12:07.530,20:12:07.200,0.69143534
DARE,20:13:28.630,20:13:28.100,0.8746151
DARE,20:19:14.660,20:19:14.900,0.7162487
DARE,20:21:11.940,20:21:11.600,0.79678416
DARE,20:22:27.810,20:22:28.200,0.5966394
DARE,20:26:37.190,20:26:37.400,0.54779947
DARE,20:28:32.070,20:28:31.800,0.821508
DARE,20:33:32.470,20:33:32.100,0.71810955
DARE,20:36:13.850,20:36:14.300,0.6200719
DARE,20:38:36.640,20:38:36.700,0.72320867
DARE,21:01:11.320,21:01:11.200,0.42013282
DARE,21:15:38.330,21:15:38.900,0.71411
DARE,21:17:59.890,21:17:59.800,0.63116884
DARE,21:20:08.740,21:20:07.900,0.6566638
DARE,21:21:30.770,21:21:31.500,0.63150805
DARE,21:25:20.200,21:25:19.300,0.7194557
DARE,21:28:28.790,21:28:28.800,0.6839794
DARE,21:55:26.520,21:55:27.100,0.65083903
DARE,22:01:34.350,22:01:34.800,0.7373874
DARE,22:06:40.310,22:06:40.300,0.60240245
DARE,22:14:21.050,22:14:20.400,0.69065243
DARE,22:23:53.030,22:23:52.900,0.70157504
DARE,22:28:18.340,22:28:18.300,0.85461766
DARE,22:34:40.660,22:34:40.800,0.71547747
DARE,22:37:57.550,22:37:57.400,0.7787971
DARE,22:41:17.900,22:41:17.700,0.75055045
DARE,22:58:37.590,22:58:37.400,0.7597128
DARE,22:59:26.020,22:59:26.100,0.858905
DARE,23:02:13.580,23:02:13.600,0.84761095
DARE,23:05:42.110,23:05:41.600,0.8929635
DARE,23:08:24.900,23:08:24.500,0.6781869
DARE,23:11:07.610,23:11:07.600,0.7118746
DARE,23:11:57.600,23:11:57.700,0.48605186
DARE,23:13:48.240,23:13:48.400,0.7508955
DARE,23:17:43.160,23:17:43.200,0.82391787
DARE,23:18:31.030,23:18:30.900,0.8587236
DARE,23:21:22.060,23:21:22.000,0.48909605
DARE,23:27:30.140,23:27:29.600,0.77918404
DARE,23:32:29.390,23:32:29.200,0.7688524
DARE,23:36:38.630,23:36:38.500,0.6253556
DARE,23:38:45.870,23:38:45.700,0.8094023
DARE,23:46:01.640,23:46:01.900,0.57793075
DARE,23:48:52.660,23:48:52.900,0.8065722
DARE,23:54:42.260,23:54:41.700,0.65046996
DARE,23:56:22.630,23:56:22.700,0.7540002
DYBB,02:10:56.920,02:10:57.400,0.50018984
DYBB,02:12:37.870,02:12:38.300,0.47400808
DYBB,02:39:30.170,02:39:30.500,0.7736846
DYBB,02:54:12.500,02:54:12.700,0.7522571
DYBB,03:01:56.720,03:01:57.100,0.65405405
DYBB,03:23:24.410,03:23:24.600,0.6163421
DYBB,03:36:21.760,03:36:21.800,0.7080499
DYBB,04:14:59.310,04:14:59.300,0.7112037
DYBB,05:33:00.850,05:33:01.300,0.39852187
DYBB,05:56:33.950,05:56:34.900,0.6388959
DYBB,06:02:31.500,06:02:31.600,0.62752175
DYBB,06:28:39.720,06:28:40.600,0.48772034
DYBB,06:34:52.760,06:34:53.000,0.6946102
DYBB,06:50:31.260,06:50:32.100,0.5589266
DYBB,07:54:28.260,07:54:29.100,0.43249008
DYBB,07:59:45.760,07:59:45.100,0.8425249
DYBB,08:41:09.190,08:41:09.600,0.70740867
DYBB,08:59:19.480,08:59:19.800,0.3417356
DYBB,09:21:50.240,09:21:50.600,0.6076915
DYBB,09:44:30.400,09:44:30.100,0.61819804
DYBB,09:49:17.580,09:49:17.500,0.47736165
DYBB,10:13:01.290,10:13:01.600,0.4707785
DYBB,12:35:32.630,12:35:32.600,0.62142336
DYBB,12:40:07.520,12:40:07.500,0.5846238
DYBB,14:51:58.440,14:51:59.400,0.44019425
DYBB,14:58:45.420,14:58:44.600,0.37976488
DYBB,16:35:47.030,16:35:46.600,0.62551975
DYBB,17:18:07.610,17:18:07.300,0.6007204
DYBB,18:11:12.060,18:11:11.800,0.505975
DYBB,18:18:31.550,18:18:32.300,0.5580574
DYBB,19:16:01.220,19:16:01.700,0.7848952
DYBB,19:47:17.210,19:47:18.000,0.55103475
DYBB,20:23:51.350,20:23:50.600,0.5309246
DYBB,20:54:13.700,20:54:12.900,0.66614646
DYBB,23:55:12.370,23:55:12.500,0.29071987
ERZN,02:52:53.610,02:52:53.100,0.4593329
ERZN,02:57:20.260,02:57:19.300,0.7699965
ERZN,04:19:40.260,04:19:39.700,0.73359466
ERZN,21:50:14.900,21:50:14.700,0.8123609
FETY,11:46:38.520,11:46:38.600,0.7807269
GULA,09:32:45.440,09:32:46.100,0.7743803
GULT,18:31:15.740,18:31:16.600,0.82707417
GURO,00:16:28.590,00:16:28.900,0.54668546
GURO,02:52:55.130,02:52:55.900,0.68861026
GURO,05:12:57.350,05:12:56.900,0.41886067
GURO,07:59:46.950,07:59:46.800,0.31548125
GURO,19:51:46.970,19:51:47.300,0.5135435
GURO,23:55:37.630,23:55:37.400,0.8454577
KARO,03:18:48.770,03:18:48.800,0.9351173
KARO,03:33:42.080,03:33:42.100,0.9364145
KARO,07:51:10.970,07:51:10.900,0.7344224
KARO,14:45:44.320,14:45:43.900,0.5745938
KARO,19:51:30.140,19:51:30.000,0.82232666
KARS,00:16:31.740,00:16:32.500,0.74011654
KARS,22:37:35.790,22:37:35.500,0.6591636
KMRS,01:40:37.830,01:40:37.500,0.710992
KMRS,01:41:10.290,01:41:10.500,0.6939235
KMRS,02:01:54.330,02:01:53.900,0.96827376
KMRS,02:31:32.160,02:31:32.500,0.96267825
KMRS,02:37:00.200,02:36:59.900,0.9720927
KMRS,02:38:15.140,02:38:15.100,0.91552836
KMRS,02:50:53.230,02:50:53.600,0.31960195
KMRS,02:55:15.800,02:55:16.000,0.9555858
KMRS,03:06:27.140,03:06:27.400,0.64619416
KMRS,03:12:22.070,03:12:21.900,0.89479303
KMRS,03:14:59.900,03:14:59.900,0.87856334
KMRS,03:17:29.280,03:17:29.300,0.84815645
KMRS,03:18:35.770,03:18:35.700,0.47203124
KMRS,03:30:09.360,03:30:09.500,0.8365758
KMRS,03:32:57.240,03:32:57.300,0.84156245
KMRS,03:38:27.040,03:38:27.000,0.7831962
KMRS,04:15:58.790,04:15:59.000,0.6377746
KMRS,04:33:50.770,04:33:50.300,0.9567826
KMRS,05:08:42.460,05:08:42.600,0.8910537
KMRS,05:21:53.140,05:21:53.100,0.87938833
KMRS,05:25:26.400,05:25:26.000,0.95595264
KMRS,05:25:45.140,05:25:45.400,0.5568764
KMRS,05:28:22.440,05:28:22.800,0.9676472
KMRS,05:30:08.380,05:30:07.800,0.9015684
KMRS,05:48:12.500,05:48:12.200,0.9251994
KMRS,06:04:20.870,06:04:20.600,0.4991434
KMRS,06:07:15.710,06:07:16.200,0.93619704
KMRS,06:07:51.940,06:07:51.700,0.550771
KMRS,06:09:12.250,06:09:11.900,0.92560863
KMRS,06:13:15.740,06:13:15.900,0.83945906
KMRS,06:20:45.410,06:20:45.200,0.72781456
KMRS,06:26:37.810,06:26:38.400,0.82330585
KMRS,06:29:50.420,06:29:50.200,0.48707804
KMRS,06:33:28.990,06:33:29.600,0.8905073
KMRS,06:42:11.260,06:42:11.400,0.9289689
KMRS,06:43:52.850,06:43:52.400,0.9383199
KMRS,06:47:01.010,06:47:01.300,0.97032094
KMRS,06:55:14.390,06:55:13.700,0.6480839
KMRS,06:59:12.990,06:59:12.500,0.9327673
KMRS,07:01:42.430,07:01:42.300,0.7369257
KMRS,07:03:16.220,07:03:16.100,0.7687883
KMRS,07:17:02.180,07:17:02.200,0.9782693
KMRS,09:02:06.780,09:02:06.300,0.81427026
KMRS,09:12:35.550,09:12:35.400,0.9556619
KMRS,09:34:24.710,09:34:24.900,0.94742167
KMRS,10:15:05.960,10:15:05.600,0.90038216
KMRS,10:16:24.800,10:16:24.300,0.9769391
KMRS,10:32:28.260,10:32:27.800,0.4862494
KMRS,10:36:31.710,10:36:31.400,0.6249221
KMRS,10:59:44.840,10:59:44.600,0.85025424
KMRS,11:00:28.950,11:00:28.900,0.81832874
KMRS,11:01:23.730,11:01:24.200,0.35189414
KMRS,11:03:04.520,11:03:04.100,0.5173614
KMRS,12:16:38.670,12:16:38.300,0.62860054
KMRS,13:22:22.020,13:22:22.000,0.91211706
KMRS,13:46:45.480,13:46:45.800,0.81696355
KMRS,15:40:16.200,15:40:16.200,0.8167054
KMRS,15:51:51.650,15:51:51.900,0.8008486
KMRS,15:54:13.110,15:54:13.300,0.90358436
KMRS,16:43:49.120,16:43:48.900,0.6934165
KMRS,17:09:01.550,17:09:01.600,0.8363827
KMRS,17:24:51.120,17:24:51.100,0.9472813
KMRS,17:28:57.580,17:28:57.500,0.41600716
KMRS,17:39:47.090,17:39:47.300,0.8314114
KMRS,20:13:46.190,20:13:45.600,0.7222817
KMRS,20:41:45.680,20:41:45.900,0.6411081
KMRS,21:03:19.720,21:03:19.600,0.8388144
KMRS,21:13:05.960,21:13:05.900,0.64661956
KMRS,21:13:52.070,21:13:51.700,0.8819324
KMRS,21:20:29.070,21:20:29.400,0.6383373
KMRS,21:25:36.030,21:25:36.300,0.9263682
KMRS,22:14:22.580,22:14:23.100,0.78357327
KMRS,22:26:40.310,22:26:40.400,0.6777475
KMRS,22:38:05.170,22:38:05.900,0.61493087
KMRS,22:45:15.240,22:45:15.100,0.92812806
KMRS,22:51:38.260,22:51:38.600,0.77257025
KMRS,22:55:42.940,22:55:43.100,0.8478811
KMRS,22:57:59.470,22:57:59.400,0.9191325
KMRS,22:59:46.890,22:59:47.600,0.5347463
KMRS,23:02:26.940,23:02:27.000,0.82159984
KMRS,23:13:02.770,23:13:02.700,0.8882458
KMRS,23:13:51.030,23:13:50.700,0.62539506
KMRS,23:14:56.070,23:14:56.200,0.804118
KMRS,23:30:28.290,23:30:27.500,0.85350615
KMRS,23:31:41.530,23:31:41.600,0.71013284
KMRS,23:54:36.390,23:54:36.600,0.86945
KOZT,01:52:22.920,01:52:22.400,0.44029188
KOZT,02:02:17.070,02:02:17.000,0.66948736
KOZT,02:19:28.260,02:19:28.400,0.57041425
KOZT,02:23:46.940,02:23:47.000,0.71377575
KOZT,02:37:25.170,02:37:25.200,0.42602438
KOZT,02:38:43.420,02:38:42.800,0.36003625
KOZT,02:44:17.920,02:44:18.500,0.5051521
KOZT,02:55:42.270,02:55:41.900,0.7348272
KOZT,03:03:36.820,03:03:37.700,0.59592277
KOZT,03:12:50.360,03:12:50.900,0.7464682
KOZT,03:30:37.280,03:30:37.700,0.70214057
KOZT,03:33:20.640,03:33:21.400,0.77317905
KOZT,03:42:02.440,03:42:03.400,0.62498236
KOZT,03:57:19.370,03:57:19.700,0.5666489
KOZT,03:58:54.210,03:58:54.200,0.48174238
KOZT,04:11:23.910,04:11:23.200,0.5573864
KOZT,04:14:15.100,04:14:15.500,0.2943828
KOZT,04:14:16.200,04:14:15.500,0.5780804
KOZT,04:25:22.500,04:25:22.600,0.56973517
KOZT,04:32:00.970,04:32:00.800,0.30871457
KOZT,04:37:55.430,04:37:55.300,0.35090834
KOZT,04:43:26.970,04:43:27.000,0.55886495
KOZT,04:50:52.770,04:50:52.900,0.40987295
KOZT,05:05:06.470,05:05:05.700,0.78380966
KOZT,05:09:05.010,05:09:05.100,0.50513566
KOZT,05:12:36.620,05:12:36.200,0.29548746
KOZT,05:13:25.800,05:13:26.600,0.70808995
KOZT,05:22:21.110,05:22:20.700,0.82479966
KOZT,05:26:11.350,05:26:11.300,0.70196044
KOZT,05:37:12.560,05:37:13.100,0.4147504
KOZT,05:48:25.030,05:48:25.000,0.7468535
KOZT,06:04:34.570,06:04:35.300,0.5755132
KOZT,06:09:34.600,06:09:35.500,0.4824878
KOZT,06:11:23.590,06:11:24.300,0.59579873
KOZT,06:13:43.700,06:13:44.100,0.47735268
KOZT,06:27:01.690,06:27:00.700,0.7721257
KOZT,06:33:54.230,06:33:53.400,0.52807784
KOZT,06:52:23.330,06:52:23.600,0.5524664
KOZT,06:59:40.380,06:59:41.100,0.68534076
KOZT,08:07:07.200,08:07:07.000,0.40270153
KOZT,08:09:11.380,08:09:10.700,0.6811577
KOZT,08:17:13.370,08:17:13.800,0.5492412
KOZT,08:18:19.240,08:18:19.400,0.746182
KOZT,08:23:31.260,08:23:30.300,0.62928516
KOZT,08:26:21.010,08:26:20.500,0.7005116
KOZT,08:42:31.880,08:42:31.300,0.5394097
KOZT,08:46:08.300,08:46:08.200,0.61637557
KOZT,08:53:13.050,08:53:12.600,0.5916628
KOZT,09:03:55.620,09:03:55.900,0.45835492
KOZT,09:05:46.430,09:05:47.200,0.6247055
KOZT,09:06:25.520,09:06:24.900,0.7232145
KOZT,09:10:48.330,09:10:48.100,0.50242144
KOZT,09:12:11.850,09:12:11.800,0.37328884
KOZT,09:34:50.110,09:34:50.900,0.37270766
KOZT,09:36:44.520,09:36:43.700,0.5430729
KOZT,09:57:50.960,09:57:51.000,0.6731775
KOZT,10:09:43.730,10:09:43.800,0.63498694
KOZT,10:15:33.830,10:15:33.200,0.38704944
KOZT,10:16:52.370,10:16:51.700,0.70443827
KOZT,11:16:56.010,11:16:55.600,0.27342165
KOZT,11:17:08.050,11:17:07.700,0.38700625
KOZT,11:56:26.510,11:56:25.700,0.4038236
KOZT,12:02:39.450,12:02:39.200,0.49854547
KOZT,12:07:59.170,12:07:58.600,0.50289744
KOZT,12:21:44.980,12:21:45.800,0.43305138
KOZT,12:37:12.120,12:37:12.600,0.6520328
KOZT,13:45:37.040,13:45:37.000,0.4655646
KOZT,13:59:19.410,13:59:19.400,0.68764323
KOZT,14:30:21.770,14:30:22.700,0.5219362
KOZT,15:01:52.230,15:01:52.200,0.51983446
KOZT,15:04:10.250,15:04:10.000,0.4178905
KOZT,15:08:54.670,15:08:55.600,0.41951853
KOZT,15:08:55.850,15:08:55.600,0.3087354
KOZT,15:11:11.560,15:11:11.200,0.70952046
KOZT,15:15:23.320,15:15:23.100,0.6078857
KOZT,15:22:03.790,15:22:02.800,0.3006246
KOZT,15:44:36.550,15:44:35.900,0.3610034
KOZT,15:50:21.860,15:50:22.200,0.5373064
KOZT,15:54:38.230,15:54:38.500,0.5401904
KOZT,16:02:57.880,16:02:57.800,0.79372907
KOZT,16:07:21.790,16:07:22.000,0.5189299
KOZT,16:13:26.700,16:13:27.600,0.573821
KOZT,16:22:12.850,16:22:13.300,0.4804051
KOZT,16:23:12.120,16:23:12.000,0.602288
KOZT,16:28:37.710,16:28:37.200,0.5575595
KOZT,16:43:54.130,16:43:53.300,0.57735217
KOZT,16:56:18.730,16:56:18.500,0.54001486
KOZT,16:59:53.730,16:59:53.200,0.7354088
KOZT,17:16:44.200,17:16:44.000,0.5223273
KOZT,17:55:04.860,17:55:05.600,0.6119553
KOZT,18:05:28.310,18:05:28.200,0.4619794
KOZT,18:14:16.010,18:14:16.600,0.664755
KOZT,18:31:51.390,18:31:50.900,0.70964277
KOZT,18:37:49.970,18:37:50.400,0.3700717
KOZT,19:10:57.350,19:10:56.900,0.5169232
KOZT,19:16:13.480,19:16:13.700,0.53621274
KOZT,19:36:25.860,19:36:25.900,0.37586224
KOZT,19:48:25.180,19:48:24.700,0.67946887
KOZT,19:50:08.270,19:50:08.900,0.7479898
KOZT,20:14:37.470,20:14:36.900,0.49844408
KOZT,20:22:19.890,20:22:20.400,0.5815331
KOZT,20:38:25.110,20:38:25.100,0.37512922
KOZT,20:44:27.370,20:44:26.400,0.31741232
KOZT,20:58:35.990,20:58:35.400,0.7171881
KOZT,21:07:07.550,21:07:06.700,0.7030946
KOZT,21:11:54.150,21:11:55.100,0.38519073
KOZT,21:39:12.890,21:39:12.900,0.6424457
KOZT,21:40:01.320,21:40:02.200,0.46434405
KOZT,21:40:35.330,21:40:34.900,0.6453451
KOZT,21:41:54.220,21:41:53.800,0.79844993
KOZT,21:51:42.230,21:51:42.200,0.6930714
KOZT,21:58:12.110,21:58:11.300,0.5912887
KOZT,22:01:47.930,22:01:48.600,0.555181
KOZT,22:05:19.020,22:05:19.000,0.601565
KOZT,22:30:08.690,22:30:09.500,0.54184306
KOZT,22:41:37.790,22:41:38.100,0.62661445
KOZT,23:15:25.150,23:15:24.200,0.58478475
KOZT,23:17:40.030,23:17:40.400,0.61720836
KOZT,23:32:03.680,23:32:03.200,0.32561514
KOZT,23:54:47.040,23:54:47.200,0.27415726
KRBG,04:24:45.880,04:24:45.800,0.8148985
KULA,04:54:47.720,04:54:47.500,0.8411155
LICE,02:52:21.530,02:52:21.400,0.5571433
LICE,02:54:18.840,02:54:19.600,0.6291985
LICE,03:22:10.800,03:22:10.100,0.5960269
LICE,06:50:02.640,06:50:03.200,0.55685055
LICE,07:51:15.570,07:51:15.400,0.6403762
LICE,09:49:17.120,09:49:16.200,0.8185796
LICE,11:18:33.520,11:18:34.200,0.7277442
LICE,14:11:37.690,14:11:38.500,0.8112654
LICE,23:55:02.400,23:55:02.800,0.5644089
MAZI,01:48:20.320,01:48:20.400,0.3712388
MAZI,02:39:40.070,02:39:39.800,0.7382023
MAZI,03:29:37.330,03:29:37.300,0.3894173
MAZI,03:36:31.920,03:36:32.100,0.6480466
MAZI,04:19:37.920,04:19:37.700,0.35563517
MAZI,05:34:07.040,05:34:06.600,0.39855617
MAZI,05:55:00.050,05:54:59.700,0.37961173
MAZI,05:56:43.010,05:56:43.400,0.46882042
MAZI,06:53:45.390,06:53:45.100,0.58236665
MAZI,08:41:18.190,08:41:18.100,0.83251494
MAZI,09:44:42.190,09:44:41.700,0.49814728
MAZI,18:18:41.710,18:18:42.400,0.62587583
MAZI,20:24:02.240,20:24:02.300,0.73458505
MAZI,22:03:51.510,22:03:51.200,0.32562673
MAZI,22:40:58.000,22:40:58.000,0.7075733
MAZI,23:55:26.660,23:55:27.300,0.42146492
MDUB,08:25:05.340,08:25:05.200,0.6347263
MDUB,08:32:15.780,08:32:15.800,0.82658464
MERS,02:18:36.310,02:18:35.900,0.62115824
MERS,04:28:52.240,04:28:52.100,0.67805326
MERS,04:32:11.080,04:32:11.200,0.7033005
MERS,05:45:42.160,05:45:41.700,0.7463218
MERS,07:00:53.600,07:00:53.900,0.40605956
MERS,07:09:20.370,07:09:20.300,0.4584487
MERS,07:10:58.490,07:10:58.200,0.7403129
MERS,07:25:10.110,07:25:09.900,0.8284589
MERS,07:45:51.990,07:45:51.200,0.47209024
MERS,08:02:37.160,08:02:37.500,0.5732346
MERS,08:05:25.140,08:05:25.400,0.6878673
MERS,13:10:06.760,13:10:06.500,0.6665108
MERS,18:04:56.520,18:04:56.400,0.5821933
MERS,20:45:00.880,20:45:00.700,0.5387565
MERS,21:02:54.910,21:02:55.100,0.45687082
MERS,21:27:50.410,21:27:51.200,0.36639932
MERS,21:35:26.000,21:35:25.800,0.7898283
MLAZ,03:19:25.820,03:19:25.100,0.43517837
MLAZ,05:12:51.360,05:12:51.200,0.28020325
RSDY,12:03:29.490,12:03:29.500,0.5075446
SARI,01:52:22.150,01:52:22.100,0.6410005
SARI,02:02:25.840,02:02:25.400,0.4948902
SARI,02:04:18.970,02:04:18.300,0.36989814
SARI,02:18:24.530,02:18:24.900,0.5297513
SARI,02:32:01.440,02:32:02.200,0.87210286
SARI,02:37:31.410,02:37:30.600,0.62594926
SARI,02:41:28.740,02:41:28.300,0.45700455
SARI,02:51:25.050,02:51:25.100,0.28496227
SARI,03:12:17.170,03:12:17.700,0.74266756
SARI,03:12:51.850,03:12:51.400,0.664866
SARI,03:49:21.750,03:49:21.700,0.6370339
SARI,03:56:16.560,03:56:16.500,0.6176693
SARI,03:57:31.140,03:57:31.400,0.54326004
SARI,04:01:54.760,04:01:54.800,0.6162828
SARI,04:04:54.120,04:04:53.500,0.61484295
SARI,04:05:52.530,04:05:53.100,0.64436066
SARI,04:14:16.060,04:14:15.200,0.32505646
SARI,04:25:22.580,04:25:22.100,0.38046777
SARI,04:31:41.990,04:31:41.800,0.6152557
SARI,05:05:12.360,05:05:11.600,0.5497776
SARI,05:09:14.890,05:09:14.500,0.56952506
SARI,05:25:56.280,05:25:55.400,0.7047764
SARI,05:30:40.690,05:30:40.400,0.58208185
SARI,05:47:46.710,05:47:46.100,0.45934775
SARI,05:50:13.530,05:50:13.800,0.31695342
SARI,05:52:43.990,05:52:43.000,0.7482828
SARI,06:07:45.190,06:07:44.800,0.79102534
SARI,06:09:43.160,06:09:43.000,0.58181965
SARI,06:13:42.860,06:13:43.800,0.34079403
SARI,06:15:16.890,06:15:16.700,0.6400708
SARI,06:24:15.810,06:24:16.200,0.74824893
SARI,06:30:24.380,06:30:23.400,0.7790303
SARI,06:35:36.820,06:35:36.700,0.7334242
SARI,06:37:27.090,06:37:27.700,0.4066106
SARI,06:52:25.220,06:52:25.100,0.59234416
SARI,06:59:41.830,06:59:41.600,0.3489481
SARI,07:12:52.750,07:12:52.900,0.4642586
SARI,07:21:43.820,07:21:43.100,0.57568854
SARI,07:23:58.400,07:23:58.200,0.46656537
SARI,07:29:26.610,07:29:27.300,0.45300192
SARI,07:31:41.170,07:31:40.900,0.877223
SARI,07:39:25.820,07:39:25.300,0.6949192
SARI,07:41:58.190,07:41:57.200,0.38093776
SARI,07:44:17.410,07:44:17.300,0.69497097
SARI,07:48:22.630,07:48:22.500,0.7204046
SARI,08:09:20.710,08:09:20.100,0.7690752
SARI,08:13:29.970,08:13:30.000,0.7353119
SARI,08:26:31.870,08:26:31.400,0.3208007
SARI,08:36:31.390,08:36:31.300,0.63604444
SARI,08:46:12.850,08:46:12.200,0.56609213
SARI,09:02:30.380,09:02:30.400,0.6616879
SARI,09:04:12.450,09:04:11.500,0.76337284
SARI,09:05:57.440,09:05:57.900,0.7008174
SARI,09:06:26.990,09:06:26.700,0.4843392
SARI,09:12:21.530,09:12:21.900,0.5040441
SARI,09:21:48.010,09:21:48.700,0.86494964
SARI,09:24:32.610,09:24:31.900,0.67319167
SARI,09:58:03.000,09:58:03.000,0.7326327
SARI,09:59:10.640,09:59:11.500,0.59519124
SARI,10:08:24.590,10:08:24.300,0.5396595
SARI,10:16:55.110,10:16:54.600,0.53937274
SARI,10:30:40.560,10:30:41.500,0.43202257
SARI,11:00:21.380,11:00:21.300,0.69185287
SARI,11:04:51.870,11:04:51.900,0.7639935
SARI,11:05:48.140,11:05:48.200,0.89964926
SARI,11:39:54.440,11:39:54.100,0.6595609
SARI,11:50:18.410,11:50:17.800,0.8605356
SARI,11:56:11.840,11:56:11.900,0.7403898
SARI,12:07:46.940,12:07:46.700,0.61338645
SARI,12:21:30.920,12:21:30.900,0.71284866
SARI,12:30:46.400,12:30:45.900,0.8145996
SARI,12:45:32.470,12:45:32.100,0.7563343
SARI,13:00:33.030,13:00:33.100,0.86832076
SARI,13:03:47.030,13:03:46.600,0.83861417
SARI,13:21:31.310,13:21:30.600,0.7683298
SARI,13:52:51.080,13:52:50.600,0.703112
SARI,13:59:02.770,13:59:02.800,0.5849642
SARI,14:02:23.250,14:02:23.100,0.65223074
SARI,14:05:03.490,14:05:03.800,0.4651311
SARI,14:10:40.730,14:10:40.700,0.6526373
SARI,14:27:16.540,14:27:16.800,0.8052322
SARI,14:30:12.270,14:30:12.900,0.65433717
SARI,14:40:51.530,14:40:51.600,0.87115186
SARI,14:48:34.870,14:48:34.200,0.92552304
SARI,14:56:11.460,14:56:12.100,0.7198276
SARI,15:01:38.800,15:01:38.700,0.8096591
SARI,15:06:57.110,15:06:56.300,0.7108133
SARI,15:08:41.670,15:08:41.400,0.6038153
SARI,15:10:54.200,15:10:53.900,0.78889656
SARI,15:27:29.750,15:27:29.800,0.69367325
SARI,15:41:44.160,15:41:43.900,0.87715
SARI,15:48:19.570,15:48:20.100,0.56312585
SARI,15:50:02.770,15:50:02.500,0.72099787
SARI,15:51:58.080,15:51:58.000,0.5620455
SARI,15:56:38.090,15:56:37.900,0.7788905
SARI,15:58:59.440,15:58:59.700,0.8033572
SARI,16:02:39.420,16:02:40.300,0.63585156
SARI,16:11:01.610,16:11:01.700,0.835188
SARI,16:15:44.740,16:15:44.600,0.5000967
SARI,16:22:58.410,16:22:58.300,0.8038408
SARI,16:25:13.230,16:25:12.500,0.82114327
SARI,16:26:52.470,16:26:52.600,0.75129104
SARI,16:41:38.010,16:41:37.900,0.6305136
SARI,16:46:51.530,16:46:51.300,0.73877823
SARI,16:50:05.070,16:50:04.300,0.7850728
SARI,16:53:58.400,16:53:58.200,0.6298459
SARI,16:59:39.850,16:59:39.500,0.66360533
SARI,17:01:33.510,17:01:33.700,0.7131324
SARI,17:16:29.980,17:16:29.900,0.8279981
SARI,17:19:46.930,17:19:46.300,0.74505275
SARI,17:22:13.870,17:22:13.600,0.73044777
SARI,17:26:36.630,17:26:37.100,0.4886415
SARI,17:37:40.800,17:37:41.200,0.56421494
SARI,17:43:16.620,17:43:16.800,0.6334287
SARI,18:02:55.970,18:02:55.700,0.90117496
SARI,18:04:07.320,18:04:07.700,0.5621604
SARI,18:05:15.170,18:05:14.300,0.4490215
SARI,18:07:25.380,18:07:25.600,0.6109998
SARI,18:12:22.630,18:12:22.400,0.8987684
SARI,18:14:02.600,18:14:03.200,0.8229512
SARI,18:25:54.800,18:25:55.000,0.69821715
SARI,18:37:38.080,18:37:38.900,0.51468635
SARI,18:40:20.610,18:40:19.700,0.59976685
SARI,18:41:53.960,18:41:54.600,0.57739896
SARI,18:45:45.640,18:45:45.800,0.6690965
SARI,19:10:44.060,19:10:43.900,0.45900452
SARI,19:13:01.190,19:13:01.200,0.5442865
SARI,19:16:00.800,19:16:00.800,0.7380267
SARI,19:25:22.260,19:25:21.800,0.59586066
SARI,19:31:25.340,19:31:24.400,0.7300072
SARI,19:36:28.580,19:36:27.900,0.5946438
SARI,19:49:52.240,19:49:52.600,0.76861787
SARI,20:02:45.020,20:02:45.800,0.2644667
SARI,20:02:46.070,20:02:45.800,0.47507977
SARI,20:14:24.950,20:14:25.300,0.55707574
SARI,20:19:11.510,20:19:11.800,0.814146
SARI,20:21:27.060,20:21:26.300,0.5663905
SARI,20:22:08.130,20:22:07.900,0.7034761
SARI,20:26:58.570,20:26:58.900,0.68660706
SARI,20:54:13.750,20:54:12.800,0.36694318
SARI,20:56:02.240,20:56:02.500,0.6684393
SARI,20:58:30.070,20:58:30.300,0.5969437
SARI,21:05:25.140,21:05:25.000,0.55768096
SARI,21:23:55.400,21:23:54.600,0.4793974
SARI,21:41:38.340,21:41:38.700,0.56718874
SARI,21:57:56.810,21:57:56.900,0.5428078
SARI,22:01:29.330,22:01:29.500,0.5628434
SARI,22:24:02.620,22:24:02.700,0.8264492
SARI,22:29:51.710,22:29:52.000,0.78512144
SARI,22:41:23.950,22:41:23.100,0.7992209
SARI,22:51:31.420,22:51:32.200,0.6568615
SARI,22:55:44.220,22:55:44.200,0.5988344
SARI,23:12:00.640,23:12:00.800,0.7306012
SARI,23:13:58.970,23:13:58.600,0.67554104
SARI,23:17:25.680,23:17:25.900,0.8091215
SARI,23:21:28.390,23:21:28.500,0.5629567
SARI,23:30:20.950,23:30:21.200,0.86049175
SARI,23:46:06.450,23:46:06.300,0.63016474
SARI,23:54:28.780,23:54:29.100,0.8425708
SARI,23:56:33.780,23:56:34.100,0.523823
SAUV,08:25:12.880,08:25:13.100,0.6419016
SAUV,08:32:16.040,08:32:15.700,0.9701035
SAUV,09:53:23.500,09:53:22.800,0.75603104
SAUV,18:31:11.670,18:31:12.100,0.48844638
SDAG,05:29:07.330,05:29:07.000,0.59711564
SENK,22:37:39.760,22:37:39.500,0.7916779
SERH,11:46:35.770,11:46:34.900,0.6920996
SERH,17:58:09.180,17:58:09.200,0.54564095
SVAN,01:48:06.560,01:48:06.400,0.69471025
SVAN,02:52:38.500,02:52:38.500,0.6291327
SVAN,02:54:32.880,02:54:32.600,0.6222506
SVAN,17:18:22.900,17:18:23.100,0.6791893
SVAN,22:41:18.250,22:41:18.400,0.8071632
SVSK,10:52:29.860,10:52:29.500,0.46392947
TAHT,01:51:39.470,01:51:40.200,0.7614734
TAHT,02:02:22.710,02:02:22.300,0.78924024
TAHT,02:23:47.610,02:23:48.200,0.6153687
TAHT,02:54:11.830,02:54:11.900,0.75555277
TAHT,03:58:26.710,03:58:26.300,0.80217284
TAHT,04:13:13.630,04:13:13.300,0.9620528
TAHT,04:24:19.080,04:24:19.600,0.9719205
TAHT,04:28:14.340,04:28:14.800,0.7299535
TAHT,04:37:18.840,04:37:19.500,0.80410933
TAHT,04:48:09.790,04:48:10.100,0.56160486
TAHT,04:50:25.240,04:50:25.300,0.7976418
URFA,01:34:01.360,01:34:00.800,0.44058225
URFA,01:50:36.550,01:50:35.900,0.79500514
URFA,01:52:28.630,01:52:29.300,0.51656854
URFA,02:04:08.800,02:04:07.800,0.7798573
URFA,02:06:50.490,02:06:51.000,0.6818687
URFA,02:29:34.980,02:29:35.100,0.6061764
URFA,02:34:58.630,02:34:59.600,0.2986068
URFA,02:39:10.430,02:39:10.300,0.4712085
URFA,03:02:49.880,03:02:50.200,0.7446449
URFA,03:16:41.230,03:16:40.400,0.8638259
URFA,03:28:03.610,03:28:02.900,0.52594084
URFA,03:29:10.630,03:29:10.600,0.7534168
URFA,03:46:17.330,03:46:17.800,0.80806357
URFA,04:05:04.970,04:05:05.900,0.38257247
URFA,04:05:54.100,04:05:54.400,0.80934787
URFA,04:14:42.710,04:14:43.000,0.8655095
URFA,04:58:49.720,04:58:49.500,0.4515811
URFA,05:17:28.110,05:17:27.600,0.64525145
URFA,05:20:13.790,05:20:14.300,0.9114939
URFA,05:23:17.380,05:23:17.600,0.8936111
URFA,05:26:04.110,05:26:04.800,0.6055728
URFA,05:32:38.230,05:32:38.600,0.6485454
URFA,05:33:37.270,05:33:37.400,0.58755344
URFA,05:43:27.660,05:43:27.700,0.9361408
URFA,05:52:48.610,05:52:49.200,0.8332233
URFA,05:56:15.250,05:56:15.600,0.7772465
URFA,06:19:54.110,06:19:53.900,0.4134816
URFA,06:32:09.760,06:32:10.200,0.605137
URFA,06:34:35.790,06:34:36.700,0.6591394
URFA,06:34:36.990,06:34:36.700,0.37376335
URFA,06:49:44.600,06:49:44.900,0.6842475
URFA,06:50:16.080,06:50:16.200,0.96055365
URFA,06:51:53.390,06:51:54.100,0.4527545
URFA,06:53:17.440,06:53:18.100,0.73918664
URFA,06:55:37.350,06:55:37.500,0.7414755
URFA,07:04:51.310,07:04:51.500,0.48651326
URFA,07:07:00.890,07:07:00.900,0.9489367
URFA,07:43:44.070,07:43:44.200,0.9184129
URFA,07:48:07.270,07:48:06.700,0.71072745
URFA,07:54:05.460,07:54:05.400,0.83405006
URFA,08:02:43.450,08:02:44.100,0.7540681
URFA,08:07:16.290,08:07:16.200,0.61109
URFA,08:11:57.410,08:11:57.000,0.6707561
URFA,08:15:23.340,08:15:23.100,0.39238966
URFA,08:40:47.510,08:40:47.500,0.7378256
URFA,08:53:21.870,08:53:22.200,0.5527915
URFA,09:44:21.740,09:44:21.800,0.87064135
URFA,10:12:42.110,10:12:42.600,0.4812646
URFA,10:52:05.550,10:52:05.400,0.8050282
URFA,11:01:29.390,11:01:28.900,0.716181
URFA,11:31:20.610,11:31:20.800,0.5381974
URFA,11:59:15.250,11:59:14.300,0.574142
URFA,12:14:27.280,12:14:27.900,0.7087691
URFA,12:39:50.300,12:39:50.900,0.7064311
URFA,13:22:42.870,13:22:43.100,0.3754825
URFA,13:29:28.710,13:29:28.800,0.6261727
URFA,14:03:45.200,14:03:45.800,0.7121287
URFA,14:21:24.950,14:21:24.100,0.28869742
URFA,14:25:33.950,14:25:33.900,0.7844291
URFA,14:33:40.040,14:33:39.900,0.50652766
URFA,14:51:39.590,14:51:40.300,0.8169855
URFA,15:15:10.180,15:15:09.500,0.7846377
URFA,15:34:07.580,15:34:07.100,0.66936123
URFA,15:51:58.680,15:51:57.800,0.42870122
URFA,15:53:17.290,15:53:17.300,0.7250737
URFA,16:15:58.380,16:15:58.200,0.725783
URFA,16:49:55.600,16:49:55.200,0.4163671
URFA,17:19:44.350,17:19:43.900,0.39236775
URFA,17:30:16.900,17:30:17.900,0.6831577
URFA,18:10:55.200,18:10:55.100,0.91246784
URFA,18:18:15.740,18:18:15.700,0.83166176
URFA,18:23:20.700,18:23:20.200,0.59704703
URFA,18:30:23.150,18:30:22.200,0.56683695
URFA,19:13:13.770,19:13:13.700,0.6824977
URFA,19:15:46.110,19:15:45.800,0.38851598
URFA,19:38:12.920,19:38:13.500,0.2781819
URFA,19:38:14.200,19:38:13.500,0.38759556
URFA,19:40:45.500,19:40:46.400,0.7211559
URFA,20:09:08.970,20:09:09.300,0.5694779
URFA,20:12:27.170,20:12:27.400,0.53911436
URFA,20:38:39.500,20:38:39.400,0.30260754
URFA,21:14:32.920,21:14:33.300,0.5659421
URFA,22:12:10.920,22:12:11.000,0.70035994
URFA,22:14:46.120,22:14:46.400,0.77459276
URFA,22:20:36.540,22:20:36.800,0.6004226
URFA,22:24:19.590,22:24:20.000,0.6892264
URFA,22:28:50.000,22:28:49.900,0.5206566
URFA,22:35:03.870,22:35:04.000,0.42767024
URFA,22:40:24.720,22:40:24.800,0.982913
URFA,23:02:33.370,23:02:33.800,0.5180912
URFA,23:15:22.340,23:15:22.200,0.7801398
URFA,23:44:05.410,23:44:04.900,0.7025719
UVEZ,08:25:00.910,08:25:00.800,0.9390649
UVEZ,08:32:07.020,08:32:07.100,0.9883466
UVEZ,09:53:11.840,09:53:12.200,0.87944615
UVEZ,18:26:35.160,18:26:35.400,0.75447154
UVEZ,18:31:20.270,18:31:20.800,0.72631377
VRTB,02:52:48.650,02:52:48.600,0.7455415
VRTB,03:18:59.320,03:18:59.200,0.48819107
VRTB,03:33:48.440,03:33:48.200,0.3283653
YAYX,14:45:38.840,14:45:38.100,0.7813078
