station,EQTransformer_pick_time,EQCCT_pick_time,EQTransformer_pick_score,EQCCT_score
ADVT,02:19:19.000,02:19:18.810,0.53,0.281
ADVT,02:19:19.000,02:19:18.810,0.53,0.485
ADVT,02:19:19.000,02:19:18.840,0.53,0.34
ADVT,02:41:09.560,02:41:10.110,0.52,0.165
ADVT,02:41:09.560,02:41:10.130,0.52,0.254
ADVT,04:21:53.980,04:21:53.980,0.3,0.22
ADVT,04:25:02.000,04:25:02.790,0.28,0.205
ADVT,04:25:02.000,04:25:02.840,0.28,0.229
ADVT,04:25:02.000,04:25:02.880,0.28,0.208
ADVT,04:25:02.000,04:25:02.990,0.28,0.453
AFSR,01:37:21.450,01:37:22.000,0.24,0.264
AFSR,11:06:16.290,11:06:16.980,0.24,0.202
AFSR,11:06:32.000,11:06:32.010,0.36,0.274
AFSR,11:40:41.000,11:40:40.000,0.42,0.141
AFSR,11:52:58.570,11:52:58.660,0.36,0.18
AFSR,13:39:55.000,13:39:54.000,0.93,0.158
AGRB,09:09:22.610,09:09:22.660,0.72,0.73
AGRB,09:09:22.610,09:09:22.660,0.72,0.781
AGRB,09:09:22.610,09:09:22.660,0.72,0.736
AGRB,09:09:22.610,09:09:22.670,0.72,0.739
AGRB,19:03:15.000,19:03:15.440,0.89,0.612
AGRB,19:03:15.000,19:03:15.450,0.89,0.63
AGRB,19:03:15.000,19:03:15.450,0.89,0.625
AGRB,19:03:15.000,19:03:15.620,0.89,0.134
AKDM,09:21:31.000,09:21:31.000,0.95,0.931
AKDM,09:21:31.000,09:21:31.090,0.95,0.5
AKDM,09:21:31.000,09:21:31.130,0.95,0.634
AKDM,09:21:31.000,09:21:31.150,0.95,0.623
AKDM,09:21:31.000,09:21:31.190,0.95,0.635
AKDM,09:34:05.000,09:34:06.000,0.37,0.495
AKDM,09:37:43.000,09:37:43.130,0.83,0.172
AKDM,09:49:31.000,09:49:30.010,0.39,0.444
AKDM,09:52:56.010,09:52:56.000,0.22,0.314
AKDM,19:16:50.000,19:16:49.860,0.66,0.612
AKDM,19:16:50.000,19:16:49.860,0.66,0.631
AKDM,19:16:50.000,19:16:49.870,0.66,0.564
AKDM,19:16:50.000,19:16:49.930,0.66,0.189
AKDM,19:41:15.990,19:41:15.980,0.74,0.123
AKDM,19:41:15.990,19:41:16.000,0.74,0.913
AKDM,19:41:15.990,19:41:16.010,0.74,0.194
AKDM,19:47:29.000,19:47:28.980,0.86,0.486
AKDM,19:51:49.000,19:51:48.000,0.76,0.814
AKDM,19:51:49.000,19:51:48.000,0.76,0.311
AKDM,19:51:49.000,19:51:48.470,0.76,0.253
APMY,01:04:02.280,01:04:02.250,0.83,0.19
APMY,01:29:41.000,01:29:42.000,0.44,0.194
APMY,01:37:39.000,01:37:40.000,0.28,0.554
APMY,01:52:51.560,01:52:52.000,0.69,0.838
APMY,01:56:04.730,01:56:05.010,0.56,0.773
APMY,01:56:04.730,01:56:05.050,0.56,0.559
APMY,01:56:04.730,01:56:05.050,0.56,0.356
APMY,01:56:04.730,01:56:05.050,0.56,0.322
APMY,19:05:32.560,19:05:32.380,0.64,0.13
APMY,19:22:48.990,19:22:48.530,0.67,0.31
APMY,19:22:48.990,19:22:48.530,0.67,0.376
APMY,19:28:40.000,19:28:41.000,0.52,0.457
APMY,19:29:04.000,19:29:03.730,0.92,0.528
APMY,19:29:04.000,19:29:04.000,0.92,0.733
APMY,19:34:43.000,19:34:43.000,0.94,0.776
APMY,19:34:43.000,19:34:43.060,0.94,0.806
APMY,19:34:43.000,19:34:43.060,0.94,0.78
APMY,19:34:43.000,19:34:43.070,0.94,0.641
APMY,19:34:43.000,19:34:43.070,0.94,0.781
APMY,19:45:56.720,19:45:56.660,0.75,0.171
APMY,19:46:45.170,19:46:45.130,0.65,0.722
APMY,19:46:45.170,19:46:45.150,0.65,0.704
APMY,19:46:45.170,19:46:45.160,0.65,0.574
ARMT,02:12:44.370,02:12:44.500,0.4,0.264
ARMT,02:25:40.360,02:25:40.480,0.46,0.18
AYDB,09:04:30.000,09:04:30.110,0.89,0.252
AYDB,09:04:30.000,09:04:30.130,0.89,0.631
AYDB,09:04:30.000,09:04:30.130,0.89,0.711
AYDB,09:04:30.000,09:04:30.130,0.89,0.475
BCA ,09:22:53.000,09:22:53.060,0.93,0.673
BCA ,09:22:53.000,09:22:53.060,0.93,0.768
BCA ,09:22:53.000,09:22:53.060,0.93,0.848
BCA ,09:22:53.000,09:22:53.060,0.93,0.826
BCA ,09:22:53.000,09:22:53.070,0.93,0.224
BCA ,09:49:33.050,09:49:33.000,0.54,0.55
BLCB,09:24:25.400,09:24:25.700,0.38,0.718
BLCB,09:24:25.400,09:24:25.720,0.38,0.734
BLCB,09:24:25.400,09:24:25.720,0.38,0.762
BLCB,09:24:25.400,09:24:25.740,0.38,0.701
BLCB,14:18:24.590,14:18:24.510,0.32,0.35
BLCB,14:18:24.590,14:18:24.510,0.32,0.219
BLCB,14:18:24.590,14:18:24.510,0.32,0.129
BLCB,14:46:16.310,14:46:16.360,0.75,0.699
BLVD,02:24:21.000,02:24:20.000,0.91,0.567
BLVD,02:26:57.950,02:26:57.890,0.74,0.866
BLVD,02:26:57.950,02:26:57.890,0.74,0.854
BLVD,02:26:57.950,02:26:57.890,0.74,0.83
BLVD,02:26:57.950,02:26:57.890,0.74,0.799
BLVD,02:52:33.000,02:52:33.270,0.87,0.339
BLVD,02:52:33.000,02:52:33.270,0.87,0.494
BLVD,02:52:33.000,02:52:33.270,0.87,0.419
BLVD,02:52:33.000,02:52:33.330,0.87,0.172
BLVD,09:24:29.010,09:24:30.000,0.65,0.111
BNGB,09:01:19.390,09:01:19.580,0.36,0.166
BNGB,09:01:19.390,09:01:19.580,0.36,0.18
BNGB,09:02:09.000,09:02:09.470,0.82,0.541
BNGB,09:02:09.000,09:02:09.480,0.82,0.438
BNGB,09:02:09.000,09:02:09.490,0.82,0.638
BNGB,09:02:09.000,09:02:09.530,0.82,0.604
BNGB,09:04:57.010,09:04:57.150,0.78,0.12
BNGB,09:10:23.010,09:10:23.770,0.26,0.605
BNGB,09:10:23.010,09:10:23.770,0.26,0.591
BNGB,09:10:23.010,09:10:23.770,0.26,0.538
BNGB,09:11:38.810,09:11:38.690,0.23,0.124
BNGB,09:11:38.810,09:11:38.690,0.23,0.521
BNGB,09:11:38.810,09:11:38.750,0.23,0.517
BNGB,09:17:11.000,09:17:10.690,0.91,0.139
BNGB,09:17:11.000,09:17:10.780,0.91,0.172
BNGB,09:28:34.550,09:28:34.550,0.66,0.817
BNGB,09:28:34.550,09:28:34.550,0.66,0.828
BNGB,09:28:34.550,09:28:34.550,0.66,0.778
BNGB,09:28:34.550,09:28:34.550,0.66,0.843
BNGB,09:29:32.000,09:29:31.950,0.9,0.443
BNGB,09:29:32.000,09:29:31.960,0.9,0.177
BNGB,09:29:32.000,09:29:32.000,0.9,0.695
BNGB,09:30:13.000,09:30:13.550,0.49,0.378
BNGB,09:30:13.000,09:30:13.730,0.49,0.269
BNGB,09:30:13.000,09:30:13.840,0.49,0.324
BNGB,09:33:47.730,09:33:47.490,0.61,0.297
BNGB,09:33:47.730,09:33:47.910,0.61,0.139
BNGB,09:33:47.730,09:33:48.000,0.61,0.509
BNGB,09:35:07.000,09:35:07.000,0.4,0.243
BNGB,09:40:41.720,09:40:42.000,0.22,0.32
BNGB,09:41:44.160,09:41:43.980,0.25,0.146
BNGB,09:43:19.000,09:43:19.000,0.92,0.294
BNGB,09:44:01.000,09:44:01.480,0.87,0.661
BNGB,09:44:01.000,09:44:01.480,0.87,0.436
BNGB,09:44:01.000,09:44:01.840,0.87,0.503
BNGB,09:49:01.000,09:49:00.590,0.9,0.216
BNGB,09:49:01.000,09:49:00.660,0.9,0.368
BNGB,09:49:01.000,09:49:00.810,0.9,0.236
BNGB,09:49:01.000,09:49:00.870,0.9,0.164
BNGB,09:51:03.000,09:51:03.180,0.84,0.216
BNGB,09:51:03.000,09:51:03.180,0.84,0.224
BNGB,09:51:03.000,09:51:03.180,0.84,0.166
BNGB,09:51:03.000,09:51:04.000,0.84,0.721
BNGB,09:54:28.000,09:54:28.000,0.75,0.949
BNGB,09:57:14.010,09:57:14.000,0.71,0.393
BNGB,09:57:14.010,09:57:14.000,0.71,0.162
BNGB,09:57:14.010,09:57:14.000,0.71,0.275
BNGB,09:57:14.010,09:57:14.030,0.71,0.327
BNGB,09:58:40.290,09:58:40.760,0.19,0.601
BNGB,09:58:40.290,09:58:40.760,0.19,0.812
BNGB,09:58:40.290,09:58:40.870,0.19,0.112
BNGB,09:58:40.290,09:58:40.870,0.19,0.189
BNN ,09:02:13.000,09:02:13.150,0.64,0.11
BNN ,09:02:13.000,09:02:13.530,0.64,0.428
BNN ,09:02:13.000,09:02:13.560,0.64,0.578
BNN ,09:04:02.270,09:04:02.690,0.22,0.124
BNN ,09:04:02.270,09:04:02.690,0.22,0.525
BNN ,09:04:02.270,09:04:02.870,0.22,0.211
BNN ,09:10:50.310,09:10:50.000,0.35,0.487
BNN ,09:10:50.310,09:10:50.350,0.35,0.345
BNN ,09:10:50.310,09:10:50.360,0.35,0.298
BNN ,09:12:14.750,09:12:13.950,0.26,0.185
BNN ,09:12:14.750,09:12:14.000,0.26,0.625
BNN ,09:12:14.750,09:12:14.380,0.26,0.195
BNN ,09:12:14.750,09:12:14.380,0.26,0.294
BNN ,09:18:40.000,09:18:40.000,0.58,0.76
BNN ,09:20:46.380,09:20:45.980,0.45,0.11
BNN ,09:20:46.380,09:20:45.980,0.45,0.156
BNN ,09:21:33.000,09:21:32.000,0.58,0.456
BNN ,09:24:11.000,09:24:10.000,0.29,0.37
BNN ,09:24:19.000,09:24:19.000,0.88,0.863
BNN ,09:24:19.000,09:24:19.200,0.88,0.182
BNN ,09:31:06.000,09:31:06.000,0.94,0.924
BNN ,09:31:06.000,09:31:06.100,0.94,0.691
BNN ,09:31:06.000,09:31:06.110,0.94,0.695
BNN ,09:31:06.000,09:31:06.130,0.94,0.654
BNN ,09:32:23.740,09:32:23.870,0.6,0.599
BNN ,09:32:23.740,09:32:23.880,0.6,0.664
BNN ,09:32:23.740,09:32:23.890,0.6,0.659
BNN ,09:32:23.740,09:32:23.990,0.6,0.675
BNN ,09:35:57.000,09:35:57.000,0.71,0.703
BNN ,09:35:57.000,09:35:57.210,0.71,0.166
BNN ,09:42:29.710,09:42:30.000,0.48,0.719
BNN ,09:42:29.710,09:42:30.030,0.48,0.526
BNN ,09:42:29.710,09:42:30.040,0.48,0.574
BNN ,09:42:29.710,09:42:30.050,0.48,0.563
BNN ,09:54:43.000,09:54:44.000,0.75,0.504
BNN ,09:57:43.000,09:57:43.580,0.71,0.212
BNN ,09:57:43.000,09:57:44.000,0.71,0.81
BODT,16:10:32.410,16:10:32.350,0.74,0.762
BODT,16:10:32.410,16:10:32.360,0.74,0.758
BODT,16:10:32.410,16:10:32.360,0.74,0.504
BODT,16:10:32.410,16:10:32.360,0.74,0.753
BODT,16:18:37.100,16:18:37.070,0.77,0.861
BODT,16:18:37.100,16:18:37.070,0.77,0.861
BODT,16:18:37.100,16:18:37.070,0.77,0.849
BODT,16:18:37.100,16:18:37.070,0.77,0.847
BODT,16:21:41.360,16:21:41.370,0.7,0.854
BODT,16:21:41.360,16:21:41.370,0.7,0.85
BODT,16:21:41.360,16:21:41.370,0.7,0.848
BODT,16:21:41.360,16:21:41.370,0.7,0.826
BODT,16:21:41.360,16:21:41.390,0.7,0.695
CANT,09:30:36.570,09:30:36.530,0.84,0.454
CANT,09:30:36.570,09:30:36.530,0.84,0.486
CANT,09:30:36.570,09:30:36.530,0.84,0.324
CANT,09:30:36.570,09:30:36.530,0.84,0.62
CEYT,09:01:49.310,09:01:48.500,0.33,0.454
CEYT,09:01:49.310,09:01:48.530,0.33,0.386
CEYT,09:01:49.310,09:01:48.530,0.33,0.527
CEYT,09:01:49.310,09:01:50.000,0.33,0.684
CEYT,09:05:36.230,09:05:36.290,0.85,0.388
CEYT,09:05:36.230,09:05:36.290,0.85,0.465
CEYT,09:05:36.230,09:05:36.290,0.85,0.513
CEYT,09:09:24.000,09:09:24.040,0.87,0.248
CEYT,09:09:24.000,09:09:24.130,0.87,0.283
CEYT,09:10:38.010,09:10:38.080,0.54,0.146
CEYT,09:10:38.010,09:10:38.910,0.54,0.123
CEYT,09:10:38.010,09:10:38.910,0.54,0.162
CEYT,09:12:02.000,09:12:02.000,0.94,0.936
CEYT,09:12:02.000,09:12:02.050,0.94,0.469
CEYT,09:12:02.000,09:12:02.110,0.94,0.631
CEYT,09:12:02.000,09:12:02.130,0.94,0.599
CHOM,03:01:56.280,03:01:56.000,0.14,0.191
CHOM,03:02:09.000,03:02:09.420,0.89,0.19
CHOM,03:05:39.560,03:05:39.460,0.66,0.287
CHOM,03:05:39.560,03:05:39.490,0.66,0.418
CHOM,03:05:39.560,03:05:39.580,0.66,0.125
CHOM,03:05:39.560,03:05:40.000,0.66,0.85
CHOM,03:11:22.000,03:11:22.000,0.75,0.658
CHOM,03:12:40.800,03:12:40.990,0.16,0.158
CHOM,03:17:10.990,03:17:10.000,0.77,0.854
CHOM,03:17:10.990,03:17:10.010,0.77,0.266
CHOM,03:17:10.990,03:17:10.040,0.77,0.228
CHOM,03:19:17.820,03:19:18.190,0.25,0.422
CHOM,03:19:17.820,03:19:18.190,0.25,0.345
CHOM,03:19:17.820,03:19:18.270,0.25,0.429
CHOM,03:19:17.820,03:19:18.270,0.25,0.635
CHOM,03:19:17.820,03:19:18.290,0.25,0.592
CHOM,03:25:31.000,03:25:31.630,0.69,0.233
CHOM,03:25:31.000,03:25:31.770,0.69,0.252
CHOM,03:25:31.000,03:25:31.980,0.69,0.186
CHOM,03:25:31.000,03:25:31.990,0.69,0.566
CHOM,03:27:46.920,03:27:46.930,0.53,0.337
CHOM,03:29:39.000,03:29:40.000,0.27,0.756
CHOM,03:33:57.280,03:33:57.350,0.54,0.349
CHOM,03:33:57.280,03:33:57.390,0.54,0.384
CHOM,03:33:57.280,03:33:57.390,0.54,0.601
CHOM,03:33:57.280,03:33:57.390,0.54,0.439
CHOM,03:33:57.280,03:33:57.460,0.54,0.179
CHOM,03:43:29.010,03:43:29.580,0.77,0.141
CHOM,03:43:29.010,03:43:29.600,0.77,0.102
CHOM,03:43:29.010,03:43:29.610,0.77,0.358
CHOM,03:46:42.000,03:46:41.000,0.64,0.867
CHOM,03:49:35.740,03:49:35.980,0.34,0.132
CHOM,03:56:45.520,03:56:45.180,0.43,0.169
CHOM,03:56:45.520,03:56:45.270,0.43,0.209
CHOM,09:21:46.000,09:21:45.580,0.8,0.184
CHOM,09:21:46.000,09:21:46.000,0.8,0.347
CHOM,09:37:05.000,09:37:05.980,0.38,0.247
CHOM,09:44:45.000,09:44:44.800,0.94,0.117
CHOM,09:44:45.000,09:44:44.840,0.94,0.446
CHOM,09:44:45.000,09:44:44.940,0.94,0.293
CHOM,09:49:25.000,09:49:24.930,0.68,0.211
CHOM,09:49:25.000,09:49:25.310,0.68,0.179
CHOM,09:49:25.000,09:49:25.450,0.68,0.212
CHOM,09:49:28.000,09:49:28.000,0.63,0.855
CORM,09:22:52.010,09:22:52.360,0.12,0.177
CORM,09:31:30.320,09:31:30.000,0.18,0.8
CORM,09:31:30.320,09:31:30.010,0.18,0.139
CORM,09:32:48.000,09:32:48.130,0.67,0.374
CORM,09:32:48.000,09:32:48.130,0.67,0.221
CORM,11:17:06.000,11:17:06.010,0.37,0.357
CORM,11:31:40.000,11:31:40.000,0.73,0.729
CORM,11:31:40.000,11:31:40.010,0.73,0.104
CORM,11:31:40.000,11:31:40.290,0.73,0.182
CORM,11:33:40.000,11:33:40.430,0.45,0.32
CORM,11:33:40.000,11:33:40.440,0.45,0.368
CORM,11:33:40.000,11:33:40.440,0.45,0.344
CORM,11:33:40.000,11:33:40.550,0.45,0.43
CORM,11:36:22.000,11:36:21.550,0.82,0.227
CORM,11:36:22.000,11:36:21.550,0.82,0.385
CORM,11:40:28.000,11:40:28.000,0.63,0.863
CORM,11:40:28.000,11:40:28.010,0.63,0.234
CORM,11:40:28.000,11:40:28.380,0.63,0.376
CORM,11:40:28.000,11:40:28.440,0.63,0.336
CORM,11:50:52.040,11:50:52.000,0.19,0.86
CORM,11:56:46.000,11:56:45.020,0.56,0.386
CORM,14:11:06.000,14:11:05.580,0.5,0.123
CORM,14:11:06.000,14:11:05.610,0.5,0.187
CORM,14:11:06.000,14:11:06.010,0.5,0.25
CORM,14:25:50.060,14:25:49.910,0.5,0.224
CORM,14:25:50.060,14:25:49.910,0.5,0.367
CORM,14:30:45.320,14:30:44.810,0.53,0.155
CORM,14:30:45.320,14:30:45.010,0.53,0.587
CORM,14:30:45.320,14:30:45.200,0.53,0.229
CORM,14:52:16.000,14:52:16.120,0.46,0.294
CORM,14:58:41.000,14:58:41.020,0.31,0.189
DARE,09:02:16.000,09:02:16.000,0.22,0.857
DARE,09:03:58.000,09:03:57.000,0.64,0.219
DARE,09:03:58.000,09:03:58.110,0.64,0.145
DARE,09:05:43.000,09:05:43.000,0.74,0.649
DARE,09:05:43.000,09:05:43.610,0.74,0.308
DARE,09:05:43.000,09:05:43.640,0.74,0.266
DARE,09:08:58.000,09:08:58.030,0.61,0.407
DARE,09:09:37.000,09:09:37.630,0.57,0.18
DARE,09:10:43.000,09:10:44.000,0.41,0.791
DARE,09:12:09.000,09:12:08.000,0.68,0.821
DARE,09:12:09.000,09:12:08.290,0.68,0.194
DARE,09:12:09.000,09:12:08.630,0.68,0.438
DARE,09:14:31.000,09:14:30.970,0.72,0.163
DARE,09:16:59.000,09:16:58.810,0.92,0.572
DARE,09:16:59.000,09:16:58.840,0.92,0.379
DARE,09:16:59.000,09:16:58.930,0.92,0.415
DARE,09:18:32.290,09:18:32.750,0.18,0.104
DARE,09:18:32.290,09:18:32.760,0.18,0.254
DARE,09:21:15.000,09:21:14.880,0.87,0.157
DARE,09:21:15.000,09:21:14.930,0.87,0.315
DARE,09:21:15.000,09:21:14.970,0.87,0.499
DARE,09:24:16.000,09:24:16.000,0.91,0.936
DARE,09:26:02.000,09:26:01.580,0.79,0.154
DARE,09:28:37.000,09:28:37.330,0.82,0.183
DARE,09:28:37.000,09:28:37.430,0.82,0.303
DARE,09:29:45.420,09:29:45.000,0.18,0.793
DARE,09:29:45.420,09:29:45.450,0.18,0.502
DARE,09:29:45.420,09:29:45.450,0.18,0.468
DARE,09:29:45.420,09:29:45.460,0.18,0.15
DARE,09:32:15.990,09:32:15.580,0.54,0.181
DARE,09:32:15.990,09:32:15.580,0.54,0.177
DARE,09:32:15.990,09:32:15.580,0.54,0.25
DARE,09:35:35.790,09:35:36.010,0.17,0.476
DARE,09:35:35.790,09:35:36.030,0.17,0.206
DARE,09:35:35.790,09:35:36.040,0.17,0.394
DARE,09:35:35.790,09:35:36.040,0.17,0.388
DARE,09:36:15.000,09:36:14.650,0.78,0.414
DARE,09:36:15.000,09:36:14.690,0.78,0.315
DARE,09:36:42.400,09:36:42.000,0.35,0.899
DARE,09:36:42.400,09:36:42.290,0.35,0.335
DARE,09:36:42.400,09:36:42.300,0.35,0.287
DARE,09:42:30.000,09:42:29.980,0.23,0.208
DARE,09:44:10.000,09:44:10.000,0.93,0.965
DARE,09:44:10.000,09:44:10.030,0.93,0.584
DARE,09:44:10.000,09:44:10.080,0.93,0.105
DARE,09:46:07.000,09:46:06.750,0.89,0.399
DARE,09:46:07.000,09:46:07.000,0.89,0.589
DARE,09:47:31.000,09:47:31.010,0.63,0.211
DARE,09:53:19.000,09:53:19.000,0.83,0.634
DARE,09:53:19.000,09:53:19.150,0.83,0.207
DARE,09:53:19.000,09:53:19.840,0.83,0.172
DARE,09:54:35.000,09:54:34.000,0.25,0.753
DARE,09:57:36.370,09:57:36.010,0.12,0.615
DARE,09:57:36.370,09:57:36.170,0.12,0.655
DARE,09:57:36.370,09:57:36.170,0.12,0.453
DIKM,09:21:52.000,09:21:52.000,0.24,0.165
DIKM,09:37:25.300,09:37:25.150,0.49,0.101
DIKM,09:44:59.530,09:44:59.450,0.54,0.294
DIKM,09:49:52.010,09:49:52.000,0.64,0.782
DIKM,09:55:29.000,09:55:28.990,0.48,0.31
DKL ,01:00:08.300,01:00:09.000,0.13,0.171
DKL ,14:01:03.000,14:01:02.750,0.71,0.593
DKL ,14:01:03.000,14:01:02.780,0.71,0.146
DKL ,14:01:03.000,14:01:02.790,0.71,0.521
DKL ,16:16:24.000,16:16:23.180,0.43,0.111
DKL ,16:47:07.560,16:47:07.450,0.73,0.585
DKL ,16:47:07.560,16:47:07.450,0.73,0.468
DYBB,09:02:12.270,09:02:12.250,0.15,0.217
DYBB,09:02:12.270,09:02:12.380,0.15,0.122
DYBB,09:02:12.270,09:02:12.380,0.15,0.158
DYBB,09:04:59.000,09:04:58.130,0.28,0.441
DYBB,09:04:59.000,09:04:58.220,0.28,0.418
DYBB,09:04:59.000,09:04:58.240,0.28,0.15
EDC ,01:37:59.150,01:37:59.150,0.43,0.625
EDC ,01:37:59.150,01:37:59.180,0.43,0.574
EDC ,01:37:59.150,01:37:59.190,0.43,0.123
EDC ,01:37:59.150,01:37:59.190,0.43,0.636
EDC ,01:39:02.000,01:39:01.860,0.91,0.703
EDC ,01:39:02.000,01:39:01.860,0.91,0.72
EDC ,01:39:02.000,01:39:01.860,0.91,0.697
EDC ,01:39:02.000,01:39:02.010,0.91,0.179
ELL ,09:24:53.000,09:24:54.000,0.14,0.16
ELL ,09:30:45.000,09:30:45.090,0.82,0.176
ELL ,09:30:45.000,09:30:45.090,0.82,0.493
ELL ,09:37:43.000,09:37:42.010,0.75,0.499
ELL ,11:10:28.620,11:10:28.590,0.72,0.54
ELL ,11:10:28.620,11:10:28.600,0.72,0.894
ELL ,11:10:28.620,11:10:28.600,0.72,0.895
ELL ,11:10:28.620,11:10:28.600,0.72,0.884
ELL ,11:10:28.620,11:10:28.600,0.72,0.887
ELL ,11:35:25.000,11:35:25.790,0.55,0.538
ELL ,11:35:25.000,11:35:25.840,0.55,0.473
ELL ,11:35:25.000,11:35:25.860,0.55,0.676
ELL ,11:35:25.000,11:35:25.870,0.55,0.512
ELL ,11:35:25.000,11:35:25.930,0.55,0.458
ELL ,11:39:29.000,11:39:28.910,0.61,0.863
ELL ,11:39:29.000,11:39:28.910,0.61,0.848
ELL ,11:39:29.000,11:39:28.910,0.61,0.775
ELL ,11:46:36.990,11:46:36.130,0.2,0.441
ELL ,11:46:36.990,11:46:36.250,0.2,0.589
ELL ,11:46:36.990,11:46:36.250,0.2,0.654
ERIK,09:05:26.000,09:05:26.730,0.26,0.68
ERIK,09:35:03.000,09:35:02.930,0.9,0.257
ERIK,09:35:03.000,09:35:02.930,0.9,0.212
ERIK,09:35:03.000,09:35:02.930,0.9,0.499
ERIK,09:50:36.990,09:50:36.320,0.19,0.278
ERIK,09:50:36.990,09:50:36.320,0.19,0.226
ERIK,09:50:36.990,09:50:36.320,0.19,0.471
ERIK,09:50:36.990,09:50:36.360,0.19,0.221
ERZN,09:20:59.250,09:20:59.440,0.64,0.911
ERZN,09:20:59.250,09:20:59.440,0.64,0.914
ERZN,09:20:59.250,09:20:59.450,0.64,0.908
ERZN,09:20:59.250,09:20:59.460,0.64,0.915
ERZN,09:20:59.250,09:21:00.110,0.64,0.228
ERZN,09:48:56.990,09:48:57.010,0.78,0.694
ERZN,09:48:56.990,09:48:57.530,0.78,0.654
ERZN,09:48:56.990,09:48:57.530,0.78,0.663
ERZN,09:48:56.990,09:48:57.530,0.78,0.52
ERZN,09:51:00.100,09:51:00.570,0.21,0.479
ERZN,09:51:00.100,09:51:00.570,0.21,0.503
ERZN,09:51:00.100,09:51:00.570,0.21,0.448
FETY,09:25:14.250,09:25:13.970,0.56,0.155
FETY,09:25:14.250,09:25:14.010,0.56,0.685
FETY,09:25:14.250,09:25:14.040,0.56,0.382
FETY,09:25:14.250,09:25:14.080,0.56,0.325
GADA,09:54:26.280,09:54:26.470,0.82,0.151
GAZ ,09:00:10.440,09:00:10.430,0.78,0.725
GAZ ,09:01:51.470,09:01:51.140,0.37,0.409
GAZ ,09:01:51.470,09:01:51.140,0.37,0.381
GAZ ,09:01:51.470,09:01:51.300,0.37,0.409
GAZ ,09:01:51.470,09:01:51.330,0.37,0.288
GAZ ,09:01:51.470,09:01:52.000,0.37,0.617
GAZ ,09:03:37.000,09:03:37.150,0.86,0.521
GAZ ,09:03:37.000,09:03:37.160,0.86,0.55
GAZ ,09:03:37.000,09:03:37.200,0.86,0.477
GAZ ,09:04:40.380,09:04:40.440,0.58,0.524
GAZ ,09:04:40.380,09:04:40.440,0.58,0.551
GAZ ,09:04:40.380,09:04:40.440,0.58,0.55
GAZ ,09:05:24.000,09:05:23.950,0.51,0.628
GAZ ,09:05:24.000,09:05:23.950,0.51,0.669
GAZ ,09:05:24.000,09:05:23.990,0.51,0.67
GAZ ,09:05:24.000,09:05:24.070,0.51,0.205
GAZ ,09:05:58.470,09:05:58.530,0.48,0.566
GAZ ,09:05:58.470,09:05:58.530,0.48,0.673
GAZ ,09:05:58.470,09:05:58.550,0.48,0.687
GAZ ,09:07:55.000,09:07:54.000,0.46,0.623
GAZ ,09:08:21.720,09:08:21.710,0.5,0.602
GAZ ,09:08:21.720,09:08:21.710,0.5,0.651
GAZ ,09:08:21.720,09:08:21.730,0.5,0.739
GAZ ,09:08:53.000,09:08:52.780,0.85,0.207
GAZ ,09:08:53.000,09:08:52.780,0.85,0.268
GAZ ,09:08:53.000,09:08:52.990,0.85,0.217
GAZ ,09:10:23.000,09:10:23.490,0.72,0.623
GAZ ,09:10:23.000,09:10:23.510,0.72,0.689
GAZ ,09:10:23.000,09:10:23.510,0.72,0.7
GAZ ,09:10:23.000,09:10:23.510,0.72,0.71
GAZ ,09:11:49.890,09:11:49.730,0.48,0.675
GAZ ,09:11:49.890,09:11:49.790,0.48,0.123
GAZ ,09:11:49.890,09:11:49.790,0.48,0.654
GAZ ,09:11:49.890,09:11:49.810,0.48,0.643
GAZ ,09:11:49.890,09:11:49.990,0.48,0.139
GAZ ,09:13:32.480,09:13:32.000,0.58,0.416
GAZ ,09:13:32.480,09:13:32.440,0.58,0.339
GAZ ,09:13:32.480,09:13:32.440,0.58,0.214
GAZ ,09:16:24.320,09:16:24.330,0.83,0.841
GAZ ,09:16:24.320,09:16:24.330,0.83,0.831
GAZ ,09:16:24.320,09:16:24.330,0.83,0.82
GAZ ,09:16:53.240,09:16:53.260,0.1,0.864
GAZ ,09:21:13.000,09:21:12.910,0.91,0.797
GAZ ,09:21:13.000,09:21:12.910,0.91,0.836
GAZ ,09:21:13.000,09:21:12.930,0.91,0.835
GAZ ,09:21:13.000,09:21:12.930,0.91,0.832
GAZ ,09:25:41.720,09:25:41.950,0.77,0.617
GAZ ,09:25:41.720,09:25:41.950,0.77,0.467
GAZ ,09:25:41.720,09:25:41.980,0.77,0.509
GAZ ,09:25:41.720,09:25:42.000,0.77,0.88
GAZ ,09:26:47.730,09:26:47.580,0.55,0.493
GAZ ,09:26:47.730,09:26:47.630,0.55,0.206
GAZ ,09:28:31.830,09:28:31.860,0.65,0.716
GAZ ,09:28:31.830,09:28:31.870,0.65,0.719
GAZ ,09:28:31.830,09:28:31.890,0.65,0.512
GAZ ,09:28:31.830,09:28:32.000,0.65,0.721
GAZ ,09:29:51.430,09:29:51.390,0.27,0.511
GAZ ,09:29:51.430,09:29:51.430,0.27,0.574
GAZ ,09:30:27.080,09:30:27.020,0.37,0.605
GAZ ,09:30:27.080,09:30:27.040,0.37,0.696
GAZ ,09:30:27.080,09:30:27.060,0.37,0.515
GAZ ,09:30:27.080,09:30:27.060,0.37,0.706
GAZ ,09:30:27.080,09:30:27.060,0.37,0.695
GAZ ,09:31:38.010,09:31:38.350,0.69,0.295
GAZ ,09:31:38.010,09:31:38.350,0.69,0.5
GAZ ,09:31:38.010,09:31:38.400,0.69,0.275
GAZ ,09:32:09.000,09:32:09.050,0.88,0.272
GAZ ,09:32:09.000,09:32:09.090,0.88,0.203
GAZ ,09:33:12.270,09:33:12.330,0.47,0.633
GAZ ,09:34:04.000,09:34:04.000,0.92,0.66
GAZ ,09:35:36.110,09:35:36.440,0.35,0.468
GAZ ,09:35:36.110,09:35:36.450,0.35,0.535
GAZ ,09:35:36.110,09:35:36.500,0.35,0.277
GAZ ,09:36:22.000,09:36:21.950,0.94,0.663
GAZ ,09:36:22.000,09:36:21.990,0.94,0.399
GAZ ,09:36:22.000,09:36:22.000,0.94,0.959
GAZ ,09:36:22.000,09:36:22.010,0.94,0.637
GAZ ,09:38:20.000,09:38:20.000,0.7,0.787
GAZ ,09:38:20.000,09:38:20.430,0.7,0.547
GAZ ,09:38:20.000,09:38:20.430,0.7,0.783
GAZ ,09:38:20.000,09:38:20.440,0.7,0.471
GAZ ,09:39:31.000,09:39:31.000,0.55,0.556
GAZ ,09:39:31.000,09:39:31.060,0.55,0.289
GAZ ,09:39:31.000,09:39:31.080,0.55,0.368
GAZ ,09:39:31.000,09:39:31.090,0.55,0.224
GAZ ,09:40:43.450,09:40:43.470,0.74,0.261
GAZ ,09:40:43.450,09:40:43.490,0.74,0.339
GAZ ,09:40:43.450,09:40:43.490,0.74,0.448
GAZ ,09:41:07.680,09:41:07.560,0.52,0.455
GAZ ,09:42:06.600,09:42:06.640,0.66,0.682
GAZ ,09:42:06.600,09:42:06.660,0.66,0.663
GAZ ,09:42:06.600,09:42:06.660,0.66,0.667
GAZ ,09:42:29.760,09:42:29.800,0.66,0.603
GAZ ,09:42:29.760,09:42:29.860,0.66,0.135
GAZ ,09:42:51.530,09:42:51.670,0.51,0.143
GAZ ,09:45:22.230,09:45:22.290,0.42,0.413
GAZ ,09:45:22.230,09:45:22.290,0.42,0.733
GAZ ,09:45:22.230,09:45:22.290,0.42,0.683
GAZ ,09:45:22.230,09:45:22.290,0.42,0.697
GAZ ,09:46:41.800,09:46:41.890,0.56,0.52
GAZ ,09:46:41.800,09:46:41.890,0.56,0.531
GAZ ,09:46:41.800,09:46:41.890,0.56,0.706
GAZ ,09:46:41.800,09:46:41.910,0.56,0.104
GAZ ,09:46:41.800,09:46:41.910,0.56,0.847
GAZ ,09:47:45.280,09:47:45.160,0.8,0.555
GAZ ,09:47:45.280,09:47:45.220,0.8,0.816
GAZ ,09:47:45.280,09:47:45.220,0.8,0.796
GAZ ,09:47:45.280,09:47:45.230,0.8,0.786
GAZ ,09:48:17.000,09:48:17.000,0.95,0.127
GAZ ,09:48:17.000,09:48:17.000,0.95,0.745
GAZ ,09:48:17.000,09:48:17.090,0.95,0.215
GAZ ,09:49:09.610,09:49:09.590,0.81,0.802
GAZ ,09:49:09.610,09:49:09.600,0.81,0.319
GAZ ,09:49:09.610,09:49:09.670,0.81,0.338
GAZ ,09:50:27.990,09:50:28.040,0.42,0.119
GAZ ,09:52:49.990,09:52:49.990,0.76,0.793
GAZ ,09:52:49.990,09:52:49.990,0.76,0.813
GAZ ,09:52:49.990,09:52:49.990,0.76,0.889
GAZ ,09:52:49.990,09:52:50.000,0.76,0.659
GAZ ,09:52:49.990,09:52:50.000,0.76,0.906
GAZ ,09:54:26.280,09:54:26.000,0.68,0.835
GAZ ,09:54:26.280,09:54:26.130,0.68,0.51
GAZ ,09:54:26.280,09:54:26.170,0.68,0.679
GAZ ,09:54:26.280,09:54:26.230,0.68,0.712
GAZ ,09:55:22.000,09:55:22.290,0.72,0.264
GAZ ,09:55:22.000,09:55:22.380,0.72,0.183
GAZ ,09:56:32.430,09:56:32.470,0.55,0.195
GAZ ,09:58:36.570,09:58:36.690,0.6,0.544
GAZ ,09:58:36.570,09:58:36.750,0.6,0.559
GAZ ,09:58:36.570,09:58:36.780,0.6,0.261
GAZ ,09:58:36.570,09:58:36.810,0.6,0.408
GAZK,09:26:14.300,09:26:13.960,0.23,0.206
GAZK,09:26:14.300,09:26:13.960,0.23,0.123
GAZK,14:01:18.000,14:01:17.180,0.36,0.113
GAZK,14:27:14.780,14:27:14.910,0.39,0.722
GAZK,14:27:14.780,14:27:14.910,0.39,0.743
GAZK,14:27:14.780,14:27:14.910,0.39,0.755
GAZK,14:49:14.100,14:49:13.960,0.57,0.828
GAZK,14:49:14.100,14:49:13.960,0.57,0.788
GAZK,14:49:14.100,14:49:14.000,0.57,0.771
GAZK,14:49:14.100,14:49:14.000,0.57,0.759
GAZK,14:49:14.100,14:49:14.070,0.57,0.174
GEDZ,16:12:14.400,16:12:14.670,0.48,0.253
GEDZ,16:12:14.400,16:12:14.690,0.48,0.238
GEDZ,16:12:14.400,16:12:14.760,0.48,0.162
GELI,09:48:51.500,09:48:51.180,0.22,0.121
GEML,01:19:10.000,01:19:10.000,0.94,0.35
GULA,01:27:34.000,01:27:33.020,0.64,0.443
GULA,01:27:34.000,01:27:33.330,0.64,0.198
GULA,01:28:57.470,01:28:56.980,0.27,0.505
GULA,01:28:57.470,01:28:57.580,0.27,0.138
GULA,01:37:07.000,01:37:07.000,0.91,0.418
GULA,01:43:39.430,01:43:40.290,0.13,0.246
GULA,01:50:55.000,01:50:56.000,0.58,0.383
GULA,01:52:28.990,01:52:29.000,0.48,0.745
GULA,01:59:02.230,01:59:01.940,0.16,0.142
GULA,01:59:04.000,01:59:03.890,0.92,0.146
GULA,09:02:18.510,09:02:18.000,0.38,0.875
GULA,09:02:18.510,09:02:18.530,0.38,0.412
GULA,09:02:18.510,09:02:18.530,0.38,0.455
GULA,09:11:03.000,09:11:02.730,0.61,0.251
GULA,09:11:03.000,09:11:04.000,0.61,0.754
GULA,09:24:23.250,09:24:23.550,0.14,0.138
GULA,09:24:23.250,09:24:24.010,0.14,0.171
GULA,09:24:23.250,09:24:24.010,0.14,0.684
GULA,09:31:15.000,09:31:14.870,0.89,0.251
GULA,09:31:15.000,09:31:14.870,0.89,0.216
GULA,09:31:15.000,09:31:14.930,0.89,0.456
GULA,09:32:33.080,09:32:32.660,0.73,0.539
GULA,09:32:33.080,09:32:32.680,0.73,0.5
GULA,09:32:33.080,09:32:32.760,0.73,0.456
GULA,09:32:33.080,09:32:33.000,0.73,0.952
GULA,09:36:55.000,09:36:56.000,0.16,0.57
GULA,09:55:03.990,09:55:04.000,0.4,0.28
GULA,13:00:43.000,13:00:42.000,0.65,0.713
GULA,13:06:41.710,13:06:41.000,0.72,0.576
GULA,13:06:41.710,13:06:41.210,0.72,0.18
GULA,13:06:41.710,13:06:41.710,0.72,0.208
GULA,13:09:46.000,13:09:45.000,0.73,0.224
GULA,13:09:46.000,13:09:45.560,0.73,0.355
GULA,13:09:46.000,13:09:45.640,0.73,0.449
GULA,13:11:33.520,13:11:33.490,0.57,0.209
GULA,13:11:33.520,13:11:33.490,0.57,0.102
GULA,13:20:41.000,13:20:41.020,0.89,0.323
GULA,13:20:41.000,13:20:41.150,0.89,0.285
GULA,13:20:41.000,13:20:41.180,0.89,0.108
GULA,13:20:41.000,13:20:41.310,0.89,0.106
GULA,13:21:51.000,13:21:51.210,0.73,0.239
GULA,13:21:51.000,13:21:51.640,0.73,0.473
GULA,13:21:51.000,13:21:51.640,0.73,0.526
GULA,13:22:17.000,13:22:16.720,0.72,0.161
GULA,13:29:36.000,13:29:35.560,0.48,0.299
GULA,13:36:41.000,13:36:40.000,0.67,0.548
GULA,13:43:08.280,13:43:07.730,0.86,0.429
GULA,13:43:08.280,13:43:08.000,0.86,0.869
GULA,13:43:08.280,13:43:08.650,0.86,0.43
GULA,13:46:16.010,13:46:16.000,0.87,0.539
GULA,13:46:16.010,13:46:16.650,0.87,0.156
GULA,13:46:16.010,13:46:16.650,0.87,0.122
GULA,13:52:55.000,13:52:56.000,0.31,0.533
GULA,13:56:52.290,13:56:52.030,0.32,0.252
GULA,13:56:52.290,13:56:52.690,0.32,0.279
GULA,13:56:52.290,13:56:52.690,0.32,0.295
GULA,13:58:23.130,13:58:22.760,0.41,0.429
GULA,13:58:23.130,13:58:23.050,0.41,0.245
GULA,13:59:23.000,13:59:23.710,0.86,0.673
GULA,13:59:23.000,13:59:23.730,0.86,0.345
GULA,14:00:36.970,14:00:36.650,0.14,0.239
GULA,14:02:44.000,14:02:44.510,0.48,0.161
GULA,14:02:44.000,14:02:44.510,0.48,0.396
GULA,14:07:04.000,14:07:04.010,0.42,0.271
GULA,14:09:15.000,14:09:14.930,0.91,0.182
GULA,14:09:15.000,14:09:14.970,0.91,0.45
GULA,14:15:34.000,14:15:33.000,0.42,0.591
GULA,14:17:32.560,14:17:32.810,0.4,0.333
GULA,14:17:32.560,14:17:33.000,0.4,0.491
GULA,14:27:28.000,14:27:27.860,0.91,0.743
GULA,14:27:28.000,14:27:27.860,0.91,0.682
GULA,14:27:28.000,14:27:27.860,0.91,0.524
GULA,14:27:28.000,14:27:27.870,0.91,0.763
GULA,14:27:28.000,14:27:28.000,0.91,0.894
GULA,14:30:30.000,14:30:29.940,0.76,0.438
GULA,14:30:30.000,14:30:30.000,0.76,0.792
GULA,14:30:30.000,14:30:30.760,0.76,0.43
GULA,14:30:30.000,14:30:30.800,0.76,0.556
GULA,14:38:07.000,14:38:08.000,0.62,0.859
GULA,14:42:41.000,14:42:41.000,0.92,0.797
GULA,14:42:41.000,14:42:41.710,0.92,0.198
GULA,14:48:57.560,14:48:58.360,0.78,0.106
GULA,14:48:57.560,14:48:58.440,0.78,0.442
GULA,14:49:47.000,14:49:46.410,0.7,0.21
GULA,14:49:47.000,14:49:46.440,0.7,0.354
GULA,14:51:42.000,14:51:42.000,0.26,0.227
GULA,14:54:31.000,14:54:30.000,0.57,0.379
GULA,14:58:11.000,14:58:10.760,0.93,0.163
GULA,16:02:46.010,16:02:46.010,0.46,0.193
GULA,16:05:42.000,16:05:41.230,0.33,0.627
GULA,16:05:42.000,16:05:41.250,0.33,0.464
GULA,16:05:42.000,16:05:41.280,0.33,0.393
GULA,16:05:42.000,16:05:41.280,0.33,0.631
GULA,16:11:19.000,16:11:18.000,0.77,0.676
GULA,16:11:19.000,16:11:18.380,0.77,0.259
GULA,16:11:19.000,16:11:18.530,0.77,0.37
GULA,16:11:19.000,16:11:18.660,0.77,0.133
GULA,16:11:28.000,16:11:28.010,0.72,0.685
GULA,16:13:34.430,16:13:34.010,0.23,0.439
GULA,16:15:27.000,16:15:26.760,0.88,0.28
GULA,16:15:27.000,16:15:28.000,0.88,0.678
GULA,16:18:28.010,16:18:27.200,0.56,0.24
GULA,16:18:28.010,16:18:27.860,0.56,0.327
GULA,16:18:28.010,16:18:27.890,0.56,0.293
GULA,16:18:28.010,16:18:28.000,0.56,0.903
GULA,16:23:19.320,16:23:18.780,0.36,0.244
GULA,16:23:19.320,16:23:19.580,0.36,0.458
GULA,16:23:19.320,16:23:19.580,0.36,0.433
GULA,16:25:33.510,16:25:33.000,0.52,0.875
GULA,16:25:33.510,16:25:33.090,0.52,0.525
GULA,16:25:33.510,16:25:33.090,0.52,0.409
GULA,16:25:33.510,16:25:33.130,0.52,0.464
GULA,16:26:53.000,16:26:52.910,0.76,0.695
GULA,16:26:53.000,16:26:52.960,0.76,0.69
GULA,16:26:53.000,16:26:52.970,0.76,0.101
GULA,16:26:53.000,16:26:53.000,0.76,0.883
GULA,16:32:45.000,16:32:44.000,0.91,0.485
GULA,16:40:47.000,16:40:46.000,0.65,0.624
GULA,16:44:01.000,16:44:01.580,0.83,0.293
GULA,16:44:01.000,16:44:01.730,0.83,0.148
GULA,16:47:12.050,16:47:11.910,0.33,0.277
GULA,16:47:12.050,16:47:11.930,0.33,0.27
GULA,16:47:12.050,16:47:12.010,0.33,0.269
GULA,16:47:12.050,16:47:12.440,0.33,0.213
GULA,16:54:06.990,16:54:06.000,0.24,0.168
GULA,16:54:19.000,16:54:19.000,0.93,0.677
GULA,16:56:18.000,16:56:18.000,0.31,0.519
GULT,09:13:51.000,09:13:51.050,0.52,0.204
GULT,09:13:51.000,09:13:51.050,0.52,0.162
GULT,09:13:51.000,09:13:51.060,0.52,0.272
GULT,09:17:19.870,09:17:20.040,0.24,0.457
GULT,09:24:18.000,09:24:17.790,0.76,0.45
GULT,09:24:18.000,09:24:17.790,0.76,0.921
GULT,09:24:18.000,09:24:17.790,0.76,0.923
GULT,09:24:18.000,09:24:17.790,0.76,0.917
GULT,09:24:18.000,09:24:17.800,0.76,0.892
GULT,09:53:17.590,09:53:17.590,0.54,0.483
GULT,09:53:17.590,09:53:17.590,0.54,0.527
GULT,09:53:17.590,09:53:17.590,0.54,0.62
GULT,09:53:17.590,09:53:17.590,0.54,0.357
GURO,08:03:06.000,08:03:05.020,0.22,0.336
GURO,09:02:22.490,09:02:23.000,0.19,0.325
GURO,09:02:22.490,09:02:23.050,0.19,0.261
HDMB,08:05:27.000,08:05:26.750,0.26,0.158
HDMB,08:09:37.000,08:09:37.180,0.86,0.248
HDMB,08:13:13.000,08:13:13.560,0.69,0.101
HDMB,08:27:29.450,08:27:29.000,0.43,0.584
HDMB,08:27:29.450,08:27:29.240,0.43,0.33
HDMB,08:27:29.450,08:27:29.300,0.43,0.468
HDMB,08:27:29.450,08:27:29.300,0.43,0.274
HDMB,08:36:47.970,08:36:47.610,0.78,0.261
HDMB,08:36:47.970,08:36:47.610,0.78,0.258
HDMB,08:36:47.970,08:36:47.610,0.78,0.128
HDMB,08:47:52.000,08:47:52.010,0.85,0.137
HDMB,08:53:38.060,08:53:38.010,0.34,0.234
HDMB,08:53:38.060,08:53:38.070,0.34,0.224
HDMB,08:53:38.060,08:53:38.110,0.34,0.305
HDMB,09:02:27.870,09:02:27.200,0.16,0.298
HDMB,09:02:27.870,09:02:27.210,0.16,0.358
HDMB,09:02:27.870,09:02:27.240,0.16,0.303
HDMB,09:02:27.870,09:02:28.000,0.16,0.813
HDMB,09:06:15.000,09:06:16.000,0.89,0.366
HDMB,09:12:40.000,09:12:39.850,0.69,0.27
HDMB,09:12:40.000,09:12:39.850,0.69,0.255
HDMB,09:12:40.000,09:12:40.000,0.69,0.944
HDMB,09:24:37.000,09:24:36.010,0.9,0.133
HDMB,09:24:37.000,09:24:36.870,0.9,0.13
HDMB,09:24:37.000,09:24:36.900,0.9,0.496
HDMB,09:58:16.010,09:58:16.070,0.71,0.208
HDMB,09:58:16.010,09:58:16.110,0.71,0.392
HDMB,11:05:28.010,11:05:27.090,0.72,0.249
HDMB,11:05:28.010,11:05:28.010,0.72,0.435
HDMB,11:36:34.000,11:36:33.000,0.83,0.529
HDMB,11:50:55.000,11:50:56.000,0.66,0.426
HDMB,11:54:47.000,11:54:46.840,0.94,0.328
HDMB,11:54:47.000,11:54:46.930,0.94,0.259
HDMB,14:11:08.290,14:11:09.000,0.17,0.462
HDMB,14:11:08.290,14:11:09.240,0.17,0.11
HDMB,14:17:56.290,14:17:56.070,0.24,0.111
HDMB,14:28:36.000,14:28:36.890,0.73,0.104
HDMB,14:30:54.970,14:30:54.970,0.1,0.135
HDMB,14:52:29.720,14:52:30.000,0.18,0.54
HDMB,14:54:43.000,14:54:43.000,0.39,0.378
HDMB,16:27:17.000,16:27:18.000,0.85,0.55
HDMB,16:31:46.750,16:31:46.970,0.22,0.422
HDMB,16:31:46.750,16:31:46.970,0.22,0.451
HDMB,16:31:46.750,16:31:46.970,0.22,0.307
IKL ,09:02:13.000,09:02:12.000,0.69,0.209
IKL ,09:02:13.000,09:02:12.800,0.69,0.209
IKL ,09:04:33.870,09:04:34.000,0.21,0.363
IKL ,09:18:44.270,09:18:44.010,0.59,0.528
IKL ,09:24:23.000,09:24:22.000,0.9,0.55
IKL ,09:24:23.000,09:24:23.240,0.9,0.29
IKL ,09:24:23.000,09:24:23.330,0.9,0.176
IKL ,09:24:23.000,09:24:23.330,0.9,0.227
IKL ,09:36:59.010,09:36:59.930,0.66,0.574
IKL ,09:36:59.010,09:36:59.930,0.66,0.517
IKL ,09:36:59.010,09:37:00.010,0.66,0.318
IKL ,09:48:41.170,09:48:41.000,0.24,0.57
KAMT,09:20:17.000,09:20:17.470,0.75,0.122
KAMT,09:24:38.000,09:24:37.150,0.81,0.14
KAMT,09:24:38.000,09:24:37.160,0.81,0.194
KAMT,09:31:24.120,09:31:24.000,0.68,0.807
KAMT,09:31:24.120,09:31:24.290,0.68,0.277
KAMT,09:31:24.120,09:31:24.290,0.68,0.409
KAMT,09:32:42.000,09:32:42.000,0.63,0.837
KAMT,09:32:42.000,09:32:42.070,0.63,0.512
KAMT,09:32:42.000,09:32:42.110,0.63,0.563
KAMT,09:37:09.000,09:37:08.010,0.92,0.518
KAMT,09:47:55.630,09:47:55.600,0.8,0.865
KAMT,09:47:55.630,09:47:55.610,0.8,0.905
KAMT,09:47:55.630,09:47:55.610,0.8,0.897
KAMT,09:47:55.630,09:47:55.610,0.8,0.889
KAMT,09:47:55.630,09:47:55.620,0.8,0.892
KAMT,09:55:17.000,09:55:17.020,0.88,0.634
KAMT,11:31:41.700,11:31:41.000,0.46,0.65
KAMT,11:36:07.000,11:36:08.000,0.77,0.17
KARO,03:00:33.130,03:00:33.080,0.78,0.787
KARO,03:00:33.130,03:00:33.090,0.78,0.844
KARO,03:00:33.130,03:00:33.110,0.78,0.857
KARO,03:01:42.080,03:01:42.000,0.68,0.876
KARO,03:01:42.080,03:01:42.100,0.68,0.855
KARO,03:01:42.080,03:01:42.100,0.68,0.843
KARO,03:01:42.080,03:01:42.100,0.68,0.853
KARO,03:01:42.080,03:01:42.110,0.68,0.532
KARO,03:03:53.880,03:03:54.000,0.26,0.188
KARO,03:04:07.560,03:04:07.610,0.85,0.483
KARO,03:05:19.000,03:05:18.980,0.86,0.424
KARO,03:06:31.010,03:06:31.730,0.76,0.273
KARO,03:06:31.010,03:06:31.770,0.76,0.107
KARO,03:06:31.010,03:06:31.940,0.76,0.186
KARO,03:08:56.880,03:08:56.870,0.81,0.81
KARO,03:08:56.880,03:08:56.870,0.81,0.901
KARO,03:08:56.880,03:08:56.870,0.81,0.892
KARO,03:08:56.880,03:08:56.870,0.81,0.897
KARO,03:09:43.000,03:09:43.010,0.89,0.915
KARO,03:09:43.000,03:09:43.040,0.89,0.872
KARO,03:09:43.000,03:09:43.050,0.89,0.885
KARO,03:09:43.000,03:09:43.060,0.89,0.883
KARO,03:09:43.000,03:09:43.060,0.89,0.883
KARO,03:10:53.000,03:10:53.000,0.96,0.667
KARO,03:10:53.000,03:10:53.000,0.96,0.962
KARO,03:10:53.000,03:10:53.010,0.96,0.903
KARO,03:10:53.000,03:10:53.030,0.96,0.886
KARO,03:10:53.000,03:10:53.030,0.96,0.883
KARO,03:11:27.710,03:11:27.710,0.73,0.647
KARO,03:11:27.710,03:11:27.730,0.73,0.375
KARO,03:11:27.710,03:11:27.730,0.73,0.765
KARO,03:12:40.070,03:12:40.030,0.76,0.897
KARO,03:12:40.070,03:12:40.060,0.76,0.903
KARO,03:12:40.070,03:12:40.060,0.76,0.913
KARO,03:12:40.070,03:12:40.060,0.76,0.91
KARO,03:12:40.070,03:12:40.060,0.76,0.909
KARO,03:13:57.890,03:13:57.860,0.68,0.256
KARO,03:13:57.890,03:13:57.870,0.68,0.353
KARO,03:13:57.890,03:13:57.870,0.68,0.448
KARO,03:15:43.660,03:15:43.670,0.74,0.217
KARO,03:15:43.660,03:15:43.680,0.74,0.622
KARO,03:15:43.660,03:15:43.680,0.74,0.499
KARO,03:15:43.660,03:15:43.680,0.74,0.37
KARO,03:17:39.970,03:17:39.930,0.85,0.784
KARO,03:17:39.970,03:17:39.940,0.85,0.858
KARO,03:17:39.970,03:17:39.940,0.85,0.848
KARO,03:17:39.970,03:17:39.940,0.85,0.84
KARO,03:17:39.970,03:17:39.960,0.85,0.829
KARO,03:18:47.000,03:18:46.970,0.96,0.146
KARO,03:18:47.000,03:18:46.970,0.96,0.866
KARO,03:18:47.000,03:18:46.970,0.96,0.849
KARO,03:18:47.000,03:18:46.990,0.96,0.859
KARO,03:18:47.000,03:18:47.000,0.96,0.861
KARO,03:20:37.110,03:20:37.110,0.81,0.608
KARO,03:20:37.110,03:20:37.110,0.81,0.432
KARO,03:20:37.110,03:20:37.110,0.81,0.786
KARO,03:20:37.110,03:20:37.110,0.81,0.813
KARO,03:20:37.110,03:20:37.130,0.81,0.542
KARO,03:22:22.400,03:22:21.580,0.2,0.145
KARO,03:22:52.650,03:22:52.870,0.35,0.143
KARO,03:25:25.000,03:25:25.550,0.73,0.164
KARO,03:25:25.000,03:25:25.710,0.73,0.274
KARO,03:26:30.660,03:26:30.600,0.81,0.162
KARO,03:26:30.660,03:26:30.600,0.81,0.709
KARO,03:26:30.660,03:26:30.600,0.81,0.576
KARO,03:26:30.660,03:26:30.630,0.81,0.592
KARO,03:26:30.660,03:26:30.650,0.81,0.696
KARO,03:27:34.760,03:27:34.750,0.54,0.803
KARO,03:27:34.760,03:27:34.750,0.54,0.805
KARO,03:27:34.760,03:27:34.750,0.54,0.817
KARO,03:27:34.760,03:27:34.760,0.54,0.728
KARO,03:28:44.220,03:28:44.260,0.82,0.828
KARO,03:28:44.220,03:28:44.270,0.82,0.418
KARO,03:28:44.220,03:28:44.270,0.82,0.797
KARO,03:28:44.220,03:28:44.280,0.82,0.863
KARO,03:28:44.220,03:28:44.290,0.82,0.844
KARO,03:33:36.370,03:33:36.350,0.56,0.635
KARO,03:33:36.370,03:33:36.360,0.56,0.847
KARO,03:33:36.370,03:33:36.360,0.56,0.86
KARO,03:33:36.370,03:33:36.360,0.56,0.86
KARO,03:33:36.370,03:33:36.390,0.56,0.86
KARO,03:38:11.110,03:38:11.270,0.42,0.306
KARO,03:38:29.000,03:38:28.290,0.5,0.407
KARO,03:40:16.010,03:40:15.590,0.69,0.112
KARO,03:40:16.010,03:40:15.640,0.69,0.351
KARO,03:40:16.010,03:40:15.640,0.69,0.32
KARO,03:40:16.010,03:40:15.680,0.69,0.463
KARO,03:42:01.220,03:42:01.200,0.82,0.919
KARO,03:42:01.220,03:42:01.200,0.82,0.918
KARO,03:42:01.220,03:42:01.200,0.82,0.926
KARO,03:42:01.220,03:42:01.200,0.82,0.916
KARO,03:42:01.220,03:42:01.210,0.82,0.779
KARO,03:45:29.470,03:45:29.460,0.82,0.791
KARO,03:45:29.470,03:45:29.460,0.82,0.851
KARO,03:45:29.470,03:45:29.460,0.82,0.463
KARO,03:45:29.470,03:45:29.460,0.82,0.824
KARO,03:50:03.300,03:50:03.370,0.8,0.773
KARO,03:50:03.300,03:50:03.370,0.8,0.847
KARO,03:50:03.300,03:50:03.370,0.8,0.855
KARO,03:50:03.300,03:50:03.380,0.8,0.843
KARO,03:50:03.300,03:50:03.390,0.8,0.697
KARO,03:54:23.990,03:54:23.940,0.86,0.834
KARO,03:54:23.990,03:54:23.950,0.86,0.737
KARO,03:54:23.990,03:54:23.950,0.86,0.842
KARO,03:54:23.990,03:54:23.960,0.86,0.788
KARO,03:54:43.200,03:54:43.000,0.5,0.708
KARO,03:54:43.200,03:54:43.240,0.5,0.448
KARO,03:56:23.740,03:56:23.950,0.55,0.544
KARO,03:56:23.740,03:56:23.950,0.55,0.557
KARO,03:56:23.740,03:56:24.010,0.55,0.566
KARO,03:57:41.720,03:57:41.730,0.91,0.894
KARO,03:57:41.720,03:57:41.730,0.91,0.882
KARO,03:57:41.720,03:57:41.730,0.91,0.88
KARO,03:57:41.720,03:57:41.730,0.91,0.882
KARO,03:57:41.720,03:57:41.730,0.91,0.849
KARO,09:03:19.830,09:03:19.800,0.88,0.359
KARO,09:03:19.830,09:03:19.810,0.88,0.705
KARO,09:03:19.830,09:03:19.840,0.88,0.879
KARO,09:10:30.990,09:10:30.000,0.24,0.6
KARO,09:10:30.990,09:10:30.070,0.24,0.209
KARO,09:10:30.990,09:10:30.470,0.24,0.28
KARO,09:10:30.990,09:10:30.510,0.24,0.32
KARO,09:21:03.000,09:21:02.440,0.33,0.569
KARO,09:21:03.000,09:21:02.470,0.33,0.817
KARO,09:21:03.000,09:21:02.480,0.33,0.22
KARO,09:21:26.170,09:21:26.050,0.6,0.572
KARO,09:21:26.170,09:21:26.130,0.6,0.655
KARO,09:21:26.170,09:21:26.130,0.6,0.547
KARO,09:21:26.170,09:21:26.130,0.6,0.548
KARO,09:24:53.000,09:24:52.000,0.39,0.269
KARO,09:30:21.000,09:30:20.010,0.42,0.273
KARO,09:30:21.000,09:30:20.440,0.42,0.223
KARO,09:33:55.000,09:33:55.030,0.88,0.424
KARO,09:35:11.010,09:35:11.110,0.89,0.902
KARO,09:35:11.010,09:35:11.110,0.89,0.9
KARO,09:35:11.010,09:35:11.110,0.89,0.905
KARO,09:35:11.010,09:35:11.110,0.89,0.893
KARO,09:40:39.520,09:40:39.530,0.68,0.333
KARO,09:40:39.520,09:40:39.540,0.68,0.707
KARO,09:44:07.000,09:44:07.180,0.35,0.128
KARO,09:52:25.400,09:52:25.390,0.94,0.41
KARO,09:52:25.400,09:52:25.400,0.94,0.441
KARO,09:52:25.400,09:52:25.400,0.94,0.912
KARO,09:52:25.400,09:52:25.400,0.94,0.586
KARO,09:54:11.410,09:54:11.710,0.29,0.659
KARO,09:54:11.410,09:54:11.710,0.29,0.799
KARO,09:54:11.410,09:54:11.710,0.29,0.457
KARO,09:54:35.000,09:54:34.000,0.85,0.354
KARO,09:58:45.000,09:58:44.000,0.7,0.207
KARS,00:16:20.540,00:16:20.000,0.87,0.871
KARS,00:16:20.540,00:16:20.040,0.87,0.229
KARS,00:16:20.540,00:16:20.500,0.87,0.463
KARS,00:16:20.540,00:16:20.500,0.87,0.332
KARS,03:06:34.010,03:06:34.100,0.88,0.694
KARS,03:06:34.010,03:06:34.100,0.88,0.79
KARS,03:06:34.010,03:06:34.100,0.88,0.784
KARS,03:06:34.010,03:06:34.100,0.88,0.74
KARS,03:15:56.720,03:15:56.790,0.68,0.249
KARS,03:19:24.000,03:19:23.960,0.79,0.202
KIZT,11:31:05.010,11:31:05.960,0.32,0.352
KIZT,11:31:05.010,11:31:05.960,0.32,0.267
KIZT,11:31:05.990,11:31:05.960,0.27,0.352
KIZT,11:31:05.990,11:31:05.960,0.27,0.267
KIZT,16:03:54.390,16:03:54.000,0.38,0.432
KMRS,09:00:42.950,09:00:42.990,0.77,0.219
KMRS,09:00:42.950,09:00:42.990,0.77,0.11
KMRS,09:00:42.950,09:00:42.990,0.77,0.19
KMRS,09:00:42.950,09:00:43.000,0.77,0.716
KMRS,09:01:53.630,09:01:53.870,0.69,0.238
KMRS,09:01:53.630,09:01:53.890,0.69,0.339
KMRS,09:01:53.630,09:01:53.890,0.69,0.384
KMRS,09:01:53.630,09:01:54.000,0.69,0.772
KMRS,09:03:36.580,09:03:36.540,0.69,0.51
KMRS,09:03:36.580,09:03:36.560,0.69,0.222
KMRS,09:03:36.580,09:03:36.660,0.69,0.294
KMRS,09:04:38.710,09:04:38.560,0.87,0.575
KMRS,09:04:38.710,09:04:38.590,0.87,0.541
KMRS,09:04:38.710,09:04:38.660,0.87,0.479
KMRS,09:05:22.280,09:05:22.350,0.78,0.801
KMRS,09:05:22.280,09:05:22.350,0.78,0.888
KMRS,09:05:22.280,09:05:22.350,0.78,0.88
KMRS,09:05:22.280,09:05:22.350,0.78,0.881
KMRS,09:05:55.230,09:05:55.310,0.78,0.672
KMRS,09:05:55.230,09:05:55.310,0.78,0.728
KMRS,09:05:55.230,09:05:55.320,0.78,0.725
KMRS,09:07:46.000,09:07:46.360,0.8,0.472
KMRS,09:07:46.000,09:07:46.400,0.8,0.172
KMRS,09:07:46.000,09:07:46.400,0.8,0.206
KMRS,09:07:46.000,09:07:46.400,0.8,0.149
KMRS,09:10:22.060,09:10:22.020,0.7,0.886
KMRS,09:10:22.060,09:10:22.040,0.7,0.863
KMRS,09:10:22.060,09:10:22.040,0.7,0.867
KMRS,09:10:22.060,09:10:22.040,0.7,0.877
KMRS,09:11:47.320,09:11:47.160,0.41,0.755
KMRS,09:11:47.320,09:11:47.190,0.41,0.809
KMRS,09:11:47.320,09:11:47.190,0.41,0.82
KMRS,09:11:47.320,09:11:47.200,0.41,0.833
KMRS,09:12:33.300,09:12:33.330,0.74,0.749
KMRS,09:12:33.300,09:12:33.340,0.74,0.789
KMRS,09:12:33.300,09:12:33.340,0.74,0.769
KMRS,09:12:33.300,09:12:33.370,0.74,0.745
KMRS,09:13:32.550,09:13:32.260,0.58,0.265
KMRS,09:13:32.550,09:13:32.570,0.58,0.614
KMRS,09:13:32.550,09:13:32.580,0.58,0.677
KMRS,09:13:32.550,09:13:32.580,0.58,0.468
KMRS,09:14:23.720,09:14:23.800,0.88,0.663
KMRS,09:14:23.720,09:14:23.800,0.88,0.759
KMRS,09:14:23.720,09:14:23.800,0.88,0.73
KMRS,09:15:19.270,09:15:19.270,0.66,0.279
KMRS,09:15:19.270,09:15:19.300,0.66,0.473
KMRS,09:15:19.270,09:15:19.300,0.66,0.68
KMRS,09:16:23.480,09:16:23.460,0.77,0.825
KMRS,09:16:23.480,09:16:23.460,0.77,0.814
KMRS,09:16:23.480,09:16:23.460,0.77,0.788
KMRS,09:16:23.480,09:16:23.460,0.77,0.833
KMRS,09:17:11.430,09:17:11.390,0.8,0.772
KMRS,09:17:11.430,09:17:11.390,0.8,0.813
KMRS,09:17:11.430,09:17:11.400,0.8,0.789
KMRS,09:17:11.430,09:17:11.400,0.8,0.799
KMRS,09:18:01.000,09:18:01.300,0.93,0.135
KMRS,09:18:01.000,09:18:01.330,0.93,0.349
KMRS,09:18:01.000,09:18:01.330,0.93,0.237
KMRS,09:19:55.880,09:19:56.000,0.51,0.435
KMRS,09:20:23.010,09:20:22.970,0.6,0.618
KMRS,09:20:23.010,09:20:22.990,0.6,0.731
KMRS,09:20:23.010,09:20:23.000,0.6,0.413
KMRS,09:23:58.010,09:23:58.000,0.93,0.944
KMRS,09:23:58.010,09:23:58.040,0.93,0.738
KMRS,09:23:58.010,09:23:58.070,0.93,0.711
KMRS,09:23:58.010,09:23:58.090,0.93,0.371
KMRS,09:25:40.310,09:25:40.020,0.85,0.667
KMRS,09:25:40.310,09:25:40.110,0.85,0.554
KMRS,09:25:40.310,09:25:40.130,0.85,0.543
KMRS,09:25:40.310,09:25:40.440,0.85,0.329
KMRS,09:26:03.480,09:26:03.280,0.67,0.182
KMRS,09:26:03.480,09:26:04.080,0.67,0.668
KMRS,09:27:33.570,09:27:33.600,0.67,0.155
KMRS,09:27:42.910,09:27:42.910,0.8,0.18
KMRS,09:27:42.910,09:27:42.930,0.8,0.232
KMRS,09:27:42.910,09:27:42.930,0.8,0.711
KMRS,09:27:42.910,09:27:42.930,0.8,0.701
KMRS,09:30:22.380,09:30:22.400,0.51,0.593
KMRS,09:30:22.380,09:30:22.430,0.51,0.82
KMRS,09:30:22.380,09:30:22.430,0.51,0.831
KMRS,09:30:22.380,09:30:22.440,0.51,0.835
KMRS,09:32:43.000,09:32:43.000,0.67,0.43
KMRS,09:35:34.330,09:35:34.280,0.54,0.769
KMRS,09:35:34.330,09:35:34.290,0.54,0.762
KMRS,09:35:34.330,09:35:34.290,0.54,0.79
KMRS,09:36:21.290,09:36:21.550,0.23,0.514
KMRS,09:36:21.290,09:36:21.630,0.23,0.652
KMRS,09:36:21.290,09:36:21.640,0.23,0.569
KMRS,09:36:21.290,09:36:21.640,0.23,0.586
KMRS,09:38:17.950,09:38:17.930,0.66,0.853
KMRS,09:38:17.950,09:38:17.930,0.66,0.843
KMRS,09:38:17.950,09:38:17.930,0.66,0.828
KMRS,09:38:17.950,09:38:17.960,0.66,0.181
KMRS,09:38:17.950,09:38:18.000,0.66,0.936
KMRS,09:38:46.110,09:38:46.040,0.75,0.618
KMRS,09:39:28.720,09:39:28.810,0.85,0.774
KMRS,09:39:28.720,09:39:28.830,0.85,0.84
KMRS,09:39:28.720,09:39:28.830,0.85,0.808
KMRS,09:39:28.720,09:39:28.830,0.85,0.839
KMRS,09:39:28.720,09:39:28.840,0.85,0.736
KMRS,09:40:27.560,09:40:28.000,0.35,0.315
KMRS,09:40:27.560,09:40:28.000,0.35,0.379
KMRS,09:40:27.560,09:40:28.010,0.35,0.433
KMRS,09:42:03.630,09:42:03.680,0.35,0.609
KMRS,09:42:03.630,09:42:03.680,0.35,0.757
KMRS,09:42:03.630,09:42:03.680,0.35,0.715
KMRS,09:42:03.630,09:42:03.690,0.35,0.813
KMRS,09:42:49.000,09:42:48.990,0.85,0.673
KMRS,09:42:49.000,09:42:49.000,0.85,0.598
KMRS,09:42:49.000,09:42:49.000,0.85,0.656
KMRS,09:42:49.000,09:42:49.000,0.85,0.864
KMRS,09:42:49.000,09:42:49.000,0.85,0.169
KMRS,09:44:32.630,09:44:32.880,0.35,0.347
KMRS,09:44:32.630,09:44:32.900,0.35,0.629
KMRS,09:44:32.630,09:44:32.900,0.35,0.656
KMRS,09:44:32.630,09:44:32.900,0.35,0.201
KMRS,09:45:23.860,09:45:24.070,0.5,0.27
KMRS,09:45:23.860,09:45:24.070,0.5,0.341
KMRS,09:45:23.860,09:45:24.080,0.5,0.298
KMRS,09:45:57.270,09:45:57.260,0.72,0.836
KMRS,09:45:57.270,09:45:57.260,0.72,0.879
KMRS,09:45:57.270,09:45:57.260,0.72,0.875
KMRS,09:45:57.270,09:45:57.260,0.72,0.845
KMRS,09:46:48.340,09:46:48.400,0.77,0.489
KMRS,09:46:48.340,09:46:48.400,0.77,0.77
KMRS,09:47:12.530,09:47:12.400,0.72,0.776
KMRS,09:47:31.320,09:47:31.180,0.23,0.522
KMRS,09:47:50.740,09:47:50.730,0.78,0.832
KMRS,09:47:50.740,09:47:50.730,0.78,0.807
KMRS,09:47:50.740,09:47:50.730,0.78,0.729
KMRS,09:47:50.740,09:47:50.750,0.78,0.798
KMRS,09:48:21.380,09:48:21.370,0.76,0.775
KMRS,09:48:21.380,09:48:21.380,0.76,0.797
KMRS,09:48:21.380,09:48:21.390,0.76,0.804
KMRS,09:49:10.010,09:49:10.160,0.91,0.168
KMRS,09:51:32.230,09:51:32.400,0.64,0.234
KMRS,09:51:32.230,09:51:32.400,0.64,0.101
KMRS,09:51:59.420,09:51:59.440,0.8,0.818
KMRS,09:51:59.420,09:51:59.440,0.8,0.843
KMRS,09:51:59.420,09:51:59.440,0.8,0.828
KMRS,09:51:59.420,09:51:59.460,0.8,0.819
KMRS,09:53:05.180,09:53:04.990,0.44,0.517
KMRS,09:53:05.180,09:53:05.160,0.44,0.806
KMRS,09:53:05.180,09:53:05.160,0.44,0.736
KMRS,09:53:05.180,09:53:05.160,0.44,0.717
KMRS,09:54:22.000,09:54:22.000,0.85,0.959
KMRS,09:54:22.000,09:54:22.040,0.85,0.772
KMRS,09:54:22.000,09:54:22.050,0.85,0.819
KMRS,09:54:22.000,09:54:22.050,0.85,0.805
KMRS,09:55:24.460,09:55:24.470,0.7,0.767
KMRS,09:55:24.460,09:55:24.470,0.7,0.533
KMRS,09:55:24.460,09:55:24.480,0.7,0.46
KMRS,09:55:24.460,09:55:24.480,0.7,0.686
KMRS,09:57:14.280,09:57:14.230,0.94,0.644
KMRS,09:57:14.280,09:57:14.260,0.94,0.824
KMRS,09:57:14.280,09:57:14.260,0.94,0.796
KMRS,09:57:14.280,09:57:14.260,0.94,0.712
KMRS,09:57:14.280,09:57:14.260,0.94,0.7
KMRS,09:58:10.000,09:58:10.170,0.42,0.625
KMRS,09:58:32.270,09:58:32.230,0.76,0.667
KMRS,09:58:32.270,09:58:32.240,0.76,0.687
KMRS,09:58:32.270,09:58:32.240,0.76,0.728
KMRS,09:58:32.270,09:58:32.260,0.76,0.858
KMRS,09:58:32.270,09:58:32.260,0.76,0.851
KOZT,09:03:43.000,09:03:43.000,0.83,0.355
KOZT,09:03:43.000,09:03:43.490,0.83,0.199
KOZT,09:03:43.000,09:03:43.490,0.83,0.181
KOZT,09:04:55.000,09:04:54.930,0.94,0.236
KOZT,09:04:55.000,09:04:55.060,0.94,0.129
KOZT,09:05:34.010,09:05:34.000,0.68,0.932
KOZT,09:05:34.010,09:05:34.130,0.68,0.378
KOZT,09:05:34.010,09:05:34.140,0.68,0.36
KOZT,09:06:11.240,09:06:11.630,0.12,0.272
KOZT,09:06:11.240,09:06:11.640,0.12,0.281
KOZT,09:06:11.240,09:06:11.870,0.12,0.171
KOZT,09:09:29.210,09:09:29.000,0.11,0.453
KOZT,09:09:29.210,09:09:29.490,0.11,0.186
KOZT,09:09:29.210,09:09:29.560,0.11,0.123
KOZT,09:10:36.000,09:10:35.470,0.78,0.296
KOZT,09:10:36.000,09:10:35.490,0.78,0.345
KOZT,09:10:36.000,09:10:35.530,0.78,0.397
KOZT,09:12:00.000,09:11:59.000,0.52,0.589
KOZT,09:12:00.000,09:11:59.300,0.52,0.244
KOZT,09:12:00.000,09:11:59.430,0.52,0.606
KOZT,09:12:00.000,09:11:59.460,0.52,0.405
KOZT,09:12:52.000,09:12:52.070,0.89,0.129
KOZT,09:14:40.010,09:14:41.000,0.45,0.418
KOZT,09:18:23.000,09:18:22.000,0.91,0.636
KOZT,09:18:23.000,09:18:22.760,0.91,0.539
KOZT,09:18:23.000,09:18:22.810,0.91,0.465
KOZT,09:20:43.000,09:20:43.140,0.93,0.124
KOZT,09:20:43.000,09:20:43.140,0.93,0.201
KOZT,09:20:43.000,09:20:44.000,0.93,0.44
KOZT,09:23:59.000,09:23:58.000,0.71,0.774
KOZT,09:25:53.000,09:25:52.020,0.82,0.539
KOZT,09:25:53.000,09:25:52.660,0.82,0.153
KOZT,09:26:51.940,09:26:52.000,0.22,0.768
KOZT,09:26:51.940,09:26:52.040,0.22,0.151
KOZT,09:30:06.990,09:30:06.000,0.44,0.222
KOZT,09:30:32.650,09:30:32.830,0.42,0.439
KOZT,09:34:37.000,09:34:37.140,0.95,0.581
KOZT,09:34:37.000,09:34:37.160,0.95,0.507
KOZT,09:34:37.000,09:34:37.210,0.95,0.446
KOZT,09:35:46.000,09:35:46.000,0.48,0.564
KOZT,09:35:46.000,09:35:46.040,0.48,0.691
KOZT,09:35:46.000,09:35:46.040,0.48,0.667
KOZT,09:35:46.000,09:35:46.060,0.48,0.757
KOZT,09:36:32.310,09:36:32.190,0.42,0.253
KOZT,09:36:32.310,09:36:32.690,0.42,0.425
KOZT,09:36:32.310,09:36:32.690,0.42,0.38
KOZT,09:36:32.310,09:36:33.000,0.42,0.688
KOZT,09:36:40.000,09:36:41.000,0.49,0.184
KOZT,09:38:34.720,09:38:34.000,0.31,0.901
KOZT,09:38:50.000,09:38:49.980,0.38,0.225
KOZT,09:42:15.050,09:42:15.090,0.18,0.395
KOZT,09:42:15.050,09:42:15.240,0.18,0.364
KOZT,09:42:15.050,09:42:15.250,0.18,0.336
KOZT,09:42:15.050,09:42:16.000,0.18,0.727
KOZT,09:44:19.000,09:44:18.000,0.35,0.4
KOZT,09:48:03.000,09:48:04.000,0.74,0.157
KOZT,09:53:18.000,09:53:18.000,0.75,0.87
KOZT,09:53:18.000,09:53:18.010,0.75,0.535
KOZT,09:54:39.000,09:54:38.000,0.5,0.308
KOZT,09:54:39.000,09:54:38.780,0.5,0.197
KOZT,09:54:39.000,09:54:38.780,0.5,0.303
KOZT,09:54:39.000,09:54:40.000,0.5,0.863
KOZT,09:54:54.000,09:54:54.000,0.38,0.533
KOZT,09:57:28.740,09:57:28.000,0.36,0.181
KOZT,09:57:28.740,09:57:29.000,0.36,0.861
KOZT,09:58:43.000,09:58:42.000,0.66,0.818
KOZT,09:58:43.000,09:58:42.040,0.66,0.293
KOZT,09:58:43.000,09:58:42.040,0.66,0.285
KOZT,09:58:43.000,09:58:43.850,0.66,0.247
KRBG,09:02:37.270,09:02:37.580,0.44,0.135
KRBG,09:02:37.270,09:02:37.580,0.44,0.251
KRBG,09:07:42.000,09:07:42.480,0.92,0.254
KRBG,09:35:34.000,09:35:34.130,0.68,0.113
KRBG,09:35:34.000,09:35:34.130,0.68,0.238
KRBG,09:35:34.000,09:35:34.130,0.68,0.234
KRBG,09:50:44.030,09:50:43.860,0.58,0.267
KTUT,09:49:08.320,09:49:08.010,0.14,0.162
KULU,08:48:59.120,08:48:58.990,0.93,0.244
KULU,13:18:33.000,13:18:33.000,0.57,0.655
KULU,13:40:06.000,13:40:06.000,0.64,0.839
KULU,14:45:24.000,14:45:24.600,0.81,0.375
KULU,14:45:24.000,14:45:24.600,0.81,0.802
KULU,14:45:24.000,14:45:24.600,0.81,0.737
KULU,16:14:30.000,16:14:29.980,0.95,0.53
KULU,16:14:30.000,16:14:29.980,0.95,0.29
KVT ,09:37:16.010,09:37:16.000,0.92,0.943
KVT ,09:37:16.010,09:37:16.040,0.92,0.292
KVT ,09:49:39.000,09:49:40.000,0.65,0.9
KVT ,09:55:19.000,09:55:18.650,0.54,0.274
LADK,09:24:41.000,09:24:40.980,0.7,0.531
LADK,09:24:41.000,09:24:41.210,0.7,0.102
LFK ,09:01:56.280,09:01:56.690,0.43,0.183
LFK ,09:01:56.280,09:01:56.690,0.43,0.22
LFK ,09:01:56.280,09:01:57.000,0.43,0.805
LFK ,09:09:19.000,09:09:18.810,0.88,0.415
LFK ,09:09:19.000,09:09:18.840,0.88,0.337
LFK ,09:09:19.000,09:09:19.000,0.88,0.51
LFK ,09:17:42.280,09:17:41.860,0.5,0.187
LFK ,09:17:42.280,09:17:41.890,0.5,0.164
LFK ,09:17:42.280,09:17:41.930,0.5,0.155
LFK ,09:17:42.280,09:17:42.040,0.5,0.246
LFK ,09:18:46.000,09:18:45.550,0.54,0.447
LFK ,09:24:08.310,09:24:07.530,0.21,0.251
LFK ,09:24:08.310,09:24:08.000,0.21,0.779
LFK ,09:24:43.000,09:24:43.000,0.9,0.273
LFK ,09:35:45.990,09:35:46.000,0.69,0.593
LFK ,09:48:25.000,09:48:25.090,0.93,0.251
LFK ,09:48:25.000,09:48:25.180,0.93,0.182
LMOS,02:02:41.000,02:02:41.000,0.9,0.71
LMOS,02:10:19.000,02:10:18.000,0.37,0.335
LMOS,02:21:57.000,02:21:56.000,0.67,0.391
LMOS,02:32:13.000,02:32:12.000,0.6,0.4
LMOS,02:49:31.000,02:49:31.980,0.33,0.157
LMOS,02:50:52.400,02:50:52.000,0.13,0.414
LMOS,02:53:53.000,02:53:52.020,0.63,0.323
LMOS,02:54:49.000,02:54:49.050,0.92,0.362
LMOS,02:54:49.000,02:54:49.090,0.92,0.175
LMOS,02:54:49.000,02:54:49.150,0.92,0.199
LMOS,09:02:24.000,09:02:24.010,0.84,0.191
LMOS,09:04:45.000,09:04:46.000,0.41,0.463
LMOS,09:06:50.000,09:06:50.040,0.8,0.299
LMOS,09:09:51.000,09:09:51.050,0.91,0.324
LMOS,09:12:35.010,09:12:36.010,0.72,0.183
LMOS,09:18:57.000,09:18:57.000,0.9,0.875
LMOS,09:20:55.000,09:20:54.000,0.62,0.732
LMOS,09:24:33.990,09:24:34.000,0.19,0.836
LMOS,09:32:42.000,09:32:43.000,0.29,0.47
LMOS,09:36:19.000,09:36:18.990,0.81,0.138
LMOS,09:48:53.000,09:48:53.000,0.88,0.882
LMOS,09:58:05.000,09:58:04.000,0.19,0.224
LMOS,11:05:34.830,11:05:34.000,0.18,0.318
LMOS,11:12:09.000,11:12:08.000,0.56,0.374
LMOS,11:29:13.000,11:29:13.210,0.85,0.276
LMOS,11:29:13.000,11:29:13.240,0.85,0.379
LMOS,11:29:13.000,11:29:13.240,0.85,0.162
LMOS,11:31:55.000,11:31:54.000,0.9,0.499
LMOS,11:31:55.000,11:31:54.350,0.9,0.123
LMOS,11:31:55.000,11:31:54.530,0.9,0.236
LMOS,11:36:05.000,11:36:04.000,0.29,0.473
LMOS,11:50:56.000,11:50:56.000,0.44,0.357
LMOS,11:56:52.000,11:56:52.000,0.85,0.555
LMOS,11:56:52.000,11:56:52.250,0.85,0.312
LMOS,11:56:52.000,11:56:52.270,0.85,0.229
LMOS,11:56:52.000,11:56:52.270,0.85,0.437
LMOS,13:01:16.400,13:01:16.000,0.36,0.575
LMOS,13:04:21.000,13:04:21.930,0.69,0.133
LMOS,13:07:41.000,13:07:40.000,0.26,0.499
LMOS,13:12:54.370,13:12:54.000,0.23,0.836
LMOS,13:12:54.370,13:12:54.240,0.23,0.276
LMOS,13:17:25.000,13:17:25.950,0.57,0.465
LMOS,13:17:25.000,13:17:25.980,0.57,0.135
LMOS,13:18:05.000,13:18:06.000,0.43,0.116
LMOS,13:25:04.000,13:25:04.160,0.62,0.432
LMOS,13:25:04.000,13:25:04.340,0.62,0.417
LMOS,13:25:04.000,13:25:04.380,0.62,0.416
LMOS,13:25:04.000,13:25:04.380,0.62,0.246
LMOS,13:27:07.000,13:27:07.000,0.38,0.764
LMOS,13:27:07.000,13:27:07.310,0.38,0.18
LMOS,13:32:29.000,13:32:29.000,0.68,0.698
LMOS,13:40:11.000,13:40:10.000,0.54,0.702
LMOS,13:40:31.000,13:40:30.000,0.47,0.535
LMOS,14:07:31.000,14:07:31.000,0.95,0.765
LMOS,14:07:31.000,14:07:31.000,0.95,0.125
LMOS,14:11:06.000,14:11:05.730,0.9,0.323
LMOS,14:11:06.000,14:11:05.730,0.9,0.405
LMOS,14:11:06.000,14:11:05.730,0.9,0.153
LMOS,14:11:06.000,14:11:06.010,0.9,0.551
LMOS,14:21:53.000,14:21:53.980,0.81,0.307
LMOS,14:25:49.000,14:25:48.690,0.65,0.494
LMOS,14:25:49.000,14:25:48.690,0.65,0.574
LMOS,14:25:49.000,14:25:48.840,0.65,0.301
LMOS,14:27:45.290,14:27:45.000,0.7,0.269
LMOS,14:27:45.290,14:27:45.440,0.7,0.497
LMOS,14:27:45.290,14:27:45.440,0.7,0.536
LMOS,14:28:34.730,14:28:34.000,0.44,0.802
LMOS,14:30:55.000,14:30:54.970,0.63,0.219
LMOS,14:38:30.980,14:38:30.980,0.13,0.108
LMOS,14:38:46.000,14:38:46.000,0.63,0.793
LMOS,14:42:08.000,14:42:07.980,0.43,0.252
LMOS,14:54:40.380,14:54:40.000,0.52,0.675
LMOS,14:54:40.380,14:54:40.690,0.52,0.371
LMOS,14:54:40.380,14:54:40.690,0.52,0.31
LMOS,14:54:40.380,14:54:40.690,0.52,0.16
LMOS,14:58:32.000,14:58:32.000,0.83,0.874
LMOS,14:58:32.000,14:58:32.000,0.83,0.608
LMOS,14:58:32.000,14:58:32.010,0.83,0.366
LMOS,16:22:11.420,16:22:11.210,0.46,0.314
LMOS,16:22:11.420,16:22:11.250,0.46,0.532
LMOS,16:25:54.990,16:25:54.000,0.48,0.805
LMOS,16:25:54.990,16:25:54.410,0.48,0.23
LMOS,16:25:54.990,16:25:54.510,0.48,0.175
LMOS,16:27:15.000,16:27:16.000,0.83,0.608
LMOS,16:31:44.050,16:31:43.980,0.6,0.513
LMOS,16:31:44.050,16:31:43.980,0.6,0.529
LMOS,16:31:44.050,16:31:44.000,0.6,0.936
LMOS,16:31:44.050,16:31:44.010,0.6,0.528
LMOS,16:33:01.000,16:33:00.940,0.84,0.438
LMOS,16:39:05.000,16:39:04.000,0.41,0.731
LMOS,16:41:09.080,16:41:09.000,0.19,0.231
LMOS,16:44:24.000,16:44:24.010,0.91,0.466
LMOS,16:54:41.250,16:54:41.000,0.21,0.657
LMOS,16:54:41.250,16:54:41.450,0.21,0.179
LMOS,16:54:41.250,16:54:41.490,0.21,0.444
LMOS,16:54:41.250,16:54:41.580,0.21,0.311
LOD ,09:55:08.640,09:55:08.590,0.63,0.185
LOD ,09:55:08.640,09:55:08.610,0.63,0.809
LOD ,09:55:08.640,09:55:08.610,0.63,0.851
LOD ,09:55:08.640,09:55:08.610,0.63,0.842
LOD ,09:55:08.640,09:55:08.630,0.63,0.786
MDUB,09:53:13.720,09:53:13.860,0.84,0.862
MDUB,09:53:13.720,09:53:13.860,0.84,0.853
MDUB,09:53:13.720,09:53:13.860,0.84,0.838
MDUB,09:53:13.720,09:53:13.860,0.84,0.837
MDUB,09:53:13.720,09:53:13.860,0.84,0.715
MERS,09:02:03.000,09:02:03.060,0.95,0.574
MERS,09:02:03.000,09:02:03.270,0.95,0.635
MERS,09:02:03.000,09:02:03.280,0.95,0.127
MERS,09:02:03.000,09:02:03.290,0.95,0.757
MERS,09:02:03.000,09:02:04.000,0.95,0.913
MERS,09:04:00.730,09:04:00.750,0.41,0.543
MERS,09:04:00.730,09:04:00.790,0.41,0.508
MERS,09:04:00.730,09:04:00.840,0.41,0.263
MERS,09:05:52.000,09:05:52.000,0.83,0.832
MERS,09:05:52.000,09:05:52.040,0.83,0.158
MERS,09:05:52.000,09:05:52.040,0.83,0.258
MLAZ,09:21:19.380,09:21:19.000,0.49,0.93
MLAZ,09:21:19.380,09:21:19.370,0.49,0.333
MLAZ,09:21:19.380,09:21:19.390,0.49,0.658
MLAZ,09:21:19.380,09:21:19.390,0.49,0.636
MLAZ,09:21:19.380,09:21:19.460,0.49,0.442
MLAZ,09:22:12.000,09:22:11.880,0.95,0.322
MLAZ,09:22:12.000,09:22:12.000,0.95,0.596
MLAZ,09:49:29.000,09:49:28.010,0.57,0.489
MRMT,14:27:12.000,14:27:12.360,0.81,0.19
MRMT,14:31:53.080,14:31:53.000,0.27,0.124
MRMT,18:01:42.000,18:01:42.000,0.31,0.313
SARI,09:02:07.000,09:02:07.000,0.93,0.882
SARI,09:02:07.000,09:02:07.130,0.93,0.419
SARI,09:02:07.000,09:02:07.210,0.93,0.533
SARI,09:02:07.000,09:02:07.240,0.93,0.531
SARI,09:03:53.000,09:03:54.000,0.86,0.56
SARI,09:04:55.010,09:04:54.690,0.91,0.288
SARI,09:04:55.010,09:04:54.780,0.91,0.369
SARI,09:04:55.010,09:04:54.800,0.91,0.612
SARI,09:04:55.010,09:04:54.910,0.91,0.325
SARI,09:05:39.990,09:05:40.530,0.75,0.19
SARI,09:05:39.990,09:05:40.570,0.75,0.297
SARI,09:05:39.990,09:05:40.570,0.75,0.366
SARI,09:06:13.000,09:06:12.260,0.66,0.168
SARI,09:06:13.000,09:06:13.420,0.66,0.252
SARI,09:08:05.000,09:08:04.000,0.52,0.801
SARI,09:10:41.000,09:10:40.000,0.7,0.489
SARI,09:10:41.000,09:10:40.290,0.7,0.196
SARI,09:10:41.000,09:10:40.290,0.7,0.182
SARI,09:12:05.000,09:12:04.930,0.92,0.471
SARI,09:12:05.000,09:12:04.970,0.92,0.494
SARI,09:12:05.000,09:12:05.000,0.92,0.952
SARI,09:12:05.000,09:12:05.000,0.92,0.653
SARI,09:13:48.000,09:13:48.110,0.63,0.139
SARI,09:13:48.000,09:13:48.110,0.63,0.252
SARI,09:13:48.000,09:13:48.130,0.63,0.237
SARI,09:14:39.000,09:14:39.730,0.72,0.252
SARI,09:16:43.000,09:16:43.000,0.92,0.171
SARI,09:16:43.000,09:16:43.180,0.92,0.292
SARI,09:16:43.000,09:16:43.240,0.92,0.288
SARI,09:17:29.000,09:17:29.000,0.93,0.614
SARI,09:17:29.000,09:17:29.330,0.93,0.49
SARI,09:17:29.000,09:17:29.330,0.93,0.352
SARI,09:20:55.000,09:20:56.000,0.89,0.889
SARI,09:21:29.000,09:21:29.000,0.69,0.495
SARI,09:24:12.080,09:24:13.000,0.14,0.601
SARI,09:25:58.000,09:25:58.000,0.82,0.93
SARI,09:25:58.000,09:25:58.130,0.82,0.211
SARI,09:25:58.000,09:25:58.130,0.82,0.298
SARI,09:27:04.300,09:27:04.000,0.39,0.79
SARI,09:27:04.300,09:27:04.510,0.39,0.177
SARI,09:28:47.710,09:28:47.700,0.31,0.235
SARI,09:28:47.710,09:28:47.730,0.31,0.291
SARI,09:30:01.110,09:30:00.670,0.28,0.249
SARI,09:31:46.830,09:31:46.750,0.23,0.107
SARI,09:34:09.000,09:34:09.000,0.81,0.454
SARI,09:34:09.000,09:34:09.240,0.81,0.131
SARI,09:34:09.550,09:34:09.000,0.19,0.454
SARI,09:34:09.550,09:34:09.240,0.19,0.131
SARI,09:35:49.000,09:35:49.050,0.92,0.397
SARI,09:35:49.000,09:35:49.050,0.92,0.465
SARI,09:35:49.000,09:35:49.050,0.92,0.371
SARI,09:36:38.990,09:36:38.840,0.77,0.651
SARI,09:36:38.990,09:36:38.840,0.77,0.815
SARI,09:36:38.990,09:36:38.840,0.77,0.758
SARI,09:36:38.990,09:36:38.970,0.77,0.641
SARI,09:39:04.000,09:39:04.000,0.85,0.724
SARI,09:39:47.000,09:39:47.180,0.59,0.131
SARI,09:42:19.000,09:42:19.000,0.67,0.766
SARI,09:42:19.000,09:42:19.310,0.67,0.371
SARI,09:42:19.000,09:42:19.330,0.67,0.446
SARI,09:42:19.000,09:42:19.330,0.67,0.283
SARI,09:45:41.760,09:45:42.000,0.24,0.869
SARI,09:45:41.760,09:45:42.110,0.24,0.504
SARI,09:45:41.760,09:45:42.110,0.24,0.488
SARI,09:47:09.000,09:47:09.000,0.9,0.577
SARI,09:47:09.000,09:47:09.270,0.9,0.127
SARI,09:48:05.000,09:48:04.970,0.43,0.281
SARI,09:48:05.000,09:48:05.160,0.43,0.104
SARI,09:48:05.000,09:48:05.180,0.43,0.139
SARI,09:49:28.000,09:49:28.010,0.47,0.119
SARI,09:52:20.000,09:52:19.950,0.9,0.453
SARI,09:52:20.000,09:52:19.980,0.9,0.162
SARI,09:53:20.000,09:53:21.000,0.37,0.753
SARI,09:55:40.880,09:55:40.910,0.2,0.166
SARI,09:55:40.880,09:55:40.990,0.2,0.254
SARI,09:55:40.880,09:55:41.000,0.2,0.803
SARI,09:58:55.000,09:58:54.000,0.55,0.551
SARI,09:58:55.000,09:58:54.130,0.55,0.2
SAUV,09:53:16.120,09:53:16.000,0.44,0.557
SAUV,09:53:16.120,09:53:16.130,0.44,0.744
SAUV,09:53:16.120,09:53:16.130,0.44,0.721
SAUV,09:53:16.120,09:53:16.140,0.44,0.756
SDAG,00:09:18.010,00:09:18.000,0.2,0.197
SDAG,00:11:22.030,00:11:21.580,0.21,0.297
SDAG,00:48:39.010,00:48:39.580,0.42,0.173
SDAG,00:51:47.000,00:51:47.060,0.87,0.613
SDAG,00:51:47.000,00:51:47.080,0.87,0.342
SDAG,00:54:32.850,00:54:32.990,0.27,0.132
SDAG,00:58:54.490,00:58:54.440,0.2,0.363
SDAG,09:06:41.010,09:06:41.270,0.53,0.101
SDAG,09:33:34.000,09:33:33.790,0.68,0.229
SDAG,09:45:12.000,09:45:12.510,0.82,0.263
SDAG,09:48:08.030,09:48:07.980,0.4,0.218
SDAG,11:10:22.970,11:10:22.950,0.8,0.857
SDAG,11:10:22.970,11:10:22.950,0.8,0.862
SDAG,11:10:22.970,11:10:22.950,0.8,0.861
SDAG,11:10:22.970,11:10:22.950,0.8,0.864
SDAG,11:15:34.000,11:15:34.040,0.83,0.282
SDAG,11:29:12.000,11:29:12.650,0.67,0.103
SDAG,11:30:58.540,11:30:58.500,0.81,0.457
SDAG,11:30:58.540,11:30:58.500,0.81,0.82
SDAG,11:30:58.540,11:30:58.530,0.81,0.812
SDAG,11:30:58.540,11:30:58.530,0.81,0.817
SDAG,11:30:58.540,11:30:58.530,0.81,0.806
SDAG,11:47:07.280,11:47:07.490,0.61,0.635
SDAG,11:47:07.280,11:47:07.490,0.61,0.295
SDAG,11:47:07.280,11:47:07.490,0.61,0.64
SDAG,11:53:04.280,11:53:04.000,0.68,0.679
SDAG,11:53:04.280,11:53:04.440,0.68,0.551
SDAG,11:53:04.280,11:53:04.500,0.68,0.582
SDAG,11:53:04.280,11:53:04.530,0.68,0.505
SDAG,11:56:20.550,11:56:20.780,0.53,0.59
SDAG,11:56:20.550,11:56:20.780,0.53,0.595
SDAG,11:56:20.550,11:56:20.830,0.53,0.608
SDAG,11:56:20.550,11:56:20.970,0.53,0.485
SDAG,13:01:30.250,13:01:30.000,0.35,0.672
SDAG,13:12:54.000,13:12:54.080,0.76,0.1
SDAG,13:13:52.000,13:13:52.000,0.79,0.656
SDAG,13:13:52.000,13:13:52.130,0.79,0.191
SDAG,13:13:52.000,13:13:52.130,0.79,0.193
SDAG,13:13:52.000,13:13:52.130,0.79,0.216
SDAG,13:45:53.980,13:45:54.010,0.22,0.148
SDAG,14:32:26.560,14:32:26.040,0.77,0.484
SDAG,14:32:26.560,14:32:26.040,0.77,0.441
SDAG,14:32:26.560,14:32:26.040,0.77,0.545
SDAG,16:09:45.720,16:09:45.710,0.77,0.854
SDAG,16:09:45.720,16:09:45.710,0.77,0.87
SDAG,16:09:45.720,16:09:45.710,0.77,0.866
SDAG,16:09:45.720,16:09:45.710,0.77,0.858
SDAG,16:27:30.000,16:27:30.000,0.19,0.715
SDAG,16:44:39.000,16:44:40.000,0.92,0.83
SDAG,16:56:54.000,16:56:54.010,0.12,0.181
SENK,09:17:03.000,09:17:02.380,0.35,0.121
SHUT,01:28:13.580,01:28:13.560,0.81,0.89
SHUT,01:28:13.580,01:28:13.560,0.81,0.888
SHUT,01:28:13.580,01:28:13.560,0.81,0.894
SHUT,01:28:13.580,01:28:13.560,0.81,0.898
SHUT,01:28:13.580,01:28:13.670,0.81,0.556
SILT,08:32:20.300,08:32:20.000,0.32,0.764
SILT,08:32:20.300,08:32:20.130,0.32,0.377
SILT,08:32:20.300,08:32:20.130,0.32,0.388
SIMA,02:24:53.000,02:24:53.010,0.89,0.622
SIMA,09:00:07.000,09:00:07.160,0.43,0.326
SVSK,01:19:39.000,01:19:38.660,0.83,0.417
SVSK,01:27:26.000,01:27:26.030,0.95,0.683
SVSK,01:27:26.000,01:27:26.070,0.95,0.616
SVSK,01:34:34.000,01:34:34.000,0.93,0.711
SVSK,01:40:21.510,01:40:21.460,0.75,0.487
SVSK,01:40:21.510,01:40:21.460,0.75,0.775
SVSK,01:40:21.510,01:40:21.480,0.75,0.765
SVSK,01:40:21.510,01:40:21.490,0.75,0.725
SVSK,01:41:52.730,01:41:52.010,0.25,0.556
SVSK,01:47:20.270,01:47:20.100,0.63,0.157
SVSK,01:47:20.270,01:47:20.100,0.63,0.131
SVSK,01:47:20.270,01:47:20.100,0.63,0.394
SVSK,01:52:25.300,01:52:25.090,0.64,0.529
SVSK,01:52:25.300,01:52:25.090,0.64,0.327
SVSK,01:52:25.300,01:52:25.130,0.64,0.214
SVSK,01:55:44.280,01:55:44.000,0.67,0.909
SVSK,01:55:44.280,01:55:44.290,0.67,0.426
SVSK,01:55:44.280,01:55:44.290,0.67,0.414
SVSK,01:57:07.720,01:57:07.610,0.49,0.119
TAHT,05:01:22.000,05:01:22.000,0.95,0.875
TAHT,05:01:22.000,05:01:22.000,0.95,0.859
TAHT,05:01:22.000,05:01:22.000,0.95,0.841
TAHT,05:01:22.000,05:01:22.000,0.95,0.904
TAHT,05:03:15.000,05:03:14.870,0.91,0.476
TAHT,05:03:15.000,05:03:14.870,0.91,0.336
TAHT,05:03:15.000,05:03:14.900,0.91,0.505
TAHT,05:03:59.730,05:03:59.750,0.77,0.858
TAHT,05:03:59.730,05:03:59.750,0.77,0.87
TAHT,05:03:59.730,05:03:59.750,0.77,0.874
TAHT,05:03:59.730,05:03:59.750,0.77,0.88
TAHT,05:06:46.320,05:06:47.040,0.31,0.129
TOKT,01:27:43.000,01:27:43.490,0.51,0.115
TOKT,01:29:07.000,01:29:06.000,0.66,0.811
TOKT,01:34:43.000,01:34:43.020,0.74,0.129
TOKT,01:41:38.380,01:41:38.660,0.38,0.151
TOKT,01:41:38.380,01:41:38.750,0.38,0.211
TOKT,01:48:20.320,01:48:20.030,0.36,0.348
TOKT,01:48:20.320,01:48:20.380,0.36,0.447
TOKT,01:48:20.320,01:48:20.380,0.36,0.425
TOKT,01:52:31.000,01:52:30.000,0.87,0.2
TOKT,01:52:31.000,01:52:30.290,0.87,0.102
URFA,14:00:28.010,14:00:27.090,0.59,0.461
URFA,14:00:28.010,14:00:27.210,0.59,0.539
URFA,14:00:28.010,14:00:28.010,0.59,0.59
URFA,14:01:53.720,14:01:53.640,0.42,0.171
URFA,14:03:31.000,14:03:31.000,0.63,0.884
URFA,14:03:31.000,14:03:31.040,0.63,0.279
URFA,14:03:31.000,14:03:31.040,0.63,0.353
URFA,14:04:45.000,14:04:45.000,0.91,0.429
URFA,14:08:48.720,14:08:48.750,0.68,0.684
URFA,14:08:48.720,14:08:48.810,0.68,0.48
URFA,14:09:38.380,14:09:38.010,0.16,0.213
URFA,14:10:36.000,14:10:35.840,0.9,0.391
URFA,14:10:36.000,14:10:35.860,0.9,0.464
URFA,14:10:36.000,14:10:36.000,0.9,0.794
URFA,14:15:40.000,14:15:40.000,0.24,0.444
URFA,14:17:41.000,14:17:41.090,0.69,0.217
URFA,14:17:41.000,14:17:41.790,0.69,0.303
URFA,14:21:10.840,14:21:11.240,0.55,0.792
URFA,14:21:10.840,14:21:11.240,0.55,0.771
URFA,14:21:10.840,14:21:11.250,0.55,0.584
URFA,14:21:10.840,14:21:11.270,0.55,0.703
URFA,14:23:02.290,14:23:02.260,0.4,0.324
URFA,14:23:02.290,14:23:02.260,0.4,0.632
URFA,14:23:02.290,14:23:02.290,0.4,0.66
URFA,14:23:54.000,14:23:53.000,0.36,0.562
URFA,14:25:01.000,14:25:01.550,0.75,0.302
URFA,14:25:01.000,14:25:01.580,0.75,0.232
URFA,14:25:17.000,14:25:17.000,0.72,0.61
URFA,14:27:35.000,14:27:34.880,0.85,0.27
URFA,14:27:35.000,14:27:34.880,0.85,0.287
URFA,14:27:35.000,14:27:34.910,0.85,0.237
URFA,14:28:22.000,14:28:21.000,0.6,0.637
URFA,14:28:22.000,14:28:21.730,0.6,0.104
URFA,14:28:22.000,14:28:21.730,0.6,0.291
URFA,14:31:21.260,14:31:21.000,0.63,0.684
URFA,14:31:21.260,14:31:21.390,0.63,0.376
URFA,14:31:21.260,14:31:21.390,0.63,0.746
URFA,14:31:21.260,14:31:21.400,0.63,0.496
URFA,14:33:03.080,14:33:03.060,0.84,0.481
URFA,14:33:03.080,14:33:03.060,0.84,0.596
URFA,14:33:03.080,14:33:03.060,0.84,0.877
URFA,14:33:03.080,14:33:03.060,0.84,0.874
URFA,14:33:25.790,14:33:26.340,0.31,0.212
URFA,14:33:25.790,14:33:26.640,0.31,0.308
URFA,14:34:22.000,14:34:21.000,0.95,0.191
URFA,14:35:57.000,14:35:56.000,0.8,0.595
URFA,14:38:29.000,14:38:29.000,0.82,0.788
URFA,14:38:29.000,14:38:29.670,0.82,0.32
URFA,14:38:29.000,14:38:29.670,0.82,0.176
URFA,14:39:34.380,14:39:34.530,0.49,0.219
URFA,14:44:39.000,14:44:39.710,0.9,0.126
URFA,14:44:39.000,14:44:39.730,0.9,0.241
URFA,14:45:43.650,14:45:44.000,0.31,0.656
URFA,14:47:02.000,14:47:01.550,0.6,0.314
URFA,14:47:02.000,14:47:01.610,0.6,0.458
URFA,14:47:02.000,14:47:01.640,0.6,0.498
URFA,14:50:30.000,14:50:30.080,0.12,0.351
URFA,14:50:30.000,14:50:30.130,0.12,0.223
URFA,14:50:30.000,14:50:30.170,0.12,0.102
URFA,14:51:30.460,14:51:30.000,0.4,0.829
URFA,14:51:30.460,14:51:30.400,0.4,0.209
URFA,14:51:30.460,14:51:30.410,0.4,0.388
URFA,14:51:30.460,14:51:30.410,0.4,0.596
URFA,14:51:30.460,14:51:30.410,0.4,0.394
URFA,14:53:27.000,14:53:26.660,0.9,0.416
URFA,14:53:59.570,14:53:59.860,0.35,0.424
URFA,14:53:59.570,14:53:59.980,0.35,0.212
URFA,14:58:08.710,14:58:08.000,0.44,0.724
URFA,14:58:08.710,14:58:08.530,0.44,0.528
URFA,14:58:08.710,14:58:08.530,0.44,0.615
URFA,14:58:08.710,14:58:08.530,0.44,0.443
UVEZ,14:30:13.000,14:30:12.290,0.57,0.101
UVEZ,16:10:17.000,16:10:17.000,0.58,0.366
UVEZ,16:16:04.000,16:16:03.980,0.89,0.166
UVEZ,16:44:51.000,16:44:52.000,0.44,0.565
VRTB,01:18:52.010,01:18:52.000,0.27,0.742
VRTB,01:25:57.680,01:25:57.660,0.79,0.882
VRTB,01:25:57.680,01:25:57.660,0.79,0.856
VRTB,01:25:57.680,01:25:57.660,0.79,0.855
VRTB,01:25:57.680,01:25:57.670,0.79,0.723
VRTB,01:25:57.680,01:25:57.670,0.79,0.846
VRTB,01:27:17.600,01:27:17.590,0.73,0.769
VRTB,01:27:17.600,01:27:17.600,0.73,0.821
VRTB,01:27:17.600,01:27:17.610,0.73,0.727
VRTB,01:27:17.600,01:27:17.610,0.73,0.547
VRTB,01:28:04.210,01:28:04.000,0.49,0.28
VRTB,01:35:53.730,01:35:53.800,0.81,0.743
VRTB,01:35:53.730,01:35:53.800,0.81,0.754
VRTB,01:35:53.730,01:35:53.800,0.81,0.709
VRTB,01:35:53.730,01:35:53.840,0.81,0.532
VRTB,01:44:44.000,01:44:43.830,0.64,0.802
VRTB,01:44:44.000,01:44:43.830,0.64,0.802
VRTB,01:44:44.000,01:44:43.830,0.64,0.799
VRTB,01:44:44.000,01:44:43.870,0.64,0.599
VRTB,01:46:58.000,01:46:58.000,0.86,0.893
VRTB,01:46:58.000,01:46:58.010,0.86,0.57
VRTB,01:46:58.000,01:46:58.030,0.86,0.524
VRTB,01:46:58.000,01:46:58.030,0.86,0.287
VRTB,01:48:01.000,01:48:01.050,0.96,0.382
VRTB,01:48:01.000,01:48:01.140,0.96,0.36
VRTB,01:48:01.000,01:48:01.240,0.96,0.593
VRTB,01:56:33.010,01:56:33.000,0.44,0.324
VRTB,01:56:33.010,01:56:33.490,0.44,0.114
YAYX,11:05:20.000,11:05:19.000,0.81,0.49
YAYX,11:05:20.000,11:05:19.550,0.81,0.126
YAYX,11:05:20.000,11:05:19.730,0.81,0.3
YAYX,11:06:19.990,11:06:20.000,0.55,0.378
YAYX,11:17:10.040,11:17:10.000,0.2,0.379
YAYX,11:24:12.940,11:24:12.910,0.75,0.216
YAYX,11:24:12.940,11:24:12.910,0.75,0.492
YAYX,11:24:12.940,11:24:12.910,0.75,0.594
YAYX,11:24:12.940,11:24:12.910,0.75,0.709
YAYX,11:34:56.000,11:34:55.980,0.53,0.178
YAYX,11:36:18.000,11:36:18.000,0.92,0.56
YAYX,11:39:41.200,11:39:40.990,0.55,0.107
YAYX,11:39:41.200,11:39:40.990,0.55,0.717
YAYX,11:39:41.200,11:39:41.000,0.55,0.766
YAYX,11:39:41.200,11:39:41.000,0.55,0.77
YAYX,11:40:22.000,11:40:21.000,0.57,0.772
YAYX,11:40:22.000,11:40:21.160,0.57,0.531
YAYX,11:40:22.000,11:40:21.210,0.57,0.526
YAYX,11:44:56.000,11:44:56.010,0.84,0.455
YAYX,11:50:44.000,11:50:45.000,0.23,0.59
YAYX,11:56:38.010,11:56:38.000,0.88,0.23
YAYX,11:56:38.010,11:56:38.010,0.88,0.369
YAYX,14:02:46.000,14:02:46.000,0.83,0.433
YAYX,14:02:46.000,14:02:46.000,0.83,0.565
YAYX,14:07:12.560,14:07:12.590,0.91,0.893
YAYX,14:07:12.560,14:07:12.590,0.91,0.898
YAYX,14:07:12.560,14:07:12.590,0.91,0.899
YAYX,14:07:12.560,14:07:12.590,0.91,0.904
YAYX,14:07:12.560,14:07:12.600,0.91,0.494
YAYX,14:15:39.000,14:15:38.000,0.72,0.242
YAYX,14:15:39.000,14:15:39.000,0.72,0.323
YAYX,14:15:39.000,14:15:40.000,0.72,0.579
YAYX,14:21:28.000,14:21:28.010,0.48,0.472
YAYX,14:25:40.000,14:25:39.990,0.26,0.361
YAYX,14:25:40.000,14:25:40.000,0.26,0.161
YAYX,14:27:40.000,14:27:39.000,0.67,0.172
YAYX,14:42:24.000,14:42:23.980,0.59,0.101
YAYX,14:45:28.720,14:45:28.660,0.89,0.591
YAYX,14:45:28.720,14:45:28.670,0.89,0.582
YAYX,14:45:28.720,14:45:28.670,0.89,0.597
YAYX,14:45:28.720,14:45:28.670,0.89,0.56
YAYX,14:54:39.000,14:54:38.040,0.47,0.14
YESY,02:34:16.960,02:34:16.800,0.67,0.583
YESY,02:34:16.960,02:34:16.800,0.67,0.559
YESY,02:34:16.960,02:34:16.800,0.67,0.619
YESY,02:34:16.960,02:34:16.880,0.67,0.371
YESY,02:49:06.990,02:49:06.970,0.76,0.201
YESY,02:54:17.720,02:54:17.640,0.66,0.651
YESY,02:54:17.720,02:54:17.680,0.66,0.828
YESY,02:54:17.720,02:54:17.690,0.66,0.556
YESY,02:54:17.720,02:54:18.000,0.66,0.751
YESY,11:01:52.080,11:01:52.000,0.77,0.926
YESY,11:01:52.080,11:01:52.020,0.77,0.851
YESY,11:01:52.080,11:01:52.020,0.77,0.864
YESY,11:01:52.080,11:01:52.020,0.77,0.856
YESY,11:01:52.080,11:01:52.030,0.77,0.813
YESY,11:04:31.510,11:04:31.530,0.74,0.688
YESY,11:04:31.510,11:04:31.530,0.74,0.868
YESY,11:04:31.510,11:04:31.530,0.74,0.872
YESY,11:04:31.510,11:04:31.530,0.74,0.879
YESY,11:04:31.510,11:04:31.530,0.74,0.861
YESY,11:13:17.000,11:13:17.150,0.92,0.26
YESY,11:14:42.000,11:14:42.800,0.18,0.813
YESY,11:14:42.000,11:14:42.800,0.18,0.86
YESY,11:14:42.000,11:14:42.800,0.18,0.882
YESY,11:14:42.000,11:14:42.800,0.18,0.85
YESY,11:28:47.280,11:28:47.300,0.61,0.732
YESY,11:28:47.280,11:28:47.300,0.61,0.738
YESY,11:28:47.280,11:28:47.310,0.61,0.756
YESY,11:28:47.280,11:28:47.330,0.61,0.733
YESY,11:29:45.000,11:29:44.290,0.38,0.639
YESY,11:29:45.000,11:29:44.330,0.38,0.645
YESY,11:29:45.000,11:29:44.330,0.38,0.638
YESY,11:29:45.000,11:29:44.330,0.38,0.546
YESY,11:34:43.720,11:34:43.640,0.79,0.724
YESY,11:34:43.720,11:34:43.640,0.79,0.743
YESY,11:34:43.720,11:34:43.650,0.79,0.595
YESY,11:34:43.720,11:34:43.680,0.79,0.727
YESY,11:36:19.000,11:36:18.510,0.71,0.108
YESY,11:48:43.320,11:48:43.330,0.79,0.338
YESY,11:48:43.320,11:48:43.370,0.79,0.832
YESY,11:48:43.320,11:48:43.370,0.79,0.823
YESY,11:48:43.320,11:48:43.370,0.79,0.826
YESY,11:48:43.320,11:48:43.370,0.79,0.798
YESY,11:54:45.000,11:54:44.660,0.85,0.778
YESY,11:54:45.000,11:54:44.680,0.85,0.771
YESY,11:54:45.000,11:54:44.680,0.85,0.809
YESY,11:54:45.000,11:54:44.700,0.85,0.742
YESY,13:04:05.000,13:04:04.670,0.21,0.133
YESY,13:12:41.500,13:12:41.070,0.16,0.184
YESY,13:14:48.840,13:14:48.880,0.4,0.268
YESY,13:14:48.840,13:14:48.960,0.4,0.76
YESY,13:14:48.840,13:14:48.960,0.4,0.48
YESY,13:16:56.840,13:16:56.850,0.85,0.865
YESY,13:16:56.840,13:16:56.860,0.85,0.913
YESY,13:16:56.840,13:16:56.860,0.85,0.904
YESY,13:16:56.840,13:16:56.860,0.85,0.904
YESY,13:16:56.840,13:16:56.860,0.85,0.888
YESY,13:18:21.000,13:18:20.010,0.73,0.149
YESY,13:34:49.820,13:34:49.700,0.57,0.672
YESY,13:34:49.820,13:34:49.700,0.57,0.697
YESY,13:34:49.820,13:34:49.700,0.57,0.723
YESY,13:34:49.820,13:34:49.700,0.57,0.372
YESY,13:39:45.000,13:39:45.060,0.61,0.178
YESY,13:54:50.910,13:54:50.630,0.75,0.333
YESY,13:54:50.910,13:54:50.660,0.75,0.794
YESY,13:54:50.910,13:54:50.660,0.75,0.833
YESY,13:54:50.910,13:54:50.660,0.75,0.821
YESY,13:54:50.910,13:54:50.660,0.75,0.827
YESY,14:11:03.010,14:11:04.010,0.78,0.194
YESY,14:14:51.000,14:14:51.590,0.74,0.123
YESY,14:14:51.000,14:14:51.640,0.74,0.747
YESY,14:14:51.000,14:14:51.640,0.74,0.748
YESY,14:14:51.000,14:14:51.640,0.74,0.774
YESY,14:17:42.990,14:17:42.010,0.78,0.571
YESY,14:21:30.000,14:21:29.980,0.53,0.195
YESY,14:34:52.990,14:34:52.640,0.7,0.846
YESY,14:34:52.990,14:34:52.640,0.7,0.825
YESY,14:34:52.990,14:34:52.640,0.7,0.752
YESY,14:34:52.990,14:34:52.650,0.7,0.811
YESY,14:42:19.720,14:42:19.060,0.7,0.222
YESY,14:51:39.000,14:51:38.780,0.81,0.552
YESY,14:51:39.000,14:51:38.780,0.81,0.688
YESY,14:51:39.000,14:51:38.780,0.81,0.679
YESY,14:52:15.000,14:52:14.380,0.36,0.118
YESY,14:52:15.000,14:52:16.000,0.36,0.134
YESY,14:54:33.000,14:54:32.810,0.81,0.291
YESY,14:54:54.000,14:54:54.000,0.94,0.498
YESY,16:02:53.000,16:02:52.380,0.33,0.126
YESY,16:10:29.340,16:10:29.270,0.74,0.84
YESY,16:10:29.340,16:10:29.270,0.74,0.846
YESY,16:10:29.340,16:10:29.280,0.74,0.835
YESY,16:10:29.340,16:10:29.290,0.74,0.614
YESY,16:10:29.340,16:10:29.300,0.74,0.822
YESY,16:14:57.000,16:14:57.680,0.38,0.728
YESY,16:14:57.000,16:14:57.680,0.38,0.603
YESY,16:14:57.000,16:14:57.700,0.38,0.68
YESY,16:14:57.000,16:14:57.700,0.38,0.729
YESY,16:17:26.400,16:17:26.500,0.27,0.614
YESY,16:17:26.400,16:17:26.510,0.27,0.733
YESY,16:17:26.400,16:17:26.510,0.27,0.31
YESY,16:17:26.400,16:17:26.530,0.27,0.726
YESY,16:17:26.400,16:17:26.530,0.27,0.738
YESY,16:18:23.800,16:18:23.800,0.44,0.694
YESY,16:18:23.800,16:18:23.840,0.44,0.744
YESY,16:18:23.800,16:18:23.840,0.44,0.683
YESY,16:18:23.800,16:18:23.860,0.44,0.625
YESY,16:25:41.000,16:25:41.010,0.23,0.15
YESY,16:27:08.000,16:27:07.930,0.77,0.209
YESY,16:32:54.380,16:32:53.980,0.4,0.385
YESY,16:34:58.740,16:34:58.970,0.68,0.601
YESY,16:34:58.740,16:34:58.970,0.68,0.407
YESY,16:34:58.740,16:34:58.970,0.68,0.393
YESY,16:58:18.000,16:58:17.300,0.28,0.175
YOZ ,11:06:10.010,11:06:09.610,0.76,0.328
YOZ ,11:06:10.010,11:06:10.000,0.76,0.756
YOZ ,11:06:10.010,11:06:10.510,0.76,0.393
YOZ ,11:08:45.000,11:08:45.070,0.81,0.173
YOZ ,11:12:05.000,11:12:04.000,0.35,0.403
YOZ ,11:27:31.000,11:27:30.970,0.75,0.432
YOZ ,11:31:23.000,11:31:22.000,0.82,0.389
YOZ ,11:36:09.000,11:36:09.000,0.56,0.7
YOZ ,11:40:15.000,11:40:14.650,0.72,0.226
YOZ ,11:40:15.000,11:40:16.000,0.72,0.817
YOZ ,11:56:32.000,11:56:31.640,0.69,0.275
YOZ ,11:56:32.000,11:56:31.840,0.69,0.191
YOZ ,11:56:32.000,11:56:32.000,0.69,0.863
YOZ ,13:00:43.000,13:00:42.930,0.88,0.283
YOZ ,13:00:43.000,13:00:42.980,0.88,0.55
YOZ ,13:04:05.000,13:04:05.090,0.2,0.174
YOZ ,13:09:45.000,13:09:45.560,0.58,0.128
YOZ ,13:09:45.000,13:09:45.950,0.58,0.153
YOZ ,13:17:08.610,13:17:08.010,0.11,0.168
YOZ ,13:18:17.000,13:18:16.000,0.93,0.355
YOZ ,13:18:17.000,13:18:16.870,0.93,0.406
YOZ ,13:18:17.000,13:18:16.930,0.93,0.203
YOZ ,13:18:17.000,13:18:17.000,0.93,0.842
YOZ ,13:21:51.000,13:21:52.000,0.52,0.254
YOZ ,13:22:37.030,13:22:37.180,0.14,0.11
YOZ ,13:39:51.000,13:39:52.000,0.94,0.886
YOZ ,13:45:31.000,13:45:31.000,0.92,0.612
YOZ ,13:59:23.720,13:59:23.310,0.66,0.159
