station,EQTransformer_pick_time,Kandilli_pick_time,EQTransformer_pick_score
ADVT,08:25:14.000,08:25:13.900,0.8
ADVT,18:26:46.000,18:26:46.400,0.58
ADVT,18:31:18.000,18:31:17.900,0.93
AFSR,10:36:59.690,10:37:00.600,0.22
AFSR,10:52:35.010,10:52:35.900,0.24
AFSR,14:45:17.330,14:45:17.400,0.81
AGRB,05:12:52.840,05:12:52.700,0.79
AKDM,00:16:05.720,00:16:05.600,0.51
AKDM,01:18:48.990,01:18:48.100,0.17
AKDM,01:48:17.000,01:48:17.400,0.82
AKDM,05:12:58.000,05:12:57.400,0.61
AKDM,19:51:49.000,19:51:48.400,0.76
AKDM,23:55:31.000,23:55:30.300,0.93
APMY,14:39:44.670,14:39:44.800,0.79
APMY,17:58:04.000,17:58:04.300,0.94
APMY,21:46:08.000,21:46:07.600,0.55
AYDB,04:54:53.000,04:54:53.900,0.77
AYDB,11:46:41.240,11:46:41.300,0.14
AYDB,21:46:18.000,21:46:17.600,0.35
BAYT,05:02:40.010,05:02:40.600,0.85
BAYT,12:03:17.390,12:03:16.500,0.28
BGKT,08:32:29.000,08:32:29.500,0.25
BLVD,05:29:01.000,05:29:01.300,0.94
BLVD,10:26:05.000,10:26:04.600,0.43
BNGB,01:18:28.350,01:18:27.700,0.53
BNGB,02:52:24.210,02:52:23.600,0.61
BNGB,03:05:19.000,03:05:18.400,0.69
BNGB,03:22:13.640,03:22:13.900,0.52
BNGB,03:33:44.180,03:33:44.500,0.28
BNGB,05:33:48.000,05:33:47.000,0.27
BNGB,05:56:25.000,05:56:25.100,0.68
BNGB,07:50:57.730,07:50:57.600,0.62
BNGB,14:45:22.750,14:45:22.800,0.64
BNGB,17:17:58.750,17:17:58.900,0.26
BNGB,21:50:25.000,21:50:24.300,0.92
CANT,10:25:49.000,10:25:48.300,0.89
CANT,10:52:37.000,10:52:37.600,0.92
CANT,20:38:58.990,20:38:59.600,0.72
CANT,20:44:57.000,20:44:57.000,0.4
CAVI,04:25:01.000,04:25:00.900,0.89
CAVI,08:32:20.310,08:32:20.100,0.44
CAVI,18:26:47.000,18:26:46.300,0.37
CEYT,01:17:54.000,01:17:53.800,0.84
CEYT,01:28:35.340,01:28:34.600,0.68
CEYT,01:35:19.000,01:35:18.100,0.72
CEYT,01:36:43.000,01:36:42.700,0.91
CEYT,01:40:16.080,01:40:15.600,0.11
CEYT,01:51:35.350,01:51:35.300,0.34
CEYT,01:58:37.560,01:58:38.100,0.43
CEYT,02:02:05.340,02:02:04.800,0.62
CEYT,02:17:56.000,02:17:56.300,0.92
CEYT,02:23:34.000,02:23:33.700,0.89
CEYT,02:38:29.000,02:38:29.100,0.59
CEYT,02:44:00.000,02:43:59.700,0.93
CEYT,02:51:00.000,02:51:00.600,0.52
CEYT,02:55:28.900,02:55:29.700,0.36
CEYT,02:56:49.110,02:56:48.700,0.38
CEYT,07:00:21.000,07:00:21.400,0.85
CEYT,07:08:45.000,07:08:44.500,0.93
CEYT,07:10:23.000,07:10:23.400,0.78
CEYT,07:15:51.990,07:15:52.000,0.87
CEYT,07:24:44.000,07:24:43.900,0.79
CEYT,08:02:02.480,08:02:02.300,0.32
CEYT,08:08:58.820,08:08:59.200,0.27
CEYT,09:01:49.310,09:01:49.800,0.33
CEYT,09:03:45.010,09:03:44.200,0.57
CEYT,09:05:36.230,09:05:36.300,0.85
CEYT,09:10:38.010,09:10:37.200,0.54
CEYT,09:12:02.000,09:12:02.100,0.94
CEYT,14:02:34.000,14:02:34.500,0.28
CEYT,14:05:12.310,14:05:11.400,0.24
CEYT,14:10:41.000,14:10:41.000,0.8
CEYT,14:15:10.550,14:15:10.900,0.78
CEYT,14:25:13.000,14:25:13.600,0.89
CEYT,14:27:57.000,14:27:57.700,0.96
CEYT,14:30:19.000,14:30:20.000,0.65
CEYT,14:42:31.000,14:42:31.300,0.94
CEYT,14:48:49.000,14:48:48.900,0.83
CEYT,14:48:49.450,14:48:48.900,0.31
CEYT,16:13:17.000,16:13:16.800,0.88
CEYT,17:01:46.010,17:01:46.100,0.84
CEYT,18:05:24.000,18:05:24.300,0.67
CEYT,20:05:56.360,20:05:56.800,0.58
CEYT,20:05:56.360,20:05:57.100,0.58
CEYT,21:02:18.340,21:02:17.900,0.69
CEYT,21:03:34.320,21:03:34.900,0.21
CEYT,21:05:36.130,21:05:36.800,0.12
CEYT,21:06:55.000,21:06:54.400,0.79
CEYT,21:13:21.000,21:13:20.600,0.89
CEYT,21:15:44.870,21:15:45.500,0.54
CEYT,21:34:59.000,21:34:58.900,0.7
CEYT,22:12:17.000,22:12:16.100,0.32
CEYT,22:14:32.260,22:14:31.800,0.13
CEYT,22:26:49.000,22:26:48.500,0.69
CEYT,22:30:04.000,22:30:04.800,0.85
CEYT,22:41:33.280,22:41:34.100,0.24
CEYT,22:45:18.000,22:45:17.200,0.3
CEYT,22:51:40.000,22:51:39.800,0.77
CEYT,22:55:50.000,22:55:49.200,0.95
CEYT,23:14:00.000,23:13:59.300,0.79
CEYT,23:15:09.320,23:15:09.800,0.12
CEYT,23:21:37.760,23:21:38.400,0.27
CHBY,01:29:13.000,01:29:13.200,0.85
CHBY,10:25:44.370,10:25:43.800,0.42
CHBY,10:37:01.000,10:37:00.600,0.84
CHOM,00:16:44.290,00:16:43.500,0.11
CHOM,01:18:49.000,01:18:48.100,0.59
CHOM,03:19:17.820,03:19:18.100,0.25
CHOM,03:33:57.280,03:33:56.500,0.54
CHOM,07:51:27.990,07:51:27.200,0.73
CHOM,09:49:25.000,09:49:25.100,0.68
CHOM,10:36:57.870,10:36:58.700,0.19
CHOM,10:52:30.000,10:52:29.900,0.34
CHOM,19:41:15.000,19:41:15.300,0.83
CHOM,20:39:06.990,20:39:07.100,0.25
CHOM,20:45:10.290,20:45:10.600,0.36
CLDR,00:16:09.000,00:16:09.200,0.4
CLDR,15:26:08.000,15:26:07.700,0.68
CLDR,19:51:58.370,19:51:57.400,0.54
CORM,12:02:58.000,12:02:58.300,0.84
CORM,21:33:04.000,21:33:04.100,0.62
CORM,21:33:04.490,21:33:04.100,0.12
DALY,11:46:28.550,11:46:29.200,0.46
DALY,21:46:03.000,21:46:02.400,0.73
DARE,01:34:18.470,01:34:18.600,0.48
DARE,01:52:05.000,01:52:05.400,0.91
DARE,02:10:33.000,02:10:33.900,0.23
DARE,02:31:50.290,02:31:50.700,0.71
DARE,02:31:50.290,02:31:50.800,0.71
DARE,02:37:19.000,02:37:19.100,0.58
DARE,02:41:11.000,02:41:12.000,0.58
DARE,03:07:57.990,03:07:58.600,0.57
DARE,03:11:58.840,03:11:59.700,0.42
DARE,03:18:52.000,03:18:51.600,0.66
DARE,03:43:25.000,03:43:25.800,0.68
DARE,03:57:17.850,03:57:18.600,0.1
DARE,04:01:41.430,04:01:41.500,0.31
DARE,05:02:03.000,05:02:03.400,0.9
DARE,05:04:56.000,05:04:56.200,0.29
DARE,05:09:01.000,05:09:02.000,0.92
DARE,05:23:07.000,05:23:07.100,0.95
DARE,05:30:25.470,05:30:25.900,0.36
DARE,05:31:37.000,05:31:37.100,0.94
DARE,05:33:24.060,05:33:24.600,0.36
DARE,05:49:41.280,05:49:41.200,0.66
DARE,05:52:27.000,05:52:27.100,0.92
DARE,05:54:18.000,05:54:17.800,0.55
DARE,06:15:03.000,06:15:02.800,0.88
DARE,06:16:49.370,06:16:48.900,0.15
DARE,06:18:16.000,06:18:15.700,0.53
DARE,06:21:01.000,06:21:00.700,0.44
DARE,06:28:06.980,06:28:06.200,0.18
DARE,06:35:21.000,06:35:21.100,0.9
DARE,06:37:15.000,06:37:14.500,0.89
DARE,06:47:20.690,06:47:19.800,0.1
DARE,07:04:29.000,07:04:28.200,0.94
DARE,07:06:50.370,07:06:50.100,0.2
DARE,07:12:36.280,07:12:36.400,0.23
DARE,07:13:41.240,07:13:40.300,0.13
DARE,07:19:43.000,07:19:43.500,0.89
DARE,07:23:47.000,07:23:46.200,0.24
DARE,07:26:15.000,07:26:15.300,0.86
DARE,07:31:25.000,07:31:25.100,0.58
DARE,07:41:27.080,07:41:27.300,0.8
DARE,08:09:05.000,08:09:05.400,0.9
DARE,08:11:35.000,08:11:35.500,0.42
DARE,08:18:18.000,08:18:17.800,0.51
DARE,08:26:17.000,08:26:16.300,0.94
DARE,08:40:35.000,08:40:34.900,0.52
DARE,08:45:57.000,08:45:57.300,0.96
DARE,08:51:24.660,08:51:24.900,0.22
DARE,08:52:59.000,08:52:58.300,0.84
DARE,08:54:52.760,08:54:52.200,0.43
DARE,08:58:49.000,08:58:49.500,0.95
DARE,09:03:58.000,09:03:57.200,0.64
DARE,09:05:43.000,09:05:43.900,0.74
DARE,09:10:43.000,09:10:43.900,0.41
DARE,09:12:09.000,09:12:08.500,0.68
DARE,09:21:15.000,09:21:14.900,0.87
DARE,09:24:16.000,09:24:16.500,0.91
DARE,09:36:42.400,09:36:43.300,0.35
DARE,09:54:35.000,09:54:35.400,0.25
DARE,11:01:53.270,11:01:52.900,0.47
DARE,11:11:49.000,11:11:49.900,0.58
DARE,11:28:15.990,11:28:16.100,0.36
DARE,11:28:16.840,11:28:16.100,0.1
DARE,11:30:53.000,11:30:53.400,0.84
DARE,11:34:27.490,11:34:28.100,0.34
DARE,11:35:37.000,11:35:37.100,0.69
DARE,11:44:18.000,11:44:18.300,0.91
DARE,11:44:18.020,11:44:18.300,0.33
DARE,11:49:00.000,11:49:00.900,0.92
DARE,11:51:29.000,11:51:29.200,0.92
DARE,11:58:46.730,11:58:46.200,0.29
DARE,12:21:37.000,12:21:37.700,0.83
DARE,12:48:10.490,12:48:10.200,0.22
DARE,13:02:42.980,13:02:42.700,0.6
DARE,13:03:26.790,13:03:26.700,0.29
DARE,13:06:47.000,13:06:47.200,0.79
DARE,13:44:59.590,13:44:59.800,0.29
DARE,13:52:16.040,13:52:16.400,0.48
DARE,14:03:17.740,14:03:17.700,0.42
DARE,14:05:09.000,14:05:09.400,0.5
DARE,14:10:21.000,14:10:21.500,0.46
DARE,14:15:17.170,14:15:16.900,0.47
DARE,14:21:04.000,14:21:03.900,0.7
DARE,14:22:55.000,14:22:55.500,0.54
DARE,14:38:40.000,14:38:39.900,0.43
DARE,14:42:05.720,14:42:05.900,0.79
DARE,14:55:43.000,14:55:43.600,0.63
DARE,14:59:29.380,14:59:29.200,0.33
DARE,15:01:41.000,15:01:40.800,0.77
DARE,15:06:33.030,15:06:33.700,0.66
DARE,15:10:58.000,15:10:58.500,0.48
DARE,15:33:43.000,15:33:43.900,0.87
DARE,15:50:00.060,15:49:59.800,0.12
DARE,15:51:31.000,15:51:31.100,0.95
DARE,15:52:56.570,15:52:57.500,0.49
DARE,15:56:41.000,15:56:40.500,0.74
DARE,15:59:36.000,15:59:35.900,0.34
DARE,16:02:23.280,16:02:23.400,0.25
DARE,16:06:52.800,16:06:53.800,0.78
DARE,16:13:20.290,16:13:20.700,0.45
DARE,16:25:19.000,16:25:18.400,0.93
DARE,16:41:24.990,16:41:24.900,0.86
DARE,16:49:31.000,16:49:31.600,0.91
DARE,16:52:07.000,16:52:07.200,0.77
DARE,17:04:53.000,17:04:53.600,0.95
DARE,17:10:24.990,17:10:24.600,0.33
DARE,17:11:57.130,17:11:57.100,0.66
DARE,17:19:17.280,17:19:17.300,0.6
DARE,17:25:10.900,17:25:10.600,0.3
DARE,17:26:40.360,17:26:39.900,0.68
DARE,17:35:20.000,17:35:19.600,0.71
DARE,17:46:58.630,17:46:58.700,0.65
DARE,17:51:37.000,17:51:36.600,0.92
DARE,18:03:00.000,18:03:00.100,0.8
DARE,18:05:19.010,18:05:20.000,0.71
DARE,18:15:38.000,18:15:38.300,0.84
DARE,18:25:42.990,18:25:42.800,0.24
DARE,18:26:56.680,18:26:57.100,0.86
DARE,18:44:12.990,18:44:13.100,0.8
DARE,18:45:43.380,18:45:43.500,0.21
DARE,18:48:59.490,18:48:59.600,0.39
DARE,19:12:41.000,19:12:40.900,0.93
DARE,19:16:05.270,19:16:06.200,0.35
DARE,19:19:08.290,19:19:08.300,0.89
DARE,19:21:24.000,19:21:25.000,0.87
DARE,19:31:09.050,19:31:08.900,0.31
DARE,19:36:13.000,19:36:12.600,0.5
DARE,19:40:29.000,19:40:29.200,0.96
DARE,19:43:51.570,19:43:51.800,0.61
DARE,19:46:49.000,19:46:48.900,0.92
DARE,19:48:15.000,19:48:14.700,0.38
DARE,20:02:47.010,20:02:46.100,0.83
DARE,20:05:32.280,20:05:32.200,0.9
DARE,20:11:59.000,20:11:59.300,0.96
DARE,20:13:20.240,20:13:20.200,0.79
DARE,20:14:29.000,20:14:29.500,0.55
DARE,20:19:06.220,20:19:06.000,0.24
DARE,20:21:02.900,20:21:03.500,0.36
DARE,20:22:13.000,20:22:12.900,0.87
DARE,20:23:30.000,20:23:30.500,0.93
DARE,20:28:22.110,20:28:22.100,0.67
DARE,20:33:23.810,20:33:24.200,0.43
DARE,20:35:14.000,20:35:14.100,0.9
DARE,20:36:04.860,20:36:05.400,0.34
DARE,20:40:16.000,20:40:16.200,0.78
DARE,20:56:07.000,20:56:07.600,0.32
DARE,20:58:35.000,20:58:34.100,0.3
DARE,21:01:05.720,21:01:06.600,0.5
DARE,21:05:25.000,21:05:25.900,0.86
DARE,21:15:28.790,21:15:29.100,0.46
DARE,21:17:50.540,21:17:50.600,0.34
DARE,21:19:57.990,21:19:58.500,0.52
DARE,21:21:20.870,21:21:21.200,0.11
DARE,21:28:20.270,21:28:20.900,0.43
DARE,22:01:23.730,22:01:24.500,0.56
DARE,22:06:29.000,22:06:30.000,0.4
DARE,22:10:04.000,22:10:04.400,0.91
DARE,22:11:46.000,22:11:46.800,0.47
DARE,22:14:11.730,22:14:11.700,0.48
DARE,22:20:04.340,22:20:04.600,0.38
DARE,22:28:12.670,22:28:12.700,0.62
DARE,22:29:57.000,22:29:57.600,0.82
DARE,22:34:31.420,22:34:31.400,0.75
DARE,22:51:36.990,22:51:36.700,0.39
DARE,22:59:16.000,22:59:16.700,0.8
DARE,23:02:05.000,23:02:05.600,0.66
DARE,23:05:33.820,23:05:33.600,0.67
DARE,23:05:59.080,23:05:59.300,0.21
DARE,23:08:15.800,23:08:15.900,0.7
DARE,23:10:59.000,23:10:58.700,0.64
DARE,23:11:49.000,23:11:49.600,0.93
DARE,23:13:01.000,23:13:01.300,0.86
DARE,23:14:58.740,23:14:58.900,0.25
DARE,23:18:25.000,23:18:25.200,0.95
DARE,23:32:19.000,23:32:18.900,0.91
DARE,23:38:37.620,23:38:37.700,0.46
DARE,23:45:53.720,23:45:53.400,0.68
DARE,23:48:45.060,23:48:45.000,0.18
DARE,23:54:31.000,23:54:30.600,0.94
DARE,23:56:13.000,23:56:13.900,0.92
DIKM,10:25:50.230,10:25:50.200,0.43
DIKM,18:04:54.000,18:04:54.900,0.64
DIKM,20:39:04.000,20:39:03.900,0.9
DYBB,01:18:16.000,01:18:15.700,0.76
DYBB,02:04:09.010,02:04:09.300,0.37
DYBB,02:12:15.830,02:12:16.800,0.38
DYBB,02:33:51.000,02:33:50.900,0.95
DYBB,03:01:39.000,03:01:38.800,0.76
DYBB,03:05:07.000,03:05:07.300,0.62
DYBB,03:23:07.000,03:23:06.200,0.92
DYBB,05:00:51.000,05:00:50.900,0.94
DYBB,05:04:00.300,05:04:00.500,0.51
DYBB,11:01:25.000,11:01:24.200,0.48
DYBB,13:03:56.000,13:03:55.200,0.56
DYBB,15:08:44.330,15:08:44.100,0.31
DYBB,18:10:52.890,18:10:53.500,0.55
DYBB,18:18:13.000,18:18:13.600,0.93
DYBB,21:15:58.930,21:15:58.900,0.49
DYBB,22:03:18.990,22:03:19.900,0.46
DYBB,22:38:14.000,22:38:14.100,0.52
DYBB,22:40:39.000,22:40:38.900,0.86
DYBB,22:42:26.000,22:42:25.800,0.93
DYBB,22:56:14.000,22:56:13.500,0.41
DYBB,23:02:31.000,23:02:30.900,0.89
ENEZ,05:00:17.000,05:00:17.100,0.81
ERIK,04:24:51.820,04:24:52.000,0.86
ERIK,05:00:16.040,05:00:16.200,0.42
ERZN,01:18:25.000,01:18:24.800,0.83
ERZN,01:29:13.000,01:29:12.200,0.75
ERZN,02:04:15.000,02:04:15.600,0.55
ERZN,02:27:07.000,02:27:06.700,0.48
ERZN,02:57:08.270,02:57:08.200,0.66
ERZN,03:02:59.000,03:02:58.000,0.54
ERZN,03:05:16.010,03:05:15.700,0.79
ERZN,03:16:46.000,03:16:46.200,0.94
ERZN,04:19:16.000,04:19:16.200,0.77
ERZN,05:23:22.990,05:23:23.400,0.69
ERZN,05:31:56.000,05:31:55.900,0.8
ERZN,05:33:43.000,05:33:43.600,0.93
ERZN,05:41:13.000,05:41:12.600,0.47
ERZN,06:55:42.000,06:55:41.800,0.65
ERZN,07:41:51.000,07:41:51.500,0.63
ERZN,07:51:05.000,07:51:05.900,0.36
ERZN,09:48:56.990,09:48:57.600,0.78
ERZN,10:08:09.000,10:08:08.700,0.61
ERZN,10:12:49.000,10:12:48.500,0.8
ERZN,10:25:31.000,10:25:30.500,0.73
ERZN,10:55:35.240,10:55:35.300,0.11
ERZN,11:44:40.010,11:44:40.700,0.68
ERZN,12:14:27.000,12:14:27.800,0.65
ERZN,12:39:48.980,12:39:49.000,0.14
ERZN,14:23:14.000,14:23:14.000,0.85
ERZN,14:39:03.000,14:39:02.900,0.69
ERZN,14:42:32.990,14:42:32.400,0.6
ERZN,14:51:47.000,14:51:46.200,0.7
ERZN,15:08:48.110,15:08:47.700,0.44
ERZN,15:15:01.000,15:15:00.600,0.72
ERZN,15:51:55.000,15:51:55.600,0.85
ERZN,16:08:21.000,16:08:20.600,0.93
ERZN,16:35:43.010,16:35:42.600,0.84
ERZN,17:18:01.000,17:18:01.400,0.86
ERZN,17:19:44.510,17:19:44.200,0.66
ERZN,18:30:20.280,18:30:20.900,0.66
ERZN,19:15:42.280,19:15:42.900,0.45
ERZN,19:31:42.000,19:31:41.700,0.82
ERZN,19:38:13.000,19:38:12.700,0.66
ERZN,19:40:50.310,19:40:50.300,0.59
ERZN,20:12:27.030,20:12:27.300,0.38
ERZN,20:23:41.000,20:23:40.400,0.63
ERZN,20:40:39.920,20:40:40.600,0.12
ERZN,20:40:41.000,20:40:40.600,0.54
ERZN,21:50:10.000,21:50:09.900,0.94
ERZN,22:12:07.000,22:12:07.900,0.84
ERZN,22:26:59.000,22:26:59.400,0.72
ERZN,22:28:43.000,22:28:43.000,0.82
ERZN,23:32:39.030,23:32:38.100,0.12
ERZN,23:56:45.000,23:56:44.800,0.2
FETY,11:46:31.000,11:46:30.900,0.96
GADA,04:24:58.000,04:24:58.900,0.88
GADA,05:00:07.010,05:00:06.800,0.76
GAZK,04:24:45.030,04:24:44.800,0.66
GAZK,05:00:23.000,05:00:22.700,0.88
GELI,04:24:50.900,04:24:50.900,0.7
GELI,05:00:11.730,05:00:11.700,0.44
GULA,01:28:57.470,01:28:57.800,0.27
GULA,02:18:20.010,02:18:20.500,0.85
GULA,03:15:35.000,03:15:34.100,0.71
GULA,03:30:46.000,03:30:46.800,0.29
GULA,03:46:43.000,03:46:43.300,0.82
GULA,04:19:41.000,04:19:40.800,0.41
GULA,04:31:41.710,04:31:42.500,0.49
GULA,05:02:37.000,05:02:36.300,0.87
GULA,05:09:16.310,05:09:15.900,0.15
GULA,07:12:53.270,07:12:52.600,0.11
GULA,08:53:18.990,08:53:19.500,0.48
GULA,09:04:08.010,09:04:07.900,0.76
GULA,09:24:23.250,09:24:23.400,0.14
GULA,09:31:15.000,09:31:15.200,0.89
GULA,10:15:39.000,10:15:39.100,0.72
GULA,10:25:28.740,10:25:28.900,0.36
GULA,10:36:44.310,10:36:45.300,0.32
GULA,10:52:21.000,10:52:20.400,0.79
GULA,12:02:45.000,12:02:44.900,0.51
GULA,12:21:51.090,12:21:50.600,0.55
GULA,12:35:34.010,12:35:34.400,0.7
GULA,12:37:19.000,12:37:18.400,0.93
GULA,12:37:19.000,12:37:19.700,0.93
GULA,13:04:01.000,13:04:00.000,0.52
GULA,13:36:51.000,13:36:51.600,0.5
GULA,13:59:23.000,13:59:23.600,0.86
GULA,14:00:36.970,14:00:36.400,0.14
GULA,14:30:30.000,14:30:30.200,0.76
GULA,14:59:54.000,14:59:54.800,0.65
GULA,15:40:36.230,15:40:36.800,0.36
GULA,15:42:05.320,15:42:05.600,0.73
GULA,15:53:31.000,15:53:31.000,0.92
GULA,16:44:01.000,16:44:01.100,0.83
GULA,17:22:35.000,17:22:35.200,0.87
GULA,17:38:01.000,17:38:00.500,0.7
GULA,18:04:27.000,18:04:27.800,0.67
GULA,18:32:00.000,18:31:59.400,0.77
GULA,19:31:40.430,19:31:41.000,0.18
GULA,19:31:41.000,19:31:41.000,0.4
GULA,20:44:33.570,20:44:33.900,0.8
GULA,21:15:56.270,21:15:56.200,0.7
GULA,22:30:13.270,22:30:13.100,0.86
GULA,22:41:43.000,22:41:43.300,0.43
GULA,23:17:46.280,23:17:45.900,0.46
GULA,23:21:47.000,23:21:46.300,0.64
GULA,23:50:39.440,23:50:38.600,0.66
GULT,08:25:05.010,08:25:04.300,0.62
GULT,18:26:36.000,18:26:35.900,0.67
GULT,18:31:11.510,18:31:12.300,0.41
GURO,00:16:15.000,00:16:14.900,0.84
GURO,01:48:04.560,01:48:05.400,0.43
GURO,02:52:37.000,02:52:37.200,0.93
GURO,11:18:49.300,11:18:49.700,0.36
GURO,17:18:15.010,17:18:14.300,0.92
HDMB,01:18:32.280,01:18:31.800,0.7
HDMB,01:29:14.270,01:29:13.700,0.36
HDMB,10:37:06.990,10:37:07.800,0.21
HDMB,20:38:51.000,20:38:50.700,0.34
HDMB,23:50:44.280,23:50:44.500,0.53
KAMT,01:18:28.400,01:18:27.700,0.5
KAMT,04:19:49.000,04:19:48.900,0.6
KAMT,05:32:24.000,05:32:23.300,0.81
KAMT,06:55:50.280,06:55:51.200,0.45
KAMT,09:31:24.120,09:31:24.200,0.68
KAMT,09:32:42.000,09:32:42.400,0.63
KAMT,10:36:54.000,10:36:54.500,0.91
KAMT,10:52:29.000,10:52:28.900,0.42
KAMT,14:45:23.070,14:45:23.000,0.82
KAMT,20:44:44.280,20:44:44.800,0.89
KAMT,21:58:27.000,21:58:27.100,0.84
KARO,01:18:33.550,01:18:33.100,0.78
KARO,01:47:58.610,01:47:58.600,0.6
KARO,02:04:25.000,02:04:24.500,0.67
KARO,02:57:25.010,02:57:25.900,0.87
KARO,03:18:47.000,03:18:46.900,0.96
KARO,03:33:36.370,03:33:36.400,0.56
KARO,05:12:51.410,05:12:51.900,0.21
KARO,07:51:02.440,07:51:02.400,0.43
KARO,10:25:42.000,10:25:41.900,0.74
KARO,11:18:43.000,11:18:43.400,0.95
KARO,18:30:31.000,18:30:31.300,0.46
KARO,19:41:01.000,19:41:00.700,0.76
KARO,19:51:24.620,19:51:24.600,0.47
KARS,10:26:10.000,10:26:10.100,0.69
KARS,22:37:30.440,22:37:30.400,0.61
KAVV,03:30:37.830,03:30:37.700,0.74
KLYT,03:30:41.000,03:30:40.900,0.42
KMRS,01:28:21.000,01:28:20.400,0.48
KMRS,02:01:50.250,02:01:49.900,0.13
KMRS,02:31:29.710,02:31:29.200,0.76
KMRS,02:36:58.070,02:36:58.100,0.63
KMRS,02:38:10.990,02:38:10.700,0.65
KMRS,02:50:48.750,02:50:48.300,0.26
KMRS,02:55:12.750,02:55:12.700,0.78
KMRS,03:08:01.000,03:08:01.600,0.72
KMRS,03:12:18.230,03:12:18.400,0.44
KMRS,03:30:08.000,03:30:07.700,0.71
KMRS,03:32:54.800,03:32:54.800,0.8
KMRS,03:38:23.000,03:38:22.900,0.84
KMRS,03:43:32.290,03:43:32.900,0.54
KMRS,04:15:55.000,04:15:55.200,0.7
KMRS,04:33:48.750,04:33:48.400,0.81
KMRS,05:08:40.000,05:08:39.800,0.88
KMRS,05:21:49.380,05:21:49.400,0.7
KMRS,05:25:23.170,05:25:23.100,0.71
KMRS,05:25:43.090,05:25:43.000,0.57
KMRS,05:28:20.280,05:28:21.000,0.47
KMRS,05:30:05.060,05:30:05.000,0.78
KMRS,05:40:58.000,05:40:57.800,0.87
KMRS,05:42:05.000,05:42:04.900,0.82
KMRS,05:48:07.580,05:48:07.300,0.64
KMRS,06:07:14.010,06:07:14.100,0.88
KMRS,06:07:49.000,06:07:48.900,0.51
KMRS,06:09:10.000,06:09:09.700,0.9
KMRS,06:13:11.880,06:13:12.200,0.8
KMRS,06:20:42.000,06:20:41.500,0.83
KMRS,06:26:34.270,06:26:34.100,0.33
KMRS,06:29:48.340,06:29:48.200,0.72
KMRS,06:33:25.000,06:33:24.900,0.93
KMRS,06:35:00.020,06:35:00.300,0.4
KMRS,06:38:26.380,06:38:25.900,0.25
KMRS,06:42:09.000,06:42:09.200,0.9
KMRS,06:46:59.000,06:46:59.100,0.92
KMRS,06:55:06.990,06:55:06.400,0.29
KMRS,06:59:09.630,06:59:09.700,0.42
KMRS,07:01:38.560,07:01:38.400,0.46
KMRS,07:11:30.470,07:11:30.100,0.43
KMRS,07:17:00.110,07:16:59.900,0.86
KMRS,09:01:53.630,09:01:53.700,0.69
KMRS,09:11:47.320,09:11:47.500,0.41
KMRS,09:12:33.300,09:12:33.200,0.74
KMRS,10:15:01.000,10:15:01.400,0.71
KMRS,10:16:22.000,10:16:22.100,0.95
KMRS,10:25:00.000,10:25:00.200,0.28
KMRS,10:30:39.660,10:30:40.300,0.6
KMRS,10:32:19.350,10:32:19.900,0.29
KMRS,10:36:17.720,10:36:17.100,0.45
KMRS,10:39:13.520,10:39:13.300,0.27
KMRS,10:59:30.140,10:59:30.400,0.11
KMRS,12:02:24.280,12:02:23.700,0.1
KMRS,12:16:34.170,12:16:33.900,0.41
KMRS,12:29:05.000,12:29:04.700,0.68
KMRS,12:52:50.280,12:52:50.300,0.91
KMRS,13:22:12.090,13:22:12.100,0.2
KMRS,15:40:10.000,15:40:09.800,0.93
KMRS,15:41:44.450,15:41:44.600,0.64
KMRS,15:51:39.000,15:51:39.200,0.91
KMRS,15:54:09.430,15:54:09.500,0.75
KMRS,15:56:33.300,15:56:33.300,0.83
KMRS,15:59:39.000,15:59:39.600,0.95
KMRS,16:43:40.300,16:43:40.100,0.78
KMRS,17:06:04.380,17:06:03.700,0.26
KMRS,17:24:49.000,17:24:48.700,0.94
KMRS,17:28:54.370,17:28:53.900,0.57
KMRS,17:35:31.000,17:35:31.900,0.8
KMRS,17:39:35.000,17:39:35.400,0.72
KMRS,17:40:51.000,17:40:50.800,0.58
KMRS,19:40:37.000,19:40:37.500,0.9
KMRS,20:13:31.000,20:13:30.900,0.81
KMRS,20:37:57.040,20:37:56.700,0.25
KMRS,20:41:39.010,20:41:39.100,0.89
KMRS,20:44:11.000,20:44:10.900,0.94
KMRS,21:03:17.410,21:03:17.100,0.54
KMRS,21:13:02.210,21:13:02.500,0.37
KMRS,21:13:49.480,21:13:49.500,0.73
KMRS,21:20:10.330,21:20:10.800,0.2
KMRS,22:01:23.000,22:01:23.900,0.66
KMRS,22:14:14.010,22:14:14.800,0.89
KMRS,22:26:30.990,22:26:30.900,0.77
KMRS,22:37:55.000,22:37:54.400,0.71
KMRS,22:41:23.000,22:41:22.600,0.81
KMRS,22:45:07.000,22:45:06.600,0.79
KMRS,22:51:30.000,22:51:29.700,0.59
KMRS,22:55:36.500,22:55:36.200,0.48
KMRS,22:57:57.060,22:57:56.700,0.36
KMRS,23:02:14.110,23:02:14.700,0.46
KMRS,23:05:39.380,23:05:39.200,0.77
KMRS,23:08:23.000,23:08:23.100,0.8
KMRS,23:11:50.760,23:11:51.300,0.63
KMRS,23:13:00.180,23:13:00.000,0.45
KMRS,23:13:41.680,23:13:41.800,0.47
KMRS,23:14:50.050,23:14:50.500,0.66
KMRS,23:17:24.250,23:17:24.300,0.55
KMRS,23:20:24.000,23:20:23.300,0.77
KMRS,23:27:27.000,23:27:27.800,0.9
KMRS,23:31:37.530,23:31:37.300,0.54
KMRS,23:41:35.010,23:41:35.400,0.53
KMRS,23:54:28.270,23:54:27.900,0.67
KONT,10:25:50.280,10:25:50.100,0.77
KONT,10:52:40.990,10:52:41.900,0.32
KONT,18:04:49.000,18:04:48.800,0.81
KOZT,01:17:52.830,01:17:52.900,0.62
KOZT,01:28:33.000,01:28:32.800,0.67
KOZT,01:36:43.000,01:36:43.800,0.81
KOZT,01:52:06.000,01:52:06.500,0.67
KOZT,02:02:03.640,02:02:03.300,0.66
KOZT,02:04:07.000,02:04:07.000,0.95
KOZT,02:17:56.160,02:17:55.400,0.35
KOZT,02:21:39.440,02:21:38.600,0.54
KOZT,02:23:33.300,02:23:33.000,0.42
KOZT,02:27:09.000,02:27:08.100,0.81
KOZT,02:31:41.000,02:31:40.800,0.88
KOZT,02:31:41.000,02:31:40.900,0.88
KOZT,02:37:12.310,02:37:12.400,0.17
KOZT,02:48:49.000,02:48:48.400,0.16
KOZT,02:50:59.000,02:50:59.800,0.54
KOZT,02:54:17.820,02:54:18.500,0.29
KOZT,02:55:26.750,02:55:27.600,0.34
KOZT,03:10:50.000,03:10:50.700,0.37
KOZT,03:12:00.470,03:12:01.300,0.28
KOZT,03:12:35.000,03:12:35.200,0.92
KOZT,03:16:53.000,03:16:52.400,0.22
KOZT,03:38:32.270,03:38:32.200,0.7
KOZT,03:46:27.000,03:46:27.900,0.36
KOZT,03:49:01.000,03:49:01.600,0.54
KOZT,03:56:05.000,03:56:05.000,0.52
KOZT,03:57:07.260,03:57:08.100,0.36
KOZT,04:01:31.000,04:01:32.000,0.76
KOZT,04:03:49.000,04:03:49.500,0.94
KOZT,04:13:28.000,04:13:28.300,0.93
KOZT,04:17:11.000,04:17:10.500,0.82
KOZT,04:19:23.270,04:19:24.200,0.35
KOZT,04:25:07.000,04:25:07.400,0.9
KOZT,04:26:08.000,04:26:08.300,0.83
KOZT,04:34:03.990,04:34:04.700,0.6
KOZT,04:43:14.000,04:43:14.800,0.24
KOZT,04:45:08.540,04:45:08.400,0.16
KOZT,04:48:15.000,04:48:15.100,0.92
KOZT,04:50:38.000,04:50:37.900,0.81
KOZT,04:56:26.370,04:56:25.400,0.22
KOZT,05:08:52.800,05:08:52.800,0.69
KOZT,05:22:05.000,05:22:05.600,0.91
KOZT,05:25:37.000,05:25:37.400,0.8
KOZT,05:30:19.000,05:30:20.000,0.62
KOZT,05:31:58.310,05:31:58.700,0.38
KOZT,05:36:55.370,05:36:55.400,0.78
KOZT,05:48:14.280,05:48:13.900,0.41
KOZT,06:09:22.010,06:09:22.400,0.7
KOZT,06:22:06.000,06:22:05.400,0.23
KOZT,06:32:13.000,06:32:13.200,0.89
KOZT,06:38:27.000,06:38:27.000,0.71
KOZT,06:52:07.610,06:52:07.400,0.17
KOZT,06:55:21.000,06:55:21.500,0.92
KOZT,06:59:26.000,06:59:26.200,0.75
KOZT,08:06:51.000,08:06:51.700,0.5
KOZT,08:08:57.000,08:08:57.500,0.84
KOZT,08:17:01.000,08:17:01.700,0.83
KOZT,08:22:01.000,08:22:01.100,0.88
KOZT,08:23:15.550,08:23:15.600,0.26
KOZT,08:26:07.740,08:26:07.900,0.63
KOZT,08:29:35.000,08:29:34.400,0.4
KOZT,08:42:17.000,08:42:17.700,0.83
KOZT,08:45:19.000,08:45:19.500,0.6
KOZT,08:47:17.270,08:47:17.700,0.35
KOZT,08:48:29.950,08:48:30.000,0.82
KOZT,08:51:22.000,08:51:22.200,0.69
KOZT,08:52:56.750,08:52:56.800,0.21
KOZT,09:05:34.010,09:05:34.800,0.68
KOZT,09:06:11.240,09:06:10.600,0.12
KOZT,09:10:36.000,09:10:35.800,0.78
KOZT,09:12:00.000,09:11:59.400,0.52
KOZT,09:23:59.000,09:23:59.300,0.71
KOZT,09:34:37.000,09:34:37.700,0.95
KOZT,09:36:32.310,09:36:32.000,0.42
KOZT,09:58:43.000,09:58:43.400,0.66
KOZT,10:09:31.000,10:09:31.900,0.89
KOZT,10:15:18.000,10:15:17.600,0.35
KOZT,10:16:38.000,10:16:38.100,0.53
KOZT,10:39:25.000,10:39:25.100,0.68
KOZT,10:52:04.830,10:52:04.400,0.21
KOZT,11:00:23.000,11:00:22.600,0.74
KOZT,11:04:55.000,11:04:54.900,0.9
KOZT,11:16:43.000,11:16:43.900,0.48
KOZT,11:16:55.000,11:16:56.000,0.81
KOZT,11:31:18.000,11:31:18.000,0.65
KOZT,11:50:20.270,11:50:19.700,0.52
KOZT,11:56:13.010,11:56:13.800,0.84
KOZT,12:21:33.280,12:21:34.200,0.36
KOZT,12:28:05.820,12:28:06.200,0.3
KOZT,12:45:35.830,12:45:36.400,0.23
KOZT,12:53:07.000,12:53:06.900,0.84
KOZT,13:00:35.000,13:00:34.900,0.63
KOZT,13:03:43.000,13:03:43.500,0.48
KOZT,13:12:12.990,13:12:13.000,0.35
KOZT,13:17:58.830,13:17:59.700,0.2
KOZT,13:33:43.000,13:33:43.100,0.84
KOZT,13:45:17.000,13:45:16.400,0.88
KOZT,14:02:28.850,14:02:28.900,0.22
KOZT,14:05:03.000,14:05:03.300,0.84
KOZT,14:10:37.000,14:10:36.800,0.91
KOZT,14:15:07.000,14:15:07.600,0.64
KOZT,14:28:01.000,14:28:01.100,0.81
KOZT,14:54:04.000,14:54:03.900,0.88
KOZT,15:08:34.840,15:08:35.100,0.82
KOZT,15:10:58.010,15:10:58.600,0.93
KOZT,15:41:49.000,15:41:48.700,0.82
KOZT,15:44:23.010,15:44:23.400,0.85
KOZT,15:48:18.280,15:48:18.300,0.29
KOZT,15:59:05.000,15:59:04.900,0.61
KOZT,16:07:04.300,16:07:05.000,0.19
KOZT,16:13:14.010,16:13:14.400,0.82
KOZT,16:22:01.000,16:22:02.000,0.94
KOZT,16:25:15.000,16:25:14.500,0.92
KOZT,16:28:25.000,16:28:25.400,0.83
KOZT,16:41:39.000,16:41:39.200,0.77
KOZT,16:43:42.000,16:43:42.300,0.55
KOZT,16:46:53.000,16:46:52.700,0.72
KOZT,16:59:41.000,16:59:41.500,0.9
KOZT,17:15:59.000,17:15:59.800,0.73
KOZT,17:19:39.000,17:19:38.900,0.24
KOZT,17:25:01.000,17:25:01.200,0.9
KOZT,17:26:43.000,17:26:42.800,0.7
KOZT,17:31:49.000,17:31:49.300,0.89
KOZT,17:33:24.000,17:33:23.600,0.67
KOZT,17:37:41.000,17:37:41.900,0.94
KOZT,17:41:03.050,17:41:03.900,0.12
KOZT,17:41:04.000,17:41:03.900,0.72
KOZT,17:44:49.000,17:44:50.000,0.88
KOZT,17:54:52.310,17:54:51.500,0.16
KOZT,18:05:16.010,18:05:16.700,0.9
KOZT,18:07:25.000,18:07:25.700,0.66
KOZT,18:24:07.000,18:24:06.300,0.7
KOZT,18:31:39.320,18:31:39.600,0.33
KOZT,18:49:23.000,18:49:22.800,0.87
KOZT,19:10:45.540,19:10:45.600,0.55
KOZT,19:16:01.000,19:16:02.000,0.5
KOZT,19:48:12.220,19:48:12.900,0.41
KOZT,19:49:56.000,19:49:56.500,0.74
KOZT,20:02:40.010,20:02:39.600,0.76
KOZT,20:12:17.000,20:12:17.200,0.92
KOZT,20:14:25.000,20:14:25.500,0.93
KOZT,20:22:08.820,20:22:09.100,0.44
KOZT,20:33:40.020,20:33:40.000,0.61
KOZT,20:38:11.000,20:38:10.900,0.92
KOZT,20:41:55.000,20:41:55.300,0.62
KOZT,20:44:15.000,20:44:14.800,0.86
KOZT,20:53:59.000,20:53:59.100,0.88
KOZT,20:56:02.740,20:56:02.400,0.38
KOZT,20:58:25.000,20:58:25.800,0.86
KOZT,21:05:28.330,21:05:29.200,0.56
KOZT,21:06:51.880,21:06:51.900,0.18
KOZT,21:13:19.000,21:13:18.300,0.6
KOZT,21:20:21.000,21:20:21.600,0.9
KOZT,21:28:35.720,21:28:36.200,0.56
KOZT,21:39:01.000,21:39:00.900,0.93
KOZT,21:41:40.730,21:41:41.400,0.5
KOZT,22:01:33.000,22:01:32.900,0.76
KOZT,22:05:03.580,22:05:03.700,0.2
KOZT,22:10:13.000,22:10:12.900,0.93
KOZT,22:20:22.000,22:20:21.200,0.62
KOZT,22:21:05.000,22:21:05.900,0.81
KOZT,22:24:01.000,22:24:01.200,0.86
KOZT,22:26:44.000,22:26:44.200,0.93
KOZT,22:38:07.000,22:38:07.400,0.77
KOZT,22:42:15.000,22:42:15.400,0.93
KOZT,22:45:10.000,22:45:09.800,0.85
KOZT,22:55:41.670,22:55:41.400,0.35
KOZT,22:58:10.230,22:58:10.000,0.32
KOZT,23:02:26.280,23:02:26.800,0.86
KOZT,23:05:51.010,23:05:51.800,0.38
KOZT,23:08:34.060,23:08:33.900,0.29
KOZT,23:13:55.000,23:13:54.600,0.88
KOZT,23:15:06.470,23:15:06.600,0.39
KOZT,23:27:41.000,23:27:41.400,0.87
KOZT,23:29:51.000,23:29:51.100,0.84
KOZT,23:31:48.990,23:31:49.300,0.24
KOZT,23:32:41.000,23:32:40.500,0.61
KOZT,23:38:59.000,23:38:59.600,0.91
KOZT,23:50:19.000,23:50:19.900,0.9
KOZT,23:56:29.000,23:56:29.500,0.94
KRBG,04:24:40.000,04:24:40.100,0.9
KTUT,02:04:31.000,02:04:31.600,0.81
KTUT,02:57:28.000,02:57:28.300,0.61
KTUT,03:05:34.000,03:05:33.800,0.34
KTUT,03:19:20.290,03:19:20.100,0.26
KTUT,05:02:45.000,05:02:44.600,0.72
KTUT,05:32:13.990,05:32:13.900,0.18
KTUT,10:25:46.990,10:25:46.400,0.56
KTUT,19:41:09.000,19:41:09.000,0.7
KTUT,20:38:59.170,20:38:59.600,0.38
KTUT,20:45:05.000,20:45:04.900,0.48
KTUT,21:58:46.040,21:58:46.400,0.65
KULA,04:25:04.020,04:25:04.900,0.84
KULA,04:54:41.000,04:54:40.900,0.95
KULA,17:58:04.320,17:58:04.400,0.84
KULU,01:29:14.000,01:29:14.600,0.39
KULU,10:25:44.990,10:25:44.900,0.8
KULU,10:37:00.000,10:36:59.600,0.48
KULU,11:59:36.990,11:59:37.900,0.42
KURC,10:37:21.000,10:37:21.200,0.44
LADK,01:18:33.560,01:18:34.400,0.68
LADK,20:44:55.000,20:44:55.000,0.88
LMOS,01:18:30.990,01:18:30.900,0.56
LMOS,01:29:13.000,01:29:12.600,0.9
LMOS,06:56:00.120,06:56:00.100,0.89
LMOS,10:25:51.040,10:25:50.100,0.23
LMOS,10:52:43.000,10:52:42.500,0.88
LMOS,23:50:42.000,23:50:41.000,0.72
MAZI,01:18:18.000,01:18:17.100,0.62
MAZI,02:04:13.000,02:04:13.600,0.28
MAZI,03:02:56.000,03:02:56.200,0.8
MAZI,11:01:30.000,11:01:29.200,0.38
MAZI,13:03:59.000,13:03:59.600,0.2
MAZI,22:40:40.000,22:40:40.300,0.93
MDNY,03:30:38.310,03:30:38.400,0.71
MDNY,04:24:49.400,04:24:50.300,0.5
MDUB,08:25:00.280,08:24:59.900,0.79
MDUB,08:32:09.640,08:32:09.500,0.77
MDUB,09:53:13.720,09:53:13.900,0.84
MDUB,10:37:25.000,10:37:25.000,0.7
MDUB,18:26:29.000,18:26:28.600,0.81
MERS,01:18:08.270,01:18:09.200,0.46
MERS,01:28:51.000,01:28:50.900,0.74
MERS,03:03:44.020,03:03:44.400,0.29
MERS,04:13:35.000,04:13:34.800,0.17
MERS,08:05:04.300,08:05:03.900,0.57
MERS,08:09:13.430,08:09:14.300,0.39
MERS,09:04:00.730,09:04:00.300,0.41
MERS,09:05:52.000,09:05:52.000,0.83
MERS,12:02:48.000,12:02:47.800,0.66
MERS,14:15:27.000,14:15:26.400,0.64
MERS,15:01:59.720,15:01:59.600,0.51
MERS,15:04:16.000,15:04:15.500,0.88
MERS,15:08:51.960,15:08:52.100,0.53
MERS,17:07:19.010,17:07:19.300,0.26
MERS,17:16:52.000,17:16:51.700,0.92
MERS,17:32:05.280,17:32:05.600,0.44
MERS,18:05:37.000,18:05:36.100,0.5
MERS,20:03:01.310,20:03:00.700,0.31
MERS,21:02:33.000,21:02:33.600,0.89
MERS,21:05:49.000,21:05:48.100,0.82
MERS,21:14:22.000,21:14:22.400,0.48
MERS,21:15:57.390,21:15:57.600,0.49
MERS,21:27:30.000,21:27:30.900,0.68
MERS,21:35:05.000,21:35:05.800,0.45
MERS,21:51:50.000,21:51:50.900,0.25
MERS,22:30:16.000,22:30:15.900,0.77
MERS,23:14:12.110,23:14:12.200,0.27
MERS,23:17:47.000,23:17:47.400,0.8
MLAZ,01:48:14.000,01:48:13.700,0.76
MLAZ,03:19:07.000,03:19:07.600,0.81
MLAZ,03:33:51.010,03:33:51.500,0.42
MLAZ,05:12:45.000,05:12:44.900,0.94
MLAZ,10:25:57.000,10:25:57.700,0.63
MLAZ,19:51:40.000,19:51:40.500,0.79
MLSB,11:46:39.000,11:46:38.000,0.32
MLSB,21:46:13.000,21:46:12.400,0.52
MRMT,04:24:40.870,04:24:41.100,0.77
POLA,10:25:56.000,10:25:56.400,0.84
POLA,10:37:12.000,10:37:11.600,0.24
POLA,20:45:02.000,20:45:02.700,0.92
RSDY,01:18:25.000,01:18:25.300,0.78
RSDY,01:50:50.680,01:50:49.900,0.84
RSDY,02:04:19.000,02:04:19.500,0.75
RSDY,02:12:29.600,02:12:29.600,0.45
RSDY,03:01:55.000,03:01:54.400,0.6
RSDY,03:30:57.000,03:30:57.100,0.38
RSDY,04:19:28.010,04:19:27.100,0.62
RSDY,05:02:32.280,05:02:31.600,0.57
RSDY,05:09:26.270,05:09:27.000,0.3
RSDY,05:23:32.000,05:23:31.500,0.56
RSDY,05:27:09.390,05:27:08.500,0.32
RSDY,05:32:03.000,05:32:03.800,0.65
RSDY,05:32:03.900,05:32:03.800,0.14
RSDY,06:55:42.000,06:55:42.400,0.92
RSDY,07:07:15.910,07:07:15.000,0.16
RSDY,07:07:16.000,07:07:15.000,0.63
RSDY,07:20:12.000,07:20:11.900,0.68
RSDY,07:41:56.170,07:41:56.300,0.27
RSDY,10:25:28.240,10:25:28.900,0.15
RSDY,15:40:45.000,15:40:45.600,0.36
RSDY,15:42:13.020,15:42:12.600,0.22
RSDY,17:41:15.000,17:41:14.800,0.53
RSDY,18:04:37.000,18:04:36.800,0.64
RSDY,20:40:44.280,20:40:45.200,0.82
RSDY,20:44:43.000,20:44:43.300,0.91
RSDY,22:26:59.000,22:26:59.600,0.84
RSDY,23:56:44.280,23:56:44.600,0.47
SARI,01:17:57.750,01:17:58.500,0.65
SARI,01:28:38.000,01:28:38.400,0.25
SARI,01:34:32.280,01:34:31.900,0.77
SARI,01:41:20.370,01:41:20.500,0.22
SARI,01:50:42.000,01:50:41.500,0.36
SARI,01:52:06.000,01:52:06.500,0.93
SARI,01:58:50.280,01:58:50.300,0.83
SARI,02:04:01.000,02:04:00.900,0.32
SARI,02:04:01.000,02:04:00.900,0.62
SARI,02:06:49.000,02:06:48.900,0.55
SARI,02:12:15.720,02:12:15.900,0.13
SARI,02:23:39.000,02:23:39.400,0.84
SARI,02:31:48.000,02:31:47.600,0.64
SARI,02:34:39.290,02:34:39.300,0.35
SARI,02:39:13.010,02:39:13.400,0.51
SARI,02:44:17.000,02:44:17.900,0.9
SARI,02:51:07.000,02:51:06.400,0.5
SARI,02:55:31.000,02:55:31.300,0.54
SARI,03:02:43.000,03:02:42.800,0.42
SARI,03:12:01.260,03:12:01.300,0.6
SARI,03:12:35.000,03:12:35.600,0.94
SARI,03:18:50.270,03:18:50.400,0.47
SARI,03:33:13.000,03:33:13.300,0.88
SARI,03:46:19.000,03:46:19.100,0.82
SARI,03:49:05.000,03:49:05.600,0.9
SARI,03:49:49.000,03:49:50.000,0.94
SARI,03:57:14.310,03:57:14.800,0.23
SARI,04:01:36.940,04:01:37.800,0.23
SARI,04:14:00.000,04:13:59.800,0.74
SARI,04:19:17.000,04:19:16.600,0.75
SARI,04:25:07.000,04:25:06.600,0.73
SARI,04:31:25.000,04:31:25.300,0.8
SARI,04:34:07.000,04:34:06.800,0.67
SARI,04:40:08.000,04:40:07.500,0.62
SARI,04:48:27.440,04:48:28.200,0.32
SARI,04:55:03.000,04:55:02.700,0.88
SARI,04:56:27.000,04:56:26.600,0.76
SARI,04:58:29.000,04:58:29.900,0.75
SARI,05:04:55.000,05:04:54.500,0.74
SARI,05:08:58.000,05:08:58.300,0.74
SARI,05:13:12.990,05:13:12.400,0.42
SARI,05:17:19.000,05:17:18.200,0.71
SARI,05:20:16.000,05:20:16.400,0.13
SARI,05:22:06.000,05:22:05.700,0.61
SARI,05:25:40.000,05:25:40.200,0.76
SARI,05:30:23.000,05:30:23.700,0.81
SARI,05:33:33.990,05:33:33.700,0.59
SARI,05:47:31.000,05:47:30.300,0.91
SARI,05:49:54.000,05:49:53.800,0.59
SARI,06:13:27.990,06:13:28.400,0.38
SARI,06:26:52.010,06:26:51.900,0.92
SARI,06:29:43.000,06:29:43.800,0.78
SARI,06:37:11.000,06:37:11.700,0.88
SARI,06:41:47.000,06:41:46.300,0.81
SARI,06:44:09.000,06:44:08.900,0.8
SARI,06:48:52.330,06:48:52.400,0.7
SARI,06:52:08.290,06:52:08.800,0.45
SARI,06:55:17.000,06:55:17.500,0.81
SARI,07:01:57.000,07:01:56.500,0.87
SARI,07:10:42.120,07:10:41.900,0.43
SARI,07:12:35.340,07:12:35.200,0.22
SARI,07:19:55.010,07:19:55.100,0.77
SARI,07:26:13.000,07:26:13.900,0.46
SARI,07:35:59.000,07:35:59.800,0.94
SARI,07:39:07.000,07:39:06.700,0.55
SARI,07:40:09.000,07:40:08.500,0.89
SARI,08:02:20.730,08:02:20.200,0.17
SARI,08:09:04.010,08:09:03.500,0.47
SARI,08:11:33.000,08:11:33.300,0.81
SARI,08:13:13.000,08:13:13.500,0.91
SARI,08:17:09.000,08:17:09.600,0.5
SARI,08:18:13.000,08:18:12.800,0.82
SARI,08:26:14.000,08:26:13.700,0.87
SARI,08:38:55.000,08:38:54.400,0.62
SARI,08:42:25.000,08:42:25.600,0.96
SARI,08:51:24.000,08:51:23.700,0.46
SARI,08:55:05.010,08:55:04.100,0.86
SARI,09:03:53.000,09:03:53.700,0.86
SARI,09:10:41.000,09:10:41.200,0.7
SARI,09:12:05.000,09:12:05.800,0.92
SARI,09:12:50.690,09:12:50.000,0.25
SARI,09:21:29.000,09:21:29.000,0.69
SARI,09:24:12.080,09:24:11.900,0.14
SARI,09:36:38.990,09:36:38.900,0.77
SARI,10:09:36.000,10:09:36.500,0.92
SARI,10:12:44.560,10:12:44.600,0.13
SARI,10:15:17.000,10:15:17.500,0.54
SARI,10:22:01.000,10:22:00.800,0.88
SARI,10:30:36.000,10:30:36.200,0.37
SARI,10:59:30.520,10:59:31.300,0.57
SARI,11:00:15.650,11:00:15.600,0.51
SARI,11:01:55.000,11:01:55.600,0.67
SARI,11:05:43.000,11:05:43.100,0.95
SARI,11:39:49.000,11:39:48.700,0.94
SARI,11:44:34.000,11:44:34.600,0.76
SARI,12:07:40.000,12:07:40.900,0.92
SARI,12:21:25.000,12:21:25.100,0.77
SARI,12:28:12.460,12:28:12.000,0.29
SARI,12:31:55.800,12:31:56.500,0.17
SARI,12:45:27.000,12:45:27.000,0.95
SARI,12:48:10.000,12:48:09.600,0.89
SARI,13:02:46.320,13:02:46.200,0.51
SARI,13:03:34.000,13:03:33.500,0.79
SARI,13:17:50.130,13:17:49.800,0.52
SARI,13:21:25.000,13:21:24.900,0.43
SARI,13:58:57.000,13:58:57.100,0.81
SARI,14:03:29.000,14:03:28.900,0.39
SARI,14:28:13.220,14:28:13.100,0.53
SARI,14:48:29.790,14:48:29.800,0.6
SARI,14:59:26.750,14:59:26.700,0.4
SARI,15:01:32.170,15:01:32.500,0.64
SARI,15:06:43.000,15:06:42.200,0.71
SARI,15:10:48.560,15:10:48.600,0.76
SARI,15:41:38.850,15:41:38.900,0.59
SARI,15:49:56.280,15:49:55.600,0.76
SARI,15:53:07.000,15:53:06.300,0.68
SARI,15:56:31.000,15:56:31.300,0.83
SARI,15:58:54.000,15:58:54.200,0.85
SARI,16:10:51.670,16:10:52.100,0.22
SARI,16:13:19.000,16:13:18.700,0.88
SARI,16:15:29.270,16:15:28.500,0.36
SARI,16:22:52.330,16:22:52.400,0.77
SARI,16:25:07.000,16:25:06.800,0.84
SARI,16:41:27.930,16:41:28.700,0.61
SARI,16:46:45.550,16:46:45.400,0.87
SARI,16:55:51.000,16:55:51.200,0.18
SARI,16:59:33.000,16:59:33.800,0.72
SARI,17:10:35.000,17:10:35.300,0.53
SARI,17:16:24.080,17:16:24.100,0.53
SARI,17:25:07.000,17:25:07.400,0.84
SARI,17:26:31.770,17:26:31.800,0.48
SARI,17:32:00.000,17:31:59.100,0.75
SARI,17:33:25.000,17:33:24.100,0.54
SARI,17:37:34.380,17:37:34.000,0.18
SARI,17:40:55.000,17:40:54.500,0.76
SARI,17:49:23.000,17:49:24.000,0.17
SARI,17:54:55.000,17:54:54.500,0.78
SARI,18:02:51.170,18:02:51.200,0.77
SARI,18:04:01.000,18:04:01.200,0.92
SARI,18:05:09.090,18:05:08.700,0.44
SARI,18:07:19.000,18:07:19.200,0.91
SARI,18:12:59.000,18:12:59.700,0.9
SARI,18:13:57.000,18:13:57.300,0.89
SARI,18:34:16.310,18:34:15.600,0.33
SARI,18:40:14.410,18:40:14.500,0.54
SARI,18:45:39.010,18:45:39.300,0.49
SARI,18:49:13.000,18:49:13.800,0.58
SARI,19:10:38.180,19:10:38.100,0.6
SARI,19:12:48.000,19:12:48.500,0.94
SARI,19:15:54.790,19:15:54.600,0.61
SARI,19:31:12.970,19:31:13.300,0.36
SARI,19:48:06.870,19:48:06.800,0.59
SARI,19:58:10.010,19:58:10.900,0.6
SARI,20:14:19.000,20:14:18.800,0.56
SARI,20:22:02.370,20:22:02.200,0.21
SARI,20:23:45.000,20:23:45.800,0.73
SARI,20:33:32.000,20:33:32.200,0.31
SARI,20:41:52.400,20:41:52.000,0.24
SARI,20:41:53.000,20:41:52.000,0.82
SARI,20:44:09.000,20:44:09.100,0.95
SARI,20:53:51.000,20:53:51.600,0.79
SARI,20:55:55.890,20:55:55.900,0.71
SARI,20:58:23.000,20:58:23.100,0.85
SARI,21:05:19.000,21:05:18.700,0.77
SARI,21:06:54.000,21:06:54.100,0.94
SARI,21:15:28.920,21:15:28.800,0.45
SARI,21:23:44.300,21:23:45.000,0.33
SARI,21:39:11.000,21:39:10.500,0.81
SARI,21:41:32.690,21:41:32.700,0.8
SARI,21:57:51.250,21:57:51.400,0.32
SARI,22:01:22.010,22:01:22.500,0.85
SARI,22:14:17.720,22:14:17.300,0.85
SARI,22:26:35.000,22:26:35.900,0.85
SARI,22:29:46.580,22:29:46.600,0.62
SARI,22:34:38.000,22:34:38.900,0.88
SARI,22:41:17.000,22:41:17.500,0.54
SARI,22:41:17.000,22:41:17.600,0.54
SARI,22:45:02.120,22:45:02.100,0.56
SARI,22:51:25.110,22:51:25.200,0.57
SARI,22:55:36.540,22:55:36.300,0.46
SARI,23:02:17.000,23:02:17.700,0.68
SARI,23:05:39.990,23:05:40.900,0.85
SARI,23:11:50.990,23:11:51.700,0.88
SARI,23:13:46.000,23:13:46.000,0.94
SARI,23:15:04.990,23:15:04.400,0.59
SARI,23:17:19.810,23:17:19.800,0.74
SARI,23:21:19.000,23:21:18.800,0.91
SARI,23:43:54.000,23:43:54.200,0.57
SARI,23:45:56.520,23:45:56.400,0.3
SARI,23:54:23.230,23:54:23.200,0.76
SAUV,08:25:03.990,08:25:04.400,0.33
SAUV,08:32:09.420,08:32:09.500,0.3
SAUV,09:53:16.120,09:53:15.400,0.44
SAUV,18:31:09.380,18:31:09.600,0.41
SDAG,05:29:01.820,05:29:01.600,0.58
SDAG,10:26:06.390,10:26:05.900,0.63
SDAG,12:03:22.000,12:03:22.700,0.8
SDAG,17:58:22.000,17:58:21.500,0.84
SDAG,18:58:14.770,18:58:14.700,0.24
SENK,00:16:27.000,00:16:27.000,0.74
SENK,01:18:55.000,01:18:54.600,0.91
SENK,01:48:24.000,01:48:24.600,0.63
SENK,05:13:04.800,05:13:04.000,0.16
SENK,10:26:03.000,10:26:02.600,0.82
SENK,19:41:22.010,19:41:22.300,0.67
SENK,19:51:52.010,19:51:51.600,0.74
SENK,20:45:24.000,20:45:23.300,0.21
SENK,22:37:32.390,22:37:32.500,0.82
SILT,03:30:42.490,03:30:42.300,0.54
SILT,08:32:20.300,08:32:20.300,0.32
SIMA,04:24:59.660,04:24:59.900,0.35
SIMA,17:58:13.000,17:58:13.700,0.94
SLVT,03:30:46.310,03:30:46.900,0.5
SLVT,04:24:52.810,04:24:53.200,0.69
SVAN,01:47:55.640,01:47:55.900,0.6
SVAN,02:19:23.710,02:19:23.100,0.19
SVAN,02:34:04.000,02:34:03.000,0.95
SVAN,02:52:27.520,02:52:27.800,0.75
SVAN,02:54:12.000,02:54:12.200,0.39
SVAN,03:19:09.000,03:19:09.100,0.48
SVAN,03:23:19.000,03:23:18.300,0.56
SVAN,03:29:22.000,03:29:21.700,0.32
SVAN,04:19:21.000,04:19:21.800,0.39
SVAN,05:02:33.000,05:02:33.700,0.39
SVAN,06:53:28.010,06:53:28.900,0.58
SVAN,07:59:26.760,07:59:27.400,0.56
SVAN,09:49:11.000,09:49:10.800,0.86
SVAN,17:18:05.730,17:18:05.800,0.5
SVAN,18:30:29.000,18:30:29.700,0.93
SVAN,19:51:35.000,19:51:35.600,0.94
SVAN,20:54:03.000,20:54:03.300,0.9
SVAN,22:40:53.000,22:40:52.600,0.55
SVAN,23:55:08.000,23:55:08.300,0.6
SVSK,01:18:18.800,01:18:18.300,0.48
SVSK,02:04:14.550,02:04:13.700,0.51
SVSK,02:24:01.630,02:24:00.700,0.1
SVSK,02:29:27.730,02:29:27.900,0.67
SVSK,02:32:08.280,02:32:08.900,0.39
SVSK,02:34:04.000,02:34:03.700,0.88
SVSK,03:01:51.000,03:01:50.100,0.93
SVSK,03:02:55.760,03:02:55.900,0.29
SVSK,03:05:22.000,03:05:21.900,0.92
SVSK,04:19:23.000,04:19:22.900,0.83
SVSK,05:04:16.000,05:04:15.000,0.78
SVSK,05:17:32.820,05:17:32.600,0.29
SVSK,05:27:03.110,05:27:03.900,0.27
SVSK,07:20:06.730,07:20:06.600,0.23
SVSK,07:26:35.000,07:26:34.600,0.91
SVSK,07:41:51.000,07:41:50.800,0.9
SVSK,09:09:04.950,09:09:04.200,0.11
SVSK,09:31:31.000,09:31:30.200,0.59
SVSK,09:49:21.000,09:49:21.200,0.4
SVSK,10:09:59.000,10:09:58.500,0.41
SVSK,10:25:21.000,10:25:21.700,0.44
SVSK,10:27:21.230,10:27:20.500,0.11
SVSK,10:32:43.000,10:32:42.400,0.61
SVSK,10:36:32.010,10:36:31.400,0.81
SVSK,12:14:22.000,12:14:22.300,0.34
SVSK,12:35:17.000,12:35:16.800,0.43
SVSK,12:48:33.000,12:48:32.800,0.79
SVSK,14:21:25.000,14:21:25.400,0.65
SVSK,14:30:32.840,14:30:32.900,0.62
SVSK,14:39:05.010,14:39:04.300,0.77
SVSK,15:34:07.030,15:34:06.400,0.26
SVSK,15:42:05.020,15:42:05.400,0.24
SVSK,15:53:21.230,15:53:21.000,0.25
SVSK,16:44:04.410,16:44:04.100,0.27
SVSK,17:05:18.000,17:05:18.100,0.73
SVSK,17:19:42.000,17:19:41.600,0.58
SVSK,17:26:58.570,17:26:57.700,0.5
SVSK,18:04:30.000,18:04:29.400,0.82
SVSK,18:20:33.000,18:20:33.300,0.64
SVSK,18:34:39.000,18:34:39.900,0.39
SVSK,18:44:38.000,18:44:37.500,0.84
SVSK,19:19:33.000,19:19:32.400,0.63
SVSK,19:31:33.000,19:31:33.100,0.96
SVSK,19:40:52.000,19:40:51.400,0.42
SVSK,19:44:17.000,19:44:16.300,0.84
SVSK,19:47:10.000,19:47:09.600,0.57
SVSK,19:50:13.560,19:50:13.500,0.52
SVSK,20:12:24.010,20:12:23.800,0.91
SVSK,20:28:45.010,20:28:44.400,0.56
SVSK,20:36:30.000,20:36:29.900,0.46
SVSK,20:38:37.000,20:38:36.400,0.83
SVSK,20:40:40.140,20:40:40.200,0.33
SVSK,20:44:35.290,20:44:35.600,0.15
SVSK,20:53:59.460,20:53:59.400,0.4
SVSK,21:15:50.870,21:15:50.800,0.32
SVSK,21:20:21.000,21:20:20.200,0.56
SVSK,21:32:41.000,21:32:41.300,0.94
SVSK,21:42:00.010,21:41:59.600,0.64
SVSK,21:58:17.870,21:58:18.200,0.22
SVSK,22:10:25.000,22:10:24.600,0.84
SVSK,22:12:09.000,22:12:09.300,0.65
SVSK,22:26:53.000,22:26:53.200,0.44
SVSK,22:28:38.120,22:28:37.700,0.57
SVSK,23:17:47.000,23:17:46.100,0.59
SVSK,23:46:15.000,23:46:15.900,0.83
SVSK,23:56:39.000,23:56:38.100,0.86
TAHT,01:17:54.120,01:17:53.500,0.82
TAHT,01:58:37.000,01:58:36.900,0.77
TAHT,02:23:34.000,02:23:33.500,0.75
TAHT,02:54:07.000,02:54:07.000,0.94
TAHT,02:56:43.000,02:56:42.400,0.76
TAHT,03:58:23.230,03:58:23.300,0.13
TAHT,04:08:07.000,04:08:06.500,0.95
TAHT,04:13:11.000,04:13:10.900,0.89
TAHT,04:24:17.290,04:24:17.400,0.9
TAHT,04:28:09.550,04:28:09.600,0.54
TAHT,04:31:26.740,04:31:26.600,0.77
TAHT,04:37:16.000,04:37:16.900,0.9
TAHT,04:48:04.000,04:48:04.600,0.7
TAHT,04:50:21.990,04:50:21.900,0.81
TAHT,05:06:46.320,05:06:47.100,0.31
TASB,00:16:25.000,00:16:24.500,0.77
TASB,15:26:19.000,15:26:19.600,0.91
TOKT,02:04:20.000,02:04:20.800,0.28
TOKT,04:19:31.000,04:19:30.400,0.71
TOKT,05:02:33.000,05:02:32.900,0.4
TOKT,05:09:25.000,05:09:25.800,0.92
TOKT,05:27:13.000,05:27:12.100,0.76
TOKT,09:49:28.790,09:49:28.500,0.37
TOKT,10:08:18.080,10:08:18.800,0.22
TOKT,12:14:29.000,12:14:28.800,0.28
TOKT,12:35:25.000,12:35:24.100,0.72
TOKT,12:48:38.840,12:48:38.600,0.32
TOKT,13:12:37.000,13:12:37.200,0.81
TOKT,13:18:23.240,13:18:23.200,0.18
TOKT,14:10:51.990,14:10:51.800,0.14
TOKT,14:27:41.270,14:27:41.400,0.26
TOKT,14:42:36.000,14:42:36.400,0.27
TOKT,14:51:59.000,14:51:59.400,0.5
TOKT,15:34:14.000,15:34:13.500,0.7
TOKT,15:53:28.380,15:53:28.100,0.18
TOKT,16:00:07.000,16:00:07.800,0.31
TOKT,17:19:49.000,17:19:48.700,0.61
TOKT,17:27:03.000,17:27:03.200,0.68
TOKT,17:41:16.410,17:41:16.300,0.24
TOKT,19:31:40.300,19:31:39.400,0.32
TOKT,19:47:17.000,19:47:17.400,0.63
TOKT,20:06:15.000,20:06:15.800,0.87
TOKT,20:12:30.000,20:12:30.100,0.4
TOKT,20:14:51.000,20:14:51.400,0.29
TOKT,20:22:34.000,20:22:33.700,0.78
TOKT,21:32:48.000,21:32:47.400,0.6
TOKT,21:58:23.000,21:58:23.500,0.92
TOKT,22:12:17.000,22:12:16.600,0.32
TOKT,23:41:55.000,23:41:55.500,0.4
TOKT,23:46:23.000,23:46:22.700,0.79
TOKT,23:56:44.870,23:56:44.700,0.13
URFA,01:27:21.000,01:27:20.100,0.54
URFA,01:52:11.000,01:52:10.600,0.83
URFA,02:03:54.280,02:03:54.400,0.74
URFA,02:10:31.500,02:10:30.700,0.54
URFA,02:26:48.990,02:26:48.700,0.64
URFA,02:29:15.000,02:29:14.700,0.89
URFA,02:33:42.990,02:33:42.900,0.77
URFA,02:34:43.000,02:34:42.700,0.62
URFA,03:01:30.000,03:01:29.700,0.58
URFA,03:02:37.600,03:02:37.100,0.69
URFA,03:05:01.000,03:05:00.100,0.59
URFA,03:08:03.270,03:08:03.100,0.4
URFA,03:10:39.130,03:10:39.100,0.36
URFA,03:12:01.000,03:12:01.900,0.7
URFA,03:16:29.000,03:16:29.600,0.73
URFA,03:29:01.000,03:29:00.400,0.95
URFA,03:43:29.000,03:43:28.400,0.82
URFA,04:03:42.000,04:03:41.400,0.56
URFA,04:08:19.410,04:08:19.500,0.11
URFA,04:19:02.710,04:19:02.500,0.79
URFA,04:25:09.000,04:25:09.500,0.9
URFA,04:40:06.000,04:40:06.100,0.75
URFA,04:56:31.000,04:56:31.700,0.95
URFA,05:02:08.020,05:02:08.300,0.63
URFA,05:03:56.000,05:03:56.300,0.95
URFA,05:17:15.000,05:17:14.700,0.89
URFA,05:20:04.370,05:20:03.800,0.82
URFA,05:23:08.000,05:23:07.400,0.76
URFA,05:30:30.000,05:30:29.600,0.89
URFA,05:31:40.390,05:31:40.500,0.38
URFA,05:33:27.000,05:33:26.700,0.91
URFA,05:40:53.720,05:40:53.600,0.65
URFA,05:42:01.000,05:42:01.000,0.45
URFA,05:43:18.140,05:43:17.400,0.56
URFA,05:49:46.010,05:49:45.500,0.94
URFA,05:54:19.000,05:54:18.300,0.93
URFA,05:56:05.960,05:56:05.100,0.58
URFA,06:02:01.000,06:02:00.800,0.93
URFA,06:18:17.000,06:18:16.900,0.86
URFA,06:28:08.270,06:28:07.300,0.46
URFA,06:34:26.270,06:34:25.300,0.8
URFA,06:40:10.010,06:40:10.100,0.91
URFA,06:43:44.280,06:43:43.300,0.61
URFA,06:50:06.550,06:50:05.900,0.79
URFA,06:53:06.840,06:53:06.900,0.66
URFA,06:55:21.000,06:55:21.100,0.95
URFA,07:06:51.000,07:06:50.100,0.87
URFA,07:09:13.000,07:09:12.900,0.68
URFA,07:13:43.000,07:13:42.500,0.62
URFA,07:19:47.000,07:19:46.600,0.94
URFA,07:26:20.010,07:26:20.100,0.86
URFA,07:36:05.660,07:36:06.200,0.13
URFA,07:41:31.740,07:41:31.900,0.69
URFA,07:47:53.000,07:47:53.700,0.73
URFA,07:50:47.490,07:50:47.000,0.42
URFA,08:06:59.000,08:06:58.200,0.92
URFA,08:15:09.940,08:15:09.400,0.13
URFA,08:15:10.020,08:15:09.400,0.5
URFA,08:21:55.810,08:21:54.900,0.6
URFA,08:36:26.280,08:36:26.300,0.83
URFA,08:38:41.000,08:38:40.900,0.96
URFA,08:44:59.360,08:44:59.400,0.74
URFA,09:21:18.000,09:21:17.700,0.86
URFA,09:36:48.540,09:36:47.900,0.15
URFA,09:54:43.000,09:54:42.400,0.9
URFA,10:07:51.950,10:07:51.700,0.84
URFA,10:12:32.280,10:12:31.800,0.94
URFA,10:21:57.740,10:21:57.700,0.45
URFA,10:25:16.840,10:25:16.200,0.83
URFA,10:39:22.000,10:39:21.700,0.78
URFA,11:12:07.000,11:12:06.800,0.83
URFA,11:28:15.000,11:28:15.700,0.79
URFA,11:31:05.000,11:31:05.700,0.95
URFA,11:34:41.000,11:34:41.100,0.86
URFA,11:35:52.000,11:35:51.200,0.94
URFA,11:44:29.000,11:44:28.400,0.92
URFA,11:49:13.000,11:49:13.400,0.86
URFA,11:58:58.800,11:58:58.400,0.26
URFA,12:35:02.370,12:35:01.500,0.35
URFA,12:39:37.000,12:39:36.100,0.96
URFA,13:00:35.000,13:00:35.000,0.66
URFA,13:18:19.000,13:18:18.700,0.68
URFA,13:39:48.000,13:39:47.700,0.91
URFA,13:52:24.700,13:52:24.800,0.65
URFA,14:03:31.000,14:03:30.300,0.63
URFA,14:21:10.840,14:21:10.200,0.55
URFA,14:23:02.290,14:23:02.400,0.4
URFA,14:27:35.000,14:27:34.500,0.85
URFA,14:33:25.790,14:33:26.200,0.31
URFA,14:51:30.460,14:51:29.500,0.4
URFA,15:01:57.990,15:01:57.400,0.74
URFA,15:06:47.010,15:06:47.200,0.75
URFA,15:08:30.000,15:08:30.400,0.82
URFA,15:14:52.990,15:14:52.800,0.52
URFA,15:21:57.470,15:21:57.300,0.32
URFA,15:38:25.000,15:38:25.400,0.86
URFA,15:51:43.000,15:51:42.500,0.83
URFA,15:53:03.000,15:53:02.800,0.91
URFA,15:54:32.000,15:54:31.500,0.33
URFA,16:02:41.000,16:02:40.300,0.61
URFA,16:07:13.000,16:07:12.200,0.92
URFA,16:35:34.840,16:35:34.300,0.94
URFA,16:41:42.030,16:41:42.600,0.49
URFA,16:49:40.250,16:49:40.700,0.21
URFA,16:52:21.990,16:52:21.400,0.51
URFA,16:56:01.010,16:56:00.200,0.91
URFA,17:00:05.000,17:00:04.800,0.8
URFA,17:05:07.010,17:05:06.700,0.94
URFA,17:06:10.040,17:06:09.900,0.36
URFA,17:10:29.710,17:10:29.500,0.49
URFA,17:12:14.000,17:12:13.900,0.15
URFA,17:25:15.000,17:25:15.500,0.77
URFA,17:33:28.990,17:33:29.400,0.57
URFA,17:39:39.000,17:39:39.500,0.87
URFA,17:55:03.000,17:55:02.100,0.66
URFA,18:04:31.000,18:04:30.300,0.86
URFA,18:10:45.000,18:10:44.300,0.72
URFA,18:20:22.990,18:20:22.900,0.29
URFA,18:27:11.730,18:27:12.200,0.47
URFA,18:32:55.140,18:32:55.900,0.29
URFA,18:51:48.000,18:51:47.800,0.96
URFA,18:56:09.960,18:56:09.600,0.8
URFA,19:11:07.000,19:11:07.000,0.86
URFA,19:15:31.000,19:15:30.900,0.92
URFA,19:21:41.240,19:21:40.800,0.13
URFA,19:40:34.000,19:40:34.000,0.92
URFA,19:44:05.290,19:44:04.500,0.79
URFA,19:46:50.270,19:46:50.200,0.88
URFA,19:58:33.000,19:58:33.600,0.78
URFA,20:05:45.000,20:05:45.600,0.33
URFA,20:12:11.730,20:12:11.600,0.5
URFA,20:13:32.010,20:13:32.300,0.86
URFA,20:21:17.210,20:21:16.700,0.68
URFA,20:26:29.720,20:26:29.500,0.71
URFA,20:35:23.450,20:35:23.400,0.64
URFA,20:36:19.000,20:36:19.700,0.71
URFA,20:38:20.280,20:38:19.400,0.88
URFA,20:40:27.550,20:40:27.300,0.51
URFA,20:41:54.420,20:41:54.900,0.44
URFA,21:06:58.340,21:06:57.900,0.72
URFA,21:20:06.510,21:20:06.100,0.52
URFA,21:21:24.340,21:21:24.200,0.56
URFA,21:42:01.000,21:42:00.300,0.68
URFA,21:52:01.000,21:52:00.900,0.81
URFA,21:58:19.000,21:58:18.900,0.91
URFA,22:05:10.000,22:05:09.400,0.8
URFA,22:06:34.790,22:06:35.000,0.3
URFA,22:11:57.000,22:11:56.400,0.9
URFA,22:14:29.000,22:14:28.600,0.92
URFA,22:16:37.000,22:16:36.300,0.88
URFA,22:20:19.000,22:20:19.300,0.72
URFA,22:21:10.610,22:21:09.800,0.42
URFA,22:26:43.000,22:26:42.400,0.89
URFA,22:38:01.000,22:38:01.900,0.84
URFA,22:40:22.380,22:40:21.900,0.23
URFA,22:45:28.030,22:45:28.400,0.59
URFA,22:59:25.560,22:59:25.500,0.24
URFA,23:02:19.000,23:02:18.600,0.88
URFA,23:13:04.280,23:13:04.300,0.9
URFA,23:15:06.290,23:15:06.200,0.18
URFA,23:32:22.000,23:32:21.700,0.72
URFA,23:38:52.230,23:38:51.400,0.22
URFA,23:43:51.350,23:43:50.400,0.58
URFA,23:48:58.360,23:48:57.600,0.41
URFA,23:56:27.610,23:56:28.300,0.49
UVEZ,08:24:57.400,08:24:57.200,0.58
UVEZ,08:32:04.480,08:32:04.500,0.81
UVEZ,09:53:09.320,09:53:09.300,0.77
UVEZ,18:26:29.550,18:26:29.900,0.66
UVEZ,18:31:14.030,18:31:14.100,0.54
VRTB,01:18:36.070,01:18:36.100,0.61
VRTB,01:48:01.000,01:48:01.300,0.96
VRTB,02:57:30.990,02:57:30.600,0.24
VRTB,03:18:52.730,03:18:52.900,0.31
VRTB,03:29:29.000,03:29:28.400,0.7
VRTB,05:12:45.990,05:12:46.100,0.81
YAYO,04:24:47.520,04:24:47.500,0.78
YAYX,01:18:23.000,01:18:24.000,0.89
YAYX,05:02:43.000,05:02:43.100,0.52
YAYX,05:09:24.150,05:09:24.300,0.5
YAYX,05:32:20.380,05:32:20.700,0.41
YAYX,05:37:24.670,05:37:25.200,0.8
YAYX,09:31:20.000,09:31:20.700,0.86
YAYX,09:32:38.000,09:32:38.600,0.58
YAYX,10:25:34.640,10:25:35.200,0.48
YAYX,12:31:13.000,12:31:13.200,0.33
YAYX,12:48:44.000,12:48:44.800,0.24
YAYX,14:45:28.720,14:45:27.900,0.89
YAYX,18:04:34.000,18:04:34.900,0.81
YAYX,21:58:24.000,21:58:23.900,0.64
YAYX,22:30:19.720,22:30:19.900,0.88
YAYX,23:17:52.270,23:17:52.500,0.45
YESY,10:25:34.630,10:25:33.900,0.34
YESY,22:30:19.000,22:30:19.200,0.25
