station,Phasenet-EQCCT_Average_pick_time,EQTransformer_pick_time,EQTransformer_pick_score,Phasenet_score,EQCCT_score
AGRB,09:09:22.610,09:09:22.640,0.72,0.6681878,0.73
AGRB,09:09:22.610,09:09:22.640,0.72,0.6681878,0.781
AGRB,09:09:22.610,09:09:22.640,0.72,0.6681878,0.736
AGRB,09:09:22.610,09:09:22.645,0.72,0.6681878,0.739
AKDM,19:16:50.000,19:16:49.815,0.66,0.31130502,0.612
AKDM,19:16:50.000,19:16:49.815,0.66,0.31130502,0.631
AKDM,19:16:50.000,19:16:49.820,0.66,0.31130502,0.564
AKDM,19:16:50.000,19:16:49.850,0.66,0.31130502,0.189
APMY,19:22:48.990,19:22:48.680,0.67,0.35241067,0.31
APMY,19:22:48.990,19:22:48.680,0.67,0.35241067,0.376
BLCB,09:24:25.400,09:24:25.700,0.38,0.6033962,0.718
BLCB,09:24:25.400,09:24:25.710,0.38,0.6033962,0.734
BLCB,09:24:25.400,09:24:25.710,0.38,0.6033962,0.762
BLCB,09:24:25.400,09:24:25.720,0.38,0.6033962,0.701
BLCB,09:24:25.400,09:24:26.105,0.38,0.6033962,0.394
BNGB,09:01:19.390,09:01:19.895,0.36,0.30866215,0.166
BNGB,09:01:19.390,09:01:19.895,0.36,0.30866215,0.18
BNGB,09:02:09.000,09:02:09.475,0.82,0.39531362,0.541
BNGB,09:02:09.000,09:02:09.480,0.82,0.39531362,0.438
BNGB,09:02:09.000,09:02:09.485,0.82,0.39531362,0.638
BNGB,09:02:09.000,09:02:09.505,0.82,0.39531362,0.604
BNGB,09:10:23.010,09:10:23.730,0.26,0.4970005,0.605
BNGB,09:10:23.010,09:10:23.730,0.26,0.4970005,0.591
BNGB,09:10:23.010,09:10:23.730,0.26,0.4970005,0.538
BNGB,09:11:38.810,09:11:38.690,0.23,0.630525,0.124
BNGB,09:11:38.810,09:11:38.690,0.23,0.630525,0.521
BNGB,09:11:38.810,09:11:38.720,0.23,0.630525,0.517
BNGB,09:28:34.550,09:28:34.550,0.66,0.94988513,0.817
BNGB,09:28:34.550,09:28:34.550,0.66,0.94988513,0.828
BNGB,09:28:34.550,09:28:34.550,0.66,0.94988513,0.778
BNGB,09:28:34.550,09:28:34.550,0.66,0.94988513,0.843
BNGB,09:33:47.730,09:33:47.435,0.61,0.6318297,0.297
BNGB,09:33:47.730,09:33:47.645,0.61,0.6318297,0.139
BNGB,09:33:47.730,09:33:47.690,0.61,0.6318297,0.509
BNGB,09:49:01.000,09:49:00.310,0.9,0.8363012,0.509
BNGB,09:49:01.000,09:49:00.615,0.9,0.8363012,0.216
BNGB,09:49:01.000,09:49:00.650,0.9,0.8363012,0.368
BNGB,09:49:01.000,09:49:00.725,0.9,0.8363012,0.236
BNGB,09:49:01.000,09:49:00.755,0.9,0.8363012,0.164
BNGB,09:57:14.010,09:57:13.940,0.71,0.31509113,0.393
BNGB,09:57:14.010,09:57:13.940,0.71,0.31509113,0.162
BNGB,09:57:14.010,09:57:13.940,0.71,0.31509113,0.275
BNGB,09:57:14.010,09:57:13.955,0.71,0.31509113,0.327
BNGB,09:58:40.290,09:58:40.755,0.19,0.53722453,0.601
BNGB,09:58:40.290,09:58:40.755,0.19,0.53722453,0.812
BNGB,09:58:40.290,09:58:40.810,0.19,0.53722453,0.112
BNGB,09:58:40.290,09:58:40.810,0.19,0.53722453,0.189
BNN ,09:24:19.000,09:24:19.150,0.88,0.32412487,0.863
BNN ,09:24:19.000,09:24:19.250,0.88,0.32412487,0.182
BNN ,09:31:06.000,09:31:06.005,0.94,0.75255704,0.924
BNN ,09:31:06.000,09:31:06.055,0.94,0.75255704,0.691
BNN ,09:31:06.000,09:31:06.060,0.94,0.75255704,0.695
BNN ,09:31:06.000,09:31:06.070,0.94,0.75255704,0.654
BNN ,09:32:23.740,09:32:23.785,0.6,0.41517603,0.599
BNN ,09:32:23.740,09:32:23.790,0.6,0.41517603,0.664
BNN ,09:32:23.740,09:32:23.795,0.6,0.41517603,0.659
BNN ,09:32:23.740,09:32:23.845,0.6,0.41517603,0.675
BODT,16:18:37.100,16:18:37.070,0.77,0.9831767,0.861
BODT,16:18:37.100,16:18:37.070,0.77,0.9831767,0.861
BODT,16:18:37.100,16:18:37.070,0.77,0.9831767,0.849
BODT,16:18:37.100,16:18:37.070,0.77,0.9831767,0.847
BODT,16:21:41.360,16:21:41.370,0.7,0.49517235,0.854
BODT,16:21:41.360,16:21:41.370,0.7,0.49517235,0.85
BODT,16:21:41.360,16:21:41.370,0.7,0.49517235,0.848
BODT,16:21:41.360,16:21:41.370,0.7,0.49517235,0.826
BODT,16:21:41.360,16:21:41.380,0.7,0.49517235,0.695
CANT,09:30:36.570,09:30:36.550,0.84,0.47459555,0.454
CANT,09:30:36.570,09:30:36.550,0.84,0.47459555,0.486
CANT,09:30:36.570,09:30:36.550,0.84,0.47459555,0.324
CANT,09:30:36.570,09:30:36.550,0.84,0.47459555,0.62
CEYT,09:01:49.310,09:01:48.320,0.33,0.37013486,0.185
CEYT,09:01:49.310,09:01:48.570,0.33,0.37013486,0.454
CEYT,09:01:49.310,09:01:48.585,0.33,0.37013486,0.386
CEYT,09:01:49.310,09:01:48.585,0.33,0.37013486,0.527
CEYT,09:05:36.230,09:05:36.265,0.85,0.357506,0.388
CEYT,09:05:36.230,09:05:36.265,0.85,0.357506,0.465
CEYT,09:05:36.230,09:05:36.265,0.85,0.357506,0.513
CEYT,09:12:02.000,09:12:02.035,0.94,0.6372152,0.936
CEYT,09:12:02.000,09:12:02.060,0.94,0.6372152,0.469
CEYT,09:12:02.000,09:12:02.090,0.94,0.6372152,0.631
CEYT,09:12:02.000,09:12:02.100,0.94,0.6372152,0.599
CHOM,03:19:17.820,03:19:18.240,0.25,0.43413585,0.422
CHOM,03:19:17.820,03:19:18.240,0.25,0.43413585,0.345
CHOM,03:19:17.820,03:19:18.280,0.25,0.43413585,0.429
CHOM,03:19:17.820,03:19:18.280,0.25,0.43413585,0.635
CHOM,03:19:17.820,03:19:18.290,0.25,0.43413585,0.592
CORM,14:25:50.060,14:25:49.875,0.5,0.27236658,0.224
CORM,14:25:50.060,14:25:49.875,0.5,0.27236658,0.367
DARE,09:09:37.000,09:09:37.590,0.57,0.3273939,0.18
DARE,09:12:09.000,09:12:08.240,0.68,0.5918102,0.821
DARE,09:12:09.000,09:12:08.385,0.68,0.5918102,0.194
DARE,09:12:09.000,09:12:08.555,0.68,0.5918102,0.438
DARE,09:21:15.000,09:21:14.865,0.87,0.9178511,0.157
DARE,09:21:15.000,09:21:14.890,0.87,0.9178511,0.315
DARE,09:21:15.000,09:21:14.910,0.87,0.9178511,0.499
DARE,09:28:37.000,09:28:37.255,0.82,0.28709462,0.183
DARE,09:28:37.000,09:28:37.305,0.82,0.28709462,0.303
DARE,09:29:45.420,09:29:45.260,0.18,0.3594328,0.793
DARE,09:29:45.420,09:29:45.485,0.18,0.3594328,0.502
DARE,09:29:45.420,09:29:45.485,0.18,0.3594328,0.468
DARE,09:29:45.420,09:29:45.490,0.18,0.3594328,0.15
DARE,09:35:35.790,09:35:35.855,0.17,0.4204997,0.476
DARE,09:35:35.790,09:35:35.865,0.17,0.4204997,0.206
DARE,09:35:35.790,09:35:35.870,0.17,0.4204997,0.394
DARE,09:35:35.790,09:35:35.870,0.17,0.4204997,0.388
DARE,09:44:10.000,09:44:10.020,0.93,0.59800994,0.965
DARE,09:44:10.000,09:44:10.035,0.93,0.59800994,0.584
DARE,09:44:10.000,09:44:10.060,0.93,0.59800994,0.105
DARE,09:57:36.370,09:57:36.055,0.12,0.41185948,0.615
DARE,09:57:36.370,09:57:36.135,0.12,0.41185948,0.655
DARE,09:57:36.370,09:57:36.135,0.12,0.41185948,0.453
DKL ,14:01:03.000,14:01:02.725,0.71,0.2807775,0.593
DKL ,14:01:03.000,14:01:02.740,0.71,0.2807775,0.146
DKL ,14:01:03.000,14:01:02.745,0.71,0.2807775,0.521
ERZN,09:20:59.250,09:20:59.440,0.64,0.99515754,0.911
ERZN,09:20:59.250,09:20:59.440,0.64,0.99515754,0.914
ERZN,09:20:59.250,09:20:59.445,0.64,0.99515754,0.908
ERZN,09:20:59.250,09:20:59.450,0.64,0.99515754,0.915
ERZN,09:20:59.250,09:20:59.775,0.64,0.99515754,0.228
ERZN,09:48:56.990,09:48:57.255,0.78,0.85751283,0.694
ERZN,09:48:56.990,09:48:57.515,0.78,0.85751283,0.654
ERZN,09:48:56.990,09:48:57.515,0.78,0.85751283,0.663
ERZN,09:48:56.990,09:48:57.515,0.78,0.85751283,0.52
GAZ ,09:00:10.440,09:00:10.380,0.78,0.3070713,0.725
GAZ ,09:01:51.470,09:01:51.195,0.37,0.35527924,0.409
GAZ ,09:01:51.470,09:01:51.195,0.37,0.35527924,0.381
GAZ ,09:01:51.470,09:01:51.275,0.37,0.35527924,0.409
GAZ ,09:01:51.470,09:01:51.290,0.37,0.35527924,0.288
GAZ ,09:01:51.470,09:01:51.625,0.37,0.35527924,0.617
GAZ ,09:03:37.000,09:03:37.145,0.86,0.466205,0.521
GAZ ,09:03:37.000,09:03:37.150,0.86,0.466205,0.55
GAZ ,09:03:37.000,09:03:37.170,0.86,0.466205,0.477
GAZ ,09:05:24.000,09:05:23.920,0.51,0.64608973,0.628
GAZ ,09:05:24.000,09:05:23.920,0.51,0.64608973,0.669
GAZ ,09:05:24.000,09:05:23.940,0.51,0.64608973,0.67
GAZ ,09:05:24.000,09:05:23.980,0.51,0.64608973,0.205
GAZ ,09:05:58.470,09:05:58.525,0.48,0.52563375,0.566
GAZ ,09:05:58.470,09:05:58.525,0.48,0.52563375,0.673
GAZ ,09:05:58.470,09:05:58.535,0.48,0.52563375,0.687
GAZ ,09:08:21.720,09:08:21.700,0.5,0.43887025,0.602
GAZ ,09:08:21.720,09:08:21.700,0.5,0.43887025,0.651
GAZ ,09:08:21.720,09:08:21.710,0.5,0.43887025,0.739
GAZ ,09:10:23.000,09:10:23.430,0.72,0.49694592,0.623
GAZ ,09:10:23.000,09:10:23.440,0.72,0.49694592,0.689
GAZ ,09:10:23.000,09:10:23.440,0.72,0.49694592,0.7
GAZ ,09:10:23.000,09:10:23.440,0.72,0.49694592,0.71
GAZ ,09:11:49.890,09:11:49.740,0.48,0.9366936,0.675
GAZ ,09:11:49.890,09:11:49.770,0.48,0.9366936,0.123
GAZ ,09:11:49.890,09:11:49.770,0.48,0.9366936,0.654
GAZ ,09:11:49.890,09:11:49.780,0.48,0.9366936,0.643
GAZ ,09:11:49.890,09:11:49.870,0.48,0.9366936,0.139
GAZ ,09:16:24.320,09:16:24.325,0.83,0.964856,0.841
GAZ ,09:16:24.320,09:16:24.325,0.83,0.964856,0.831
GAZ ,09:16:24.320,09:16:24.325,0.83,0.964856,0.82
GAZ ,09:21:13.000,09:21:12.910,0.91,0.50925165,0.797
GAZ ,09:21:13.000,09:21:12.910,0.91,0.50925165,0.836
GAZ ,09:21:13.000,09:21:12.920,0.91,0.50925165,0.835
GAZ ,09:21:13.000,09:21:12.920,0.91,0.50925165,0.832
GAZ ,09:25:41.720,09:25:41.925,0.77,0.4553473,0.617
GAZ ,09:25:41.720,09:25:41.925,0.77,0.4553473,0.467
GAZ ,09:25:41.720,09:25:41.940,0.77,0.4553473,0.509
GAZ ,09:25:41.720,09:25:41.950,0.77,0.4553473,0.88
GAZ ,09:29:51.430,09:29:51.350,0.27,0.29870683,0.511
GAZ ,09:29:51.430,09:29:51.370,0.27,0.29870683,0.574
GAZ ,09:30:27.080,09:30:27.025,0.37,0.74340034,0.605
GAZ ,09:30:27.080,09:30:27.035,0.37,0.74340034,0.696
GAZ ,09:30:27.080,09:30:27.045,0.37,0.74340034,0.515
GAZ ,09:30:27.080,09:30:27.045,0.37,0.74340034,0.706
GAZ ,09:30:27.080,09:30:27.045,0.37,0.74340034,0.695
GAZ ,09:31:38.010,09:31:38.305,0.69,0.40656283,0.295
GAZ ,09:31:38.010,09:31:38.305,0.69,0.40656283,0.5
GAZ ,09:31:38.010,09:31:38.330,0.69,0.40656283,0.275
GAZ ,09:34:04.000,09:34:04.065,0.92,0.295577,0.66
GAZ ,09:35:36.110,09:35:36.450,0.35,0.45148575,0.468
GAZ ,09:35:36.110,09:35:36.455,0.35,0.45148575,0.535
GAZ ,09:35:36.110,09:35:36.480,0.35,0.45148575,0.277
GAZ ,09:36:22.000,09:36:21.995,0.94,0.946771,0.663
GAZ ,09:36:22.000,09:36:22.015,0.94,0.946771,0.399
GAZ ,09:36:22.000,09:36:22.020,0.94,0.946771,0.959
GAZ ,09:36:22.000,09:36:22.025,0.94,0.946771,0.637
GAZ ,09:38:20.000,09:38:20.205,0.7,0.47551736,0.787
GAZ ,09:38:20.000,09:38:20.420,0.7,0.47551736,0.547
GAZ ,09:38:20.000,09:38:20.420,0.7,0.47551736,0.783
GAZ ,09:38:20.000,09:38:20.425,0.7,0.47551736,0.471
GAZ ,09:41:07.680,09:41:07.660,0.52,0.29313716,0.455
GAZ ,09:42:06.600,09:42:06.635,0.66,0.8486326,0.682
GAZ ,09:42:06.600,09:42:06.645,0.66,0.8486326,0.663
GAZ ,09:42:06.600,09:42:06.645,0.66,0.8486326,0.667
GAZ ,09:42:51.530,09:42:51.350,0.51,0.38307622,0.143
GAZ ,09:45:22.230,09:45:22.295,0.42,0.49351105,0.413
GAZ ,09:45:22.230,09:45:22.295,0.42,0.49351105,0.733
GAZ ,09:45:22.230,09:45:22.295,0.42,0.49351105,0.683
GAZ ,09:45:22.230,09:45:22.295,0.42,0.49351105,0.697
GAZ ,09:46:41.800,09:46:41.870,0.56,0.5685817,0.52
GAZ ,09:46:41.800,09:46:41.870,0.56,0.5685817,0.531
GAZ ,09:46:41.800,09:46:41.870,0.56,0.5685817,0.706
GAZ ,09:46:41.800,09:46:41.880,0.56,0.5685817,0.104
GAZ ,09:46:41.800,09:46:41.880,0.56,0.5685817,0.847
GAZ ,09:47:45.280,09:47:45.195,0.8,0.9777207,0.555
GAZ ,09:47:45.280,09:47:45.225,0.8,0.9777207,0.816
GAZ ,09:47:45.280,09:47:45.225,0.8,0.9777207,0.796
GAZ ,09:47:45.280,09:47:45.230,0.8,0.9777207,0.786
GAZ ,09:49:09.610,09:49:09.595,0.81,0.50199825,0.802
GAZ ,09:49:09.610,09:49:09.600,0.81,0.50199825,0.319
GAZ ,09:49:09.610,09:49:09.635,0.81,0.50199825,0.338
GAZ ,09:52:49.990,09:52:49.975,0.76,0.89192414,0.793
GAZ ,09:52:49.990,09:52:49.975,0.76,0.89192414,0.813
GAZ ,09:52:49.990,09:52:49.975,0.76,0.89192414,0.889
GAZ ,09:52:49.990,09:52:49.980,0.76,0.89192414,0.659
GAZ ,09:52:49.990,09:52:49.980,0.76,0.89192414,0.906
GAZ ,09:54:26.280,09:54:26.100,0.68,0.47611365,0.835
GAZ ,09:54:26.280,09:54:26.165,0.68,0.47611365,0.51
GAZ ,09:54:26.280,09:54:26.185,0.68,0.47611365,0.679
GAZ ,09:54:26.280,09:54:26.215,0.68,0.47611365,0.712
GAZ ,09:55:22.000,09:55:22.350,0.72,0.29195273,0.264
GAZ ,09:55:22.000,09:55:22.395,0.72,0.29195273,0.183
GAZ ,09:58:36.570,09:58:36.655,0.6,0.43130872,0.544
GAZ ,09:58:36.570,09:58:36.685,0.6,0.43130872,0.559
GAZ ,09:58:36.570,09:58:36.700,0.6,0.43130872,0.261
GAZ ,09:58:36.570,09:58:36.715,0.6,0.43130872,0.408
GULA,09:02:18.510,09:02:18.195,0.38,0.35963175,0.875
GULA,09:02:18.510,09:02:18.460,0.38,0.35963175,0.412
GULA,09:02:18.510,09:02:18.460,0.38,0.35963175,0.455
GULA,13:21:51.000,13:21:51.420,0.73,0.3133345,0.239
GULA,13:21:51.000,13:21:51.635,0.73,0.3133345,0.473
GULA,13:21:51.000,13:21:51.635,0.73,0.3133345,0.526
GULA,13:21:51.000,13:21:51.820,0.73,0.3133345,0.329
GULA,13:56:52.290,13:56:52.350,0.32,0.34613982,0.252
GULA,13:56:52.290,13:56:52.680,0.32,0.34613982,0.279
GULA,13:56:52.290,13:56:52.680,0.32,0.34613982,0.295
GULA,13:59:23.000,13:59:23.710,0.86,0.29957592,0.673
GULA,13:59:23.000,13:59:23.720,0.86,0.29957592,0.345
KARO,03:08:56.880,03:08:56.865,0.81,0.9831028,0.81
KARO,03:08:56.880,03:08:56.865,0.81,0.9831028,0.901
KARO,03:08:56.880,03:08:56.865,0.81,0.9831028,0.892
KARO,03:08:56.880,03:08:56.865,0.81,0.9831028,0.897
KARO,03:09:43.000,03:09:43.025,0.89,0.988523,0.915
KARO,03:09:43.000,03:09:43.040,0.89,0.988523,0.872
KARO,03:09:43.000,03:09:43.045,0.89,0.988523,0.885
KARO,03:09:43.000,03:09:43.050,0.89,0.988523,0.883
KARO,03:09:43.000,03:09:43.050,0.89,0.988523,0.883
KARO,03:10:53.000,03:10:52.990,0.96,0.90915525,0.667
KARO,03:10:53.000,03:10:52.990,0.96,0.90915525,0.962
KARO,03:10:53.000,03:10:52.995,0.96,0.90915525,0.903
KARO,03:10:53.000,03:10:53.005,0.96,0.90915525,0.886
KARO,03:10:53.000,03:10:53.005,0.96,0.90915525,0.883
KARO,03:11:27.710,03:11:27.710,0.73,0.3172839,0.647
KARO,03:11:27.710,03:11:27.720,0.73,0.3172839,0.375
KARO,03:11:27.710,03:11:27.720,0.73,0.3172839,0.765
KARO,03:12:40.070,03:12:40.030,0.76,0.97354126,0.897
KARO,03:12:40.070,03:12:40.045,0.76,0.97354126,0.903
KARO,03:12:40.070,03:12:40.045,0.76,0.97354126,0.913
KARO,03:12:40.070,03:12:40.045,0.76,0.97354126,0.91
KARO,03:12:40.070,03:12:40.045,0.76,0.97354126,0.909
KARO,03:17:39.970,03:17:39.910,0.85,0.9400629,0.784
KARO,03:17:39.970,03:17:39.915,0.85,0.9400629,0.858
KARO,03:17:39.970,03:17:39.915,0.85,0.9400629,0.848
KARO,03:17:39.970,03:17:39.915,0.85,0.9400629,0.84
KARO,03:17:39.970,03:17:39.925,0.85,0.9400629,0.829
KARO,03:18:47.000,03:18:46.955,0.96,0.98702556,0.146
KARO,03:18:47.000,03:18:46.955,0.96,0.98702556,0.866
KARO,03:18:47.000,03:18:46.955,0.96,0.98702556,0.849
KARO,03:18:47.000,03:18:46.965,0.96,0.98702556,0.859
KARO,03:18:47.000,03:18:46.970,0.96,0.98702556,0.861
KARO,03:20:37.110,03:20:37.075,0.81,0.54251933,0.608
KARO,03:20:37.110,03:20:37.075,0.81,0.54251933,0.432
KARO,03:20:37.110,03:20:37.075,0.81,0.54251933,0.786
KARO,03:20:37.110,03:20:37.075,0.81,0.54251933,0.813
KARO,03:20:37.110,03:20:37.085,0.81,0.54251933,0.542
KARO,03:33:36.370,03:33:36.355,0.56,0.97802764,0.635
KARO,03:33:36.370,03:33:36.360,0.56,0.97802764,0.847
KARO,03:33:36.370,03:33:36.360,0.56,0.97802764,0.86
KARO,03:33:36.370,03:33:36.360,0.56,0.97802764,0.86
KARO,03:33:36.370,03:33:36.375,0.56,0.97802764,0.86
KARO,03:40:16.010,03:40:15.585,0.69,0.4050621,0.112
KARO,03:40:16.010,03:40:15.610,0.69,0.4050621,0.351
KARO,03:40:16.010,03:40:15.610,0.69,0.4050621,0.32
KARO,03:40:16.010,03:40:15.630,0.69,0.4050621,0.463
KARO,03:42:01.220,03:42:01.205,0.82,0.99190825,0.919
KARO,03:42:01.220,03:42:01.205,0.82,0.99190825,0.918
KARO,03:42:01.220,03:42:01.205,0.82,0.99190825,0.926
KARO,03:42:01.220,03:42:01.205,0.82,0.99190825,0.916
KARO,03:42:01.220,03:42:01.210,0.82,0.99190825,0.779
KARO,03:45:29.470,03:45:29.420,0.82,0.42033544,0.791
KARO,03:45:29.470,03:45:29.420,0.82,0.42033544,0.851
KARO,03:45:29.470,03:45:29.420,0.82,0.42033544,0.463
KARO,03:45:29.470,03:45:29.420,0.82,0.42033544,0.824
KARO,03:54:23.990,03:54:23.920,0.86,0.5041532,0.834
KARO,03:54:23.990,03:54:23.925,0.86,0.5041532,0.737
KARO,03:54:23.990,03:54:23.925,0.86,0.5041532,0.842
KARO,03:54:23.990,03:54:23.930,0.86,0.5041532,0.788
KARO,03:56:23.740,03:56:23.900,0.55,0.40364546,0.544
KARO,03:56:23.740,03:56:23.900,0.55,0.40364546,0.557
KARO,03:56:23.740,03:56:23.930,0.55,0.40364546,0.566
KARO,03:57:41.720,03:57:41.720,0.91,0.93457264,0.894
KARO,03:57:41.720,03:57:41.720,0.91,0.93457264,0.882
KARO,03:57:41.720,03:57:41.720,0.91,0.93457264,0.88
KARO,03:57:41.720,03:57:41.720,0.91,0.93457264,0.882
KARO,03:57:41.720,03:57:41.720,0.91,0.93457264,0.849
KARO,09:03:19.830,09:03:19.805,0.88,0.48255154,0.359
KARO,09:03:19.830,09:03:19.810,0.88,0.48255154,0.705
KARO,09:03:19.830,09:03:19.825,0.88,0.48255154,0.879
KARO,09:21:26.170,09:21:26.075,0.6,0.42615244,0.572
KARO,09:21:26.170,09:21:26.115,0.6,0.42615244,0.655
KARO,09:21:26.170,09:21:26.115,0.6,0.42615244,0.547
KARO,09:21:26.170,09:21:26.115,0.6,0.42615244,0.548
KARO,09:30:21.000,09:30:20.150,0.42,0.3980786,0.273
KARO,09:30:21.000,09:30:20.365,0.42,0.3980786,0.223
KARO,09:35:11.010,09:35:11.100,0.89,0.98919594,0.902
KARO,09:35:11.010,09:35:11.100,0.89,0.98919594,0.9
KARO,09:35:11.010,09:35:11.100,0.89,0.98919594,0.905
KARO,09:35:11.010,09:35:11.100,0.89,0.98919594,0.893
KARO,09:52:25.400,09:52:25.390,0.94,0.49544504,0.41
KARO,09:52:25.400,09:52:25.395,0.94,0.49544504,0.441
KARO,09:52:25.400,09:52:25.395,0.94,0.49544504,0.912
KARO,09:52:25.400,09:52:25.395,0.94,0.49544504,0.586
KARS,00:16:20.540,00:16:20.245,0.87,0.7520437,0.871
KARS,00:16:20.540,00:16:20.265,0.87,0.7520437,0.229
KARS,00:16:20.540,00:16:20.495,0.87,0.7520437,0.463
KARS,00:16:20.540,00:16:20.495,0.87,0.7520437,0.332
KMRS,09:01:53.630,09:01:53.680,0.69,0.3004953,0.238
KMRS,09:01:53.630,09:01:53.690,0.69,0.3004953,0.339
KMRS,09:01:53.630,09:01:53.690,0.69,0.3004953,0.384
KMRS,09:01:53.630,09:01:53.745,0.69,0.3004953,0.772
KMRS,09:03:36.580,09:03:36.570,0.69,0.38078326,0.51
KMRS,09:03:36.580,09:03:36.580,0.69,0.38078326,0.222
KMRS,09:03:36.580,09:03:36.630,0.69,0.38078326,0.294
KMRS,09:04:38.710,09:04:38.555,0.87,0.67395115,0.575
KMRS,09:04:38.710,09:04:38.570,0.87,0.67395115,0.541
KMRS,09:04:38.710,09:04:38.605,0.87,0.67395115,0.479
KMRS,09:05:22.280,09:05:22.335,0.78,0.9466835,0.801
KMRS,09:05:22.280,09:05:22.335,0.78,0.9466835,0.888
KMRS,09:05:22.280,09:05:22.335,0.78,0.9466835,0.88
KMRS,09:05:22.280,09:05:22.335,0.78,0.9466835,0.881
KMRS,09:05:55.230,09:05:55.300,0.78,0.93186605,0.672
KMRS,09:05:55.230,09:05:55.300,0.78,0.93186605,0.728
KMRS,09:05:55.230,09:05:55.305,0.78,0.93186605,0.725
KMRS,09:07:46.000,09:07:46.380,0.8,0.3154556,0.472
KMRS,09:07:46.000,09:07:46.400,0.8,0.3154556,0.172
KMRS,09:07:46.000,09:07:46.400,0.8,0.3154556,0.206
KMRS,09:07:46.000,09:07:46.400,0.8,0.3154556,0.149
KMRS,09:10:22.060,09:10:22.025,0.7,0.9897337,0.886
KMRS,09:10:22.060,09:10:22.035,0.7,0.9897337,0.863
KMRS,09:10:22.060,09:10:22.035,0.7,0.9897337,0.867
KMRS,09:10:22.060,09:10:22.035,0.7,0.9897337,0.877
KMRS,09:11:47.320,09:11:47.170,0.41,0.9188046,0.755
KMRS,09:11:47.320,09:11:47.185,0.41,0.9188046,0.809
KMRS,09:11:47.320,09:11:47.185,0.41,0.9188046,0.82
KMRS,09:11:47.320,09:11:47.190,0.41,0.9188046,0.833
KMRS,09:12:33.300,09:12:33.325,0.74,0.93858016,0.749
KMRS,09:12:33.300,09:12:33.330,0.74,0.93858016,0.789
KMRS,09:12:33.300,09:12:33.330,0.74,0.93858016,0.769
KMRS,09:12:33.300,09:12:33.345,0.74,0.93858016,0.745
KMRS,09:14:23.720,09:14:23.795,0.88,0.48247224,0.663
KMRS,09:14:23.720,09:14:23.795,0.88,0.48247224,0.759
KMRS,09:14:23.720,09:14:23.795,0.88,0.48247224,0.73
KMRS,09:15:19.270,09:15:19.280,0.66,0.51522547,0.279
KMRS,09:15:19.270,09:15:19.295,0.66,0.51522547,0.473
KMRS,09:15:19.270,09:15:19.295,0.66,0.51522547,0.68
KMRS,09:16:23.480,09:16:23.455,0.77,0.49470314,0.825
KMRS,09:16:23.480,09:16:23.455,0.77,0.49470314,0.814
KMRS,09:16:23.480,09:16:23.455,0.77,0.49470314,0.788
KMRS,09:16:23.480,09:16:23.455,0.77,0.49470314,0.833
KMRS,09:17:11.430,09:17:11.390,0.8,0.86780065,0.772
KMRS,09:17:11.430,09:17:11.390,0.8,0.86780065,0.813
KMRS,09:17:11.430,09:17:11.395,0.8,0.86780065,0.789
KMRS,09:17:11.430,09:17:11.395,0.8,0.86780065,0.799
KMRS,09:19:55.880,09:19:55.915,0.51,0.3975745,0.435
KMRS,09:20:23.010,09:20:22.960,0.6,0.48616987,0.618
KMRS,09:20:23.010,09:20:22.970,0.6,0.48616987,0.731
KMRS,09:20:23.010,09:20:22.975,0.6,0.48616987,0.413
KMRS,09:23:58.010,09:23:57.975,0.93,0.6045623,0.944
KMRS,09:23:58.010,09:23:57.995,0.93,0.6045623,0.738
KMRS,09:23:58.010,09:23:58.010,0.93,0.6045623,0.711
KMRS,09:23:58.010,09:23:58.020,0.93,0.6045623,0.371
KMRS,09:25:40.310,09:25:40.125,0.85,0.77346784,0.667
KMRS,09:25:40.310,09:25:40.170,0.85,0.77346784,0.554
KMRS,09:25:40.310,09:25:40.180,0.85,0.77346784,0.543
KMRS,09:25:40.310,09:25:40.335,0.85,0.77346784,0.329
KMRS,09:27:33.570,09:27:33.600,0.67,0.48437616,0.155
KMRS,09:27:42.910,09:27:42.920,0.8,0.46385944,0.18
KMRS,09:27:42.910,09:27:42.930,0.8,0.46385944,0.232
KMRS,09:27:42.910,09:27:42.930,0.8,0.46385944,0.711
KMRS,09:27:42.910,09:27:42.930,0.8,0.46385944,0.701
KMRS,09:30:22.380,09:30:22.405,0.51,0.96774733,0.593
KMRS,09:30:22.380,09:30:22.420,0.51,0.96774733,0.82
KMRS,09:30:22.380,09:30:22.420,0.51,0.96774733,0.831
KMRS,09:30:22.380,09:30:22.425,0.51,0.96774733,0.835
KMRS,09:35:34.330,09:35:34.280,0.54,0.93591344,0.769
KMRS,09:35:34.330,09:35:34.285,0.54,0.93591344,0.762
KMRS,09:35:34.330,09:35:34.285,0.54,0.93591344,0.79
KMRS,09:36:21.290,09:36:21.520,0.23,0.7671766,0.514
KMRS,09:36:21.290,09:36:21.560,0.23,0.7671766,0.652
KMRS,09:36:21.290,09:36:21.565,0.23,0.7671766,0.569
KMRS,09:36:21.290,09:36:21.565,0.23,0.7671766,0.586
KMRS,09:38:17.950,09:38:17.900,0.66,0.2682999,0.853
KMRS,09:38:17.950,09:38:17.900,0.66,0.2682999,0.843
KMRS,09:38:17.950,09:38:17.900,0.66,0.2682999,0.828
KMRS,09:38:17.950,09:38:17.915,0.66,0.2682999,0.181
KMRS,09:38:17.950,09:38:17.935,0.66,0.2682999,0.936
KMRS,09:39:28.720,09:39:28.820,0.85,0.36703345,0.774
KMRS,09:39:28.720,09:39:28.830,0.85,0.36703345,0.84
KMRS,09:39:28.720,09:39:28.830,0.85,0.36703345,0.808
KMRS,09:39:28.720,09:39:28.830,0.85,0.36703345,0.839
KMRS,09:39:28.720,09:39:28.835,0.85,0.36703345,0.736
KMRS,09:40:27.560,09:40:27.945,0.35,0.2857235,0.315
KMRS,09:40:27.560,09:40:27.945,0.35,0.2857235,0.379
KMRS,09:40:27.560,09:40:27.950,0.35,0.2857235,0.433
KMRS,09:42:03.630,09:42:03.675,0.35,0.97075045,0.609
KMRS,09:42:03.630,09:42:03.675,0.35,0.97075045,0.757
KMRS,09:42:03.630,09:42:03.675,0.35,0.97075045,0.715
KMRS,09:42:03.630,09:42:03.680,0.35,0.97075045,0.813
KMRS,09:42:49.000,09:42:49.100,0.85,0.37117487,0.673
KMRS,09:42:49.000,09:42:49.105,0.85,0.37117487,0.598
KMRS,09:42:49.000,09:42:49.105,0.85,0.37117487,0.656
KMRS,09:42:49.000,09:42:49.105,0.85,0.37117487,0.864
KMRS,09:42:49.000,09:42:49.105,0.85,0.37117487,0.169
KMRS,09:45:23.860,09:45:24.005,0.5,0.35544637,0.27
KMRS,09:45:23.860,09:45:24.005,0.5,0.35544637,0.341
KMRS,09:45:23.860,09:45:24.010,0.5,0.35544637,0.298
KMRS,09:45:57.270,09:45:57.240,0.72,0.68380594,0.836
KMRS,09:45:57.270,09:45:57.240,0.72,0.68380594,0.879
KMRS,09:45:57.270,09:45:57.240,0.72,0.68380594,0.875
KMRS,09:45:57.270,09:45:57.240,0.72,0.68380594,0.845
KMRS,09:47:12.530,09:47:12.445,0.72,0.38148043,0.776
KMRS,09:47:50.740,09:47:50.730,0.78,0.56087,0.832
KMRS,09:47:50.740,09:47:50.730,0.78,0.56087,0.807
KMRS,09:47:50.740,09:47:50.730,0.78,0.56087,0.729
KMRS,09:47:50.740,09:47:50.740,0.78,0.56087,0.798
KMRS,09:48:21.380,09:48:21.370,0.76,0.977783,0.775
KMRS,09:48:21.380,09:48:21.375,0.76,0.977783,0.797
KMRS,09:48:21.380,09:48:21.380,0.76,0.977783,0.804
KMRS,09:49:10.010,09:49:10.040,0.91,0.33150992,0.168
KMRS,09:51:59.420,09:51:59.505,0.8,0.7060918,0.818
KMRS,09:51:59.420,09:51:59.505,0.8,0.7060918,0.843
KMRS,09:51:59.420,09:51:59.505,0.8,0.7060918,0.828
KMRS,09:51:59.420,09:51:59.515,0.8,0.7060918,0.819
KMRS,09:53:05.180,09:53:05.065,0.44,0.5057207,0.517
KMRS,09:53:05.180,09:53:05.150,0.44,0.5057207,0.806
KMRS,09:53:05.180,09:53:05.150,0.44,0.5057207,0.736
KMRS,09:53:05.180,09:53:05.150,0.44,0.5057207,0.717
KMRS,09:54:22.000,09:54:22.030,0.85,0.98509055,0.959
KMRS,09:54:22.000,09:54:22.050,0.85,0.98509055,0.772
KMRS,09:54:22.000,09:54:22.055,0.85,0.98509055,0.819
KMRS,09:54:22.000,09:54:22.055,0.85,0.98509055,0.805
KMRS,09:55:24.460,09:55:24.450,0.7,0.5636782,0.767
KMRS,09:55:24.460,09:55:24.450,0.7,0.5636782,0.533
KMRS,09:55:24.460,09:55:24.455,0.7,0.5636782,0.46
KMRS,09:55:24.460,09:55:24.455,0.7,0.5636782,0.686
KMRS,09:57:14.280,09:57:14.230,0.94,0.9316124,0.644
KMRS,09:57:14.280,09:57:14.245,0.94,0.9316124,0.824
KMRS,09:57:14.280,09:57:14.245,0.94,0.9316124,0.796
KMRS,09:57:14.280,09:57:14.245,0.94,0.9316124,0.712
KMRS,09:57:14.280,09:57:14.245,0.94,0.9316124,0.7
KMRS,09:58:10.000,09:58:10.160,0.42,0.6520808,0.625
KOZT,09:03:43.000,09:03:43.100,0.83,0.39949068,0.355
KOZT,09:03:43.000,09:03:43.345,0.83,0.39949068,0.199
KOZT,09:03:43.000,09:03:43.345,0.83,0.39949068,0.181
KOZT,09:05:34.010,09:05:34.110,0.68,0.42814675,0.932
KOZT,09:05:34.010,09:05:34.175,0.68,0.42814675,0.378
KOZT,09:05:34.010,09:05:34.180,0.68,0.42814675,0.36
KOZT,09:10:36.000,09:10:35.475,0.78,0.3082452,0.296
KOZT,09:10:36.000,09:10:35.485,0.78,0.3082452,0.345
KOZT,09:10:36.000,09:10:35.505,0.78,0.3082452,0.397
KOZT,09:12:00.000,09:11:59.200,0.52,0.8182734,0.589
KOZT,09:12:00.000,09:11:59.350,0.52,0.8182734,0.244
KOZT,09:12:00.000,09:11:59.415,0.52,0.8182734,0.606
KOZT,09:12:00.000,09:11:59.430,0.52,0.8182734,0.405
KOZT,09:18:23.000,09:18:22.355,0.91,0.27585548,0.636
KOZT,09:18:23.000,09:18:22.735,0.91,0.27585548,0.539
KOZT,09:18:23.000,09:18:22.760,0.91,0.27585548,0.465
KOZT,09:34:37.000,09:34:37.160,0.95,0.42258987,0.581
KOZT,09:34:37.000,09:34:37.170,0.95,0.42258987,0.507
KOZT,09:34:37.000,09:34:37.195,0.95,0.42258987,0.446
KOZT,09:35:46.000,09:35:45.960,0.48,0.3288247,0.564
KOZT,09:35:46.000,09:35:45.980,0.48,0.3288247,0.691
KOZT,09:35:46.000,09:35:45.980,0.48,0.3288247,0.667
KOZT,09:35:46.000,09:35:45.990,0.48,0.3288247,0.757
KOZT,09:36:32.310,09:36:32.300,0.42,0.731341,0.253
KOZT,09:36:32.310,09:36:32.550,0.42,0.731341,0.425
KOZT,09:36:32.310,09:36:32.550,0.42,0.731341,0.38
KOZT,09:36:32.310,09:36:32.705,0.42,0.731341,0.688
KOZT,09:38:34.720,09:38:34.320,0.31,0.32722083,0.901
KOZT,09:58:43.000,09:58:42.100,0.66,0.28122014,0.818
KOZT,09:58:43.000,09:58:42.120,0.66,0.28122014,0.293
KOZT,09:58:43.000,09:58:42.120,0.66,0.28122014,0.285
KULU,14:45:24.000,14:45:24.625,0.81,0.3982731,0.375
KULU,14:45:24.000,14:45:24.625,0.81,0.3982731,0.802
KULU,14:45:24.000,14:45:24.625,0.81,0.3982731,0.737
LFK ,09:24:08.310,09:24:07.495,0.21,0.3624966,0.114
LFK ,09:24:08.310,09:24:07.690,0.21,0.3624966,0.251
LFK ,09:24:08.310,09:24:07.925,0.21,0.3624966,0.779
LMOS,09:09:51.000,09:09:51.125,0.91,0.5181217,0.324
LMOS,09:09:51.000,09:09:51.605,0.91,0.5181217,0.651
LMOS,09:24:33.990,09:24:34.400,0.19,0.29720086,0.836
LMOS,16:25:54.990,16:25:54.255,0.48,0.3162586,0.805
LMOS,16:25:54.990,16:25:54.460,0.48,0.3162586,0.23
LMOS,16:25:54.990,16:25:54.510,0.48,0.3162586,0.175
LMOS,16:44:24.000,16:44:23.960,0.91,0.35532606,0.466
LOD ,09:55:08.640,09:55:08.605,0.63,0.49239507,0.185
LOD ,09:55:08.640,09:55:08.615,0.63,0.49239507,0.809
LOD ,09:55:08.640,09:55:08.615,0.63,0.49239507,0.851
LOD ,09:55:08.640,09:55:08.615,0.63,0.49239507,0.842
LOD ,09:55:08.640,09:55:08.625,0.63,0.49239507,0.786
MERS,09:02:03.000,09:02:03.195,0.95,0.44654343,0.574
MERS,09:02:03.000,09:02:03.300,0.95,0.44654343,0.635
MERS,09:02:03.000,09:02:03.305,0.95,0.44654343,0.127
MERS,09:02:03.000,09:02:03.310,0.95,0.44654343,0.757
MERS,09:02:03.000,09:02:03.665,0.95,0.44654343,0.913
MLAZ,09:21:19.380,09:21:19.210,0.49,0.9741137,0.93
MLAZ,09:21:19.380,09:21:19.395,0.49,0.9741137,0.333
MLAZ,09:21:19.380,09:21:19.405,0.49,0.9741137,0.658
MLAZ,09:21:19.380,09:21:19.405,0.49,0.9741137,0.636
MLAZ,09:21:19.380,09:21:19.440,0.49,0.9741137,0.442
SARI,09:02:07.000,09:02:07.105,0.93,0.40775174,0.882
SARI,09:02:07.000,09:02:07.170,0.93,0.40775174,0.419
SARI,09:02:07.000,09:02:07.210,0.93,0.40775174,0.533
SARI,09:02:07.000,09:02:07.225,0.93,0.40775174,0.531
SARI,09:04:55.010,09:04:54.725,0.91,0.30806544,0.288
SARI,09:04:55.010,09:04:54.770,0.91,0.30806544,0.369
SARI,09:04:55.010,09:04:54.780,0.91,0.30806544,0.612
SARI,09:04:55.010,09:04:54.835,0.91,0.30806544,0.325
SARI,09:10:41.000,09:10:40.110,0.7,0.3152649,0.489
SARI,09:10:41.000,09:10:40.255,0.7,0.3152649,0.196
SARI,09:10:41.000,09:10:40.255,0.7,0.3152649,0.182
SARI,09:12:05.000,09:12:04.895,0.92,0.55047184,0.471
SARI,09:12:05.000,09:12:04.915,0.92,0.55047184,0.494
SARI,09:12:05.000,09:12:04.930,0.92,0.55047184,0.952
SARI,09:12:05.000,09:12:04.930,0.92,0.55047184,0.653
SARI,09:24:12.080,09:24:12.585,0.14,0.34468877,0.601
SARI,09:24:12.080,09:24:12.655,0.14,0.34468877,0.173
SARI,09:27:04.300,09:27:04.185,0.39,0.2963254,0.79
SARI,09:27:04.300,09:27:04.440,0.39,0.2963254,0.177
SARI,09:36:38.990,09:36:38.830,0.77,0.72195965,0.651
SARI,09:36:38.990,09:36:38.830,0.77,0.72195965,0.815
SARI,09:36:38.990,09:36:38.830,0.77,0.72195965,0.758
SARI,09:36:38.990,09:36:38.895,0.77,0.72195965,0.641
SARI,09:38:34.000,09:38:34.985,0.23,0.36865506,0.372
SARI,09:38:34.000,09:38:34.985,0.23,0.36865506,0.331
SARI,09:38:34.000,09:38:34.985,0.23,0.36865506,0.34
SARI,09:39:04.000,09:39:04.080,0.85,0.3008007,0.724
SARI,09:42:19.000,09:42:19.195,0.67,0.4115157,0.766
SARI,09:42:19.000,09:42:19.350,0.67,0.4115157,0.371
SARI,09:42:19.000,09:42:19.360,0.67,0.4115157,0.446
SARI,09:42:19.000,09:42:19.360,0.67,0.4115157,0.283
SARI,09:52:20.000,09:52:19.880,0.9,0.332793,0.453
SARI,09:52:20.000,09:52:19.895,0.9,0.332793,0.162
SDAG,13:13:52.000,13:13:52.175,0.79,0.34012568,0.656
SDAG,13:13:52.000,13:13:52.240,0.79,0.34012568,0.191
SDAG,13:13:52.000,13:13:52.240,0.79,0.34012568,0.193
SDAG,13:13:52.000,13:13:52.240,0.79,0.34012568,0.216
SILT,08:32:20.300,08:32:20.125,0.32,0.34007606,0.764
SILT,08:32:20.300,08:32:20.190,0.32,0.34007606,0.377
SILT,08:32:20.300,08:32:20.190,0.32,0.34007606,0.388
TAHT,05:01:22.000,05:01:22.000,0.95,0.92910004,0.875
TAHT,05:01:22.000,05:01:22.000,0.95,0.92910004,0.859
TAHT,05:01:22.000,05:01:22.000,0.95,0.92910004,0.841
TAHT,05:01:22.000,05:01:22.000,0.95,0.92910004,0.904
TAHT,05:03:59.730,05:03:59.750,0.77,0.97830987,0.858
TAHT,05:03:59.730,05:03:59.750,0.77,0.97830987,0.87
TAHT,05:03:59.730,05:03:59.750,0.77,0.97830987,0.874
TAHT,05:03:59.730,05:03:59.750,0.77,0.97830987,0.88
URFA,14:08:48.720,14:08:48.750,0.68,0.50276345,0.684
URFA,14:08:48.720,14:08:48.780,0.68,0.50276345,0.48
URFA,14:10:36.000,14:10:35.795,0.9,0.38793367,0.391
URFA,14:10:36.000,14:10:35.805,0.9,0.38793367,0.464
URFA,14:10:36.000,14:10:35.875,0.9,0.38793367,0.794
URFA,14:21:10.840,14:21:11.245,0.55,0.93643194,0.792
URFA,14:21:10.840,14:21:11.245,0.55,0.93643194,0.771
URFA,14:21:10.840,14:21:11.250,0.55,0.93643194,0.584
URFA,14:21:10.840,14:21:11.260,0.55,0.93643194,0.703
URFA,14:27:35.000,14:27:34.695,0.85,0.27406734,0.27
URFA,14:27:35.000,14:27:34.695,0.85,0.27406734,0.287
URFA,14:27:35.000,14:27:34.710,0.85,0.27406734,0.237
URFA,14:31:21.260,14:31:21.165,0.63,0.45207897,0.684
URFA,14:31:21.260,14:31:21.360,0.63,0.45207897,0.376
URFA,14:31:21.260,14:31:21.360,0.63,0.45207897,0.746
URFA,14:31:21.260,14:31:21.365,0.63,0.45207897,0.496
URFA,14:34:22.000,14:34:21.030,0.95,0.3345546,0.191
URFA,14:39:34.380,14:39:34.505,0.49,0.3410728,0.219
URFA,14:44:39.000,14:44:39.525,0.9,0.27918205,0.126
URFA,14:44:39.000,14:44:39.535,0.9,0.27918205,0.241
URFA,14:44:39.000,14:44:39.675,0.9,0.27918205,0.472
URFA,14:51:30.460,14:51:30.170,0.4,0.77028483,0.829
URFA,14:51:30.460,14:51:30.370,0.4,0.77028483,0.209
URFA,14:51:30.460,14:51:30.375,0.4,0.77028483,0.388
URFA,14:51:30.460,14:51:30.375,0.4,0.77028483,0.596
URFA,14:51:30.460,14:51:30.375,0.4,0.77028483,0.394
URFA,14:58:08.710,14:58:08.225,0.44,0.6834258,0.724
URFA,14:58:08.710,14:58:08.490,0.44,0.6834258,0.528
URFA,14:58:08.710,14:58:08.490,0.44,0.6834258,0.615
URFA,14:58:08.710,14:58:08.490,0.44,0.6834258,0.443
YAYX,14:07:12.560,14:07:12.550,0.91,0.79997945,0.893
YAYX,14:07:12.560,14:07:12.550,0.91,0.79997945,0.898
YAYX,14:07:12.560,14:07:12.550,0.91,0.79997945,0.899
YAYX,14:07:12.560,14:07:12.550,0.91,0.79997945,0.904
YAYX,14:07:12.560,14:07:12.555,0.91,0.79997945,0.494
YAYX,14:45:28.720,14:45:28.645,0.89,0.40117577,0.591
YAYX,14:45:28.720,14:45:28.650,0.89,0.40117577,0.582
YAYX,14:45:28.720,14:45:28.650,0.89,0.40117577,0.597
YAYX,14:45:28.720,14:45:28.650,0.89,0.40117577,0.56
